# SEED 42 | PHASE 4: phase4_holdout.py
# started: 2026-04-27T20:25:26.453055

✓ Phase 0 loaded: Config, models, utilities ready
  OUTPUT_DIR: C:\Users\dd7726\MOLM\outputs\seeds\seed_42
  FEATURE_TYPES: ['onehot', 'esm2', 'fusion_esm2']
  GPU: 1 available
============================================================
PHASE 4: Held-Out Mutation Site Evaluation
============================================================
  ✓ Loaded: C:\Users\dd7726\MOLM\outputs\phase1\features.pkl
[20:25:45] Planned work: 2 modes, 8 sites/mode, 21 jobs/site, 336 total jobs

🧬 Held-out evaluation (TOP-PERFORMING)...
  Sites: [33, 50, 54, 55, 56, 95, 97, 102], Primary: Fusion-ESM2
[20:25:45] Mode 1/2 start: TOP-PERFORMING | 8 sites, 21 jobs/site
[20:25:45] Mode 1/2 | Site 1/8 start: Kabat 33, residue 'V', train=3093, test=907
[20:25:45] Job 1/336 | Site Kabat 33 | MOLM OneHot start
[20:25:46] 🔄 RNG Reset: seed=42 (MOLM-OneHot site 33)
  Ep  1/25 | Acc: 0.481/0.579 | Gap: +0.02/+0.11 | GradCos: +0.010
  Ep  5/25 | Acc: 0.868/0.874 | Gap: +1.06/+1.33 | GradCos: +0.039
  Ep 10/25 | Acc: 0.897/0.900 | Gap: +1.48/+1.63 | GradCos: +0.112
  Ep 15/25 | Acc: 0.908/0.918 | Gap: +1.69/+1.85 | GradCos: +0.040
  Ep 20/25 | Acc: 0.923/0.916 | Gap: +1.86/+1.92 | GradCos: +0.038
  Ep 25/25 | Acc: 0.930/0.926 | Gap: +1.98/+2.09 | GradCos: +0.025
    MOLM (OneHot      ) Aff:0.9261 MCC:0.771 | Spec:0.9239 MCC:0.823
[20:26:30] Job 1/336 | Site Kabat 33 | MOLM OneHot done in 45s
[20:26:30] Job 2/336 | Site Kabat 33 | MOLM-ST OneHot affinity start
[20:26:30] 🔄 RNG Reset: seed=542 (MOLM-ST affinity)
  ST affinity Ep  1/25 | Loss: 0.3321
  ST affinity Ep  5/25 | Loss: 0.1105
  ST affinity Ep 10/25 | Loss: 0.0971
  ST affinity Ep 15/25 | Loss: 0.0925
  ST affinity Ep 20/25 | Loss: 0.0795
  ST affinity Ep 25/25 | Loss: 0.0714
[20:26:49] Job 2/336 | Site Kabat 33 | MOLM-ST OneHot affinity done in 19s
[20:26:49] Job 3/336 | Site Kabat 33 | MOLM-ST OneHot specificity start
[20:26:50] 🔄 RNG Reset: seed=642 (MOLM-ST specificity)
  ST specificity Ep  1/25 | Loss: 0.4206
  ST specificity Ep  5/25 | Loss: 0.1041
  ST specificity Ep 10/25 | Loss: 0.0822
  ST specificity Ep 15/25 | Loss: 0.0735
  ST specificity Ep 20/25 | Loss: 0.0691
  ST specificity Ep 25/25 | Loss: 0.0617
[20:27:08] Job 3/336 | Site Kabat 33 | MOLM-ST OneHot specificity done in 19s
    MOLM-ST (OneHot      ) Aff:0.9372 MCC:0.805 | Spec:0.9074 MCC:0.794
[20:27:08] Job 4/336 | Site Kabat 33 | MOLM ESM2 start
[20:27:08] 🔄 RNG Reset: seed=142 (MOLM-ESM2 site 33)
  Ep  1/25 | Acc: 0.501/0.528 | Gap: +0.01/+0.03 | GradCos: +0.025
  Ep  5/25 | Acc: 0.710/0.799 | Gap: +0.47/+0.70 | GradCos: +0.132
  Ep 10/25 | Acc: 0.800/0.880 | Gap: +0.86/+1.21 | GradCos: +0.176
  Ep 15/25 | Acc: 0.829/0.882 | Gap: +1.05/+1.37 | GradCos: +0.175
  Ep 20/25 | Acc: 0.842/0.888 | Gap: +1.18/+1.41 | GradCos: +0.087
  Ep 25/25 | Acc: 0.857/0.886 | Gap: +1.34/+1.51 | GradCos: +0.166
    MOLM (ESM2        ) Aff:0.8280 MCC:0.612 | Spec:0.8534 MCC:0.695
[20:27:49] Job 4/336 | Site Kabat 33 | MOLM ESM2 done in 41s
[20:27:49] Job 5/336 | Site Kabat 33 | MOLM-ST ESM2 affinity start
[20:27:49] 🔄 RNG Reset: seed=642 (MOLM-ST affinity)
  ST affinity Ep  1/25 | Loss: 0.4006
  ST affinity Ep  5/25 | Loss: 0.2775
  ST affinity Ep 10/25 | Loss: 0.1796
  ST affinity Ep 15/25 | Loss: 0.1450
  ST affinity Ep 20/25 | Loss: 0.1351
  ST affinity Ep 25/25 | Loss: 0.1264
[20:28:07] Job 5/336 | Site Kabat 33 | MOLM-ST ESM2 affinity done in 18s
[20:28:07] Job 6/336 | Site Kabat 33 | MOLM-ST ESM2 specificity start
[20:28:07] 🔄 RNG Reset: seed=742 (MOLM-ST specificity)
  ST specificity Ep  1/25 | Loss: 0.4822
  ST specificity Ep  5/25 | Loss: 0.1739
  ST specificity Ep 10/25 | Loss: 0.1209
  ST specificity Ep 15/25 | Loss: 0.1094
  ST specificity Ep 20/25 | Loss: 0.1039
  ST specificity Ep 25/25 | Loss: 0.1019
[20:28:24] Job 6/336 | Site Kabat 33 | MOLM-ST ESM2 specificity done in 17s
    MOLM-ST (ESM2        ) Aff:0.8920 MCC:0.711 | Spec:0.8886 MCC:0.738
[20:28:24] Job 7/336 | Site Kabat 33 | MOLM Fusion-ESM2 start
[20:28:24] 🔄 RNG Reset: seed=242 (MOLM-Fusion-ESM2 site 33)
  Ep  1/25 | Acc: 0.540/0.505 | Gap: +0.05/+0.05 | GradCos: -0.012
  Ep  5/25 | Acc: 0.876/0.872 | Gap: +1.18/+1.29 | GradCos: +0.100
  Ep 10/25 | Acc: 0.892/0.900 | Gap: +1.58/+1.65 | GradCos: +0.056
  Ep 15/25 | Acc: 0.907/0.916 | Gap: +1.86/+1.81 | GradCos: -0.025
  Ep 20/25 | Acc: 0.915/0.903 | Gap: +1.89/+1.91 | GradCos: +0.035
  Ep 25/25 | Acc: 0.916/0.916 | Gap: +1.97/+2.09 | GradCos: +0.064
    MOLM (Fusion-ESM2 ) Aff:0.9195 MCC:0.787 | Spec:0.8964 MCC:0.779
[20:29:09] Job 7/336 | Site Kabat 33 | MOLM Fusion-ESM2 done in 45s
[20:29:09] Job 8/336 | Site Kabat 33 | MOLM-ST Fusion-ESM2 affinity start
[20:29:09] 🔄 RNG Reset: seed=742 (MOLM-ST affinity)
  ST affinity Ep  1/25 | Loss: 0.3500
  ST affinity Ep  5/25 | Loss: 0.1139
  ST affinity Ep 10/25 | Loss: 0.1010
  ST affinity Ep 15/25 | Loss: 0.0955
  ST affinity Ep 20/25 | Loss: 0.0843
  ST affinity Ep 25/25 | Loss: 0.0784
[20:29:31] Job 8/336 | Site Kabat 33 | MOLM-ST Fusion-ESM2 affinity done in 22s
[20:29:31] Job 9/336 | Site Kabat 33 | MOLM-ST Fusion-ESM2 specificity start
[20:29:31] 🔄 RNG Reset: seed=842 (MOLM-ST specificity)
  ST specificity Ep  1/25 | Loss: 0.4277
  ST specificity Ep  5/25 | Loss: 0.1058
  ST specificity Ep 10/25 | Loss: 0.0909
  ST specificity Ep 15/25 | Loss: 0.0802
  ST specificity Ep 20/25 | Loss: 0.0737
  ST specificity Ep 25/25 | Loss: 0.0684
[20:29:51] Job 9/336 | Site Kabat 33 | MOLM-ST Fusion-ESM2 specificity done in 20s
    MOLM-ST (Fusion-ESM2 ) Aff:0.9394 MCC:0.820 | Spec:0.9217 MCC:0.821
[20:29:51] Job 10/336 | Site Kabat 33 | NN OneHot affinity start
[20:29:51] 🔄 RNG Reset: seed=42 (NN-OneHot site 33 aff)
[20:30:03] Job 10/336 | Site Kabat 33 | NN OneHot affinity done in 12s
[20:30:03] Job 11/336 | Site Kabat 33 | NN OneHot specificity start
[20:30:03] 🔄 RNG Reset: seed=92 (NN-OneHot site 33 spec)
[20:30:15] Job 11/336 | Site Kabat 33 | NN OneHot specificity done in 12s
    NN (OneHot      )    Aff:0.9361 MCC:0.812 | Spec:0.9085 MCC:0.796
[20:30:15] Job 12/336 | Site Kabat 33 | NN ESM2 affinity start
[20:30:15] 🔄 RNG Reset: seed=342 (NN-ESM2 site 33 aff)
[20:30:23] Job 12/336 | Site Kabat 33 | NN ESM2 affinity done in 8s
[20:30:24] Job 13/336 | Site Kabat 33 | NN ESM2 specificity start
[20:30:24] 🔄 RNG Reset: seed=392 (NN-ESM2 site 33 spec)
[20:30:32] Job 13/336 | Site Kabat 33 | NN ESM2 specificity done in 8s
    NN (ESM2        )    Aff:0.9118 MCC:0.730 | Spec:0.8831 MCC:0.735
[20:30:32] Job 14/336 | Site Kabat 33 | NN Fusion-ESM2 affinity start
[20:30:32] 🔄 RNG Reset: seed=242 (NN-Fusion-ESM2 site 33 aff)
[20:30:44] Job 14/336 | Site Kabat 33 | NN Fusion-ESM2 affinity done in 12s
[20:30:44] Job 15/336 | Site Kabat 33 | NN Fusion-ESM2 specificity start
[20:30:45] 🔄 RNG Reset: seed=292 (NN-Fusion-ESM2 site 33 spec)
[20:30:57] Job 15/336 | Site Kabat 33 | NN Fusion-ESM2 specificity done in 12s
    NN (Fusion-ESM2 )    Aff:0.9338 MCC:0.807 | Spec:0.9096 MCC:0.803
[20:30:57] Job 16/336 | Site Kabat 33 | LDA OneHot fit/eval start
[20:31:07] Job 17/336 | Site Kabat 33 | LDA OneHot done in 10s
    LDA (OneHot      )  Aff:0.9096 MCC:0.757 | Spec:0.8820 MCC:0.754
[20:31:07] Job 18/336 | Site Kabat 33 | LDA ESM2 fit/eval start
[20:31:07] Job 19/336 | Site Kabat 33 | LDA ESM2 done in 1s
    LDA (ESM2        )  Aff:0.8908 MCC:0.717 | Spec:0.8368 MCC:0.577
[20:31:07] Job 20/336 | Site Kabat 33 | LDA Fusion-ESM2 fit/eval start
[20:31:17] Job 21/336 | Site Kabat 33 | LDA Fusion-ESM2 done in 10s
    LDA (Fusion-ESM2 )  Aff:0.8611 MCC:0.667 | Spec:0.8611 MCC:0.643
[20:31:17] Mode 1/2 | Site 1/8 done: Kabat 33 in 5.5m
[20:31:18] Mode 1/2 | Site 2/8 start: Kabat 50, residue 'E', train=3572, test=428
[20:31:18] Job 22/336 | Site Kabat 50 | MOLM OneHot start
[20:31:18] 🔄 RNG Reset: seed=43 (MOLM-OneHot site 50)
  Ep  1/25 | Acc: 0.548/0.614 | Gap: +0.13/+0.21 | GradCos: +0.017
  Ep  5/25 | Acc: 0.867/0.882 | Gap: +1.46/+1.35 | GradCos: -0.003
  Ep 10/25 | Acc: 0.886/0.896 | Gap: +1.66/+1.64 | GradCos: +0.046
  Ep 15/25 | Acc: 0.906/0.917 | Gap: +1.91/+1.88 | GradCos: -0.001
  Ep 20/25 | Acc: 0.919/0.918 | Gap: +2.02/+1.95 | GradCos: +0.037
  Ep 25/25 | Acc: 0.917/0.919 | Gap: +2.05/+2.05 | GradCos: +0.015
    MOLM (OneHot      ) Aff:0.9720 MCC:0.238 | Spec:0.8037 MCC:0.325
[20:32:05] Job 22/336 | Site Kabat 50 | MOLM OneHot done in 48s
[20:32:05] Job 23/336 | Site Kabat 50 | MOLM-ST OneHot affinity start
[20:32:06] 🔄 RNG Reset: seed=543 (MOLM-ST affinity)
  ST affinity Ep  1/25 | Loss: 0.3224
  ST affinity Ep  5/25 | Loss: 0.1080
  ST affinity Ep 10/25 | Loss: 0.0925
  ST affinity Ep 15/25 | Loss: 0.0893
  ST affinity Ep 20/25 | Loss: 0.0853
  ST affinity Ep 25/25 | Loss: 0.0803
[20:32:29] Job 23/336 | Site Kabat 50 | MOLM-ST OneHot affinity done in 24s
[20:32:29] Job 24/336 | Site Kabat 50 | MOLM-ST OneHot specificity start
[20:32:30] 🔄 RNG Reset: seed=643 (MOLM-ST specificity)
  ST specificity Ep  1/25 | Loss: 0.3893
  ST specificity Ep  5/25 | Loss: 0.1018
  ST specificity Ep 10/25 | Loss: 0.0842
  ST specificity Ep 15/25 | Loss: 0.0753
  ST specificity Ep 20/25 | Loss: 0.0718
  ST specificity Ep 25/25 | Loss: 0.0670
[20:32:55] Job 24/336 | Site Kabat 50 | MOLM-ST OneHot specificity done in 26s
    MOLM-ST (OneHot      ) Aff:0.9766 MCC:0.366 | Spec:0.7407 MCC:0.289
[20:32:55] Job 25/336 | Site Kabat 50 | MOLM ESM2 start
[20:32:55] 🔄 RNG Reset: seed=143 (MOLM-ESM2 site 50)
  Ep  1/25 | Acc: 0.474/0.549 | Gap: +0.02/+0.01 | GradCos: -0.050
  Ep  5/25 | Acc: 0.694/0.757 | Gap: +0.36/+0.55 | GradCos: +0.056
  Ep 10/25 | Acc: 0.791/0.860 | Gap: +0.82/+1.09 | GradCos: +0.093
  Ep 15/25 | Acc: 0.828/0.880 | Gap: +1.06/+1.29 | GradCos: +0.134
  Ep 20/25 | Acc: 0.847/0.881 | Gap: +1.19/+1.43 | GradCos: +0.073
  Ep 25/25 | Acc: 0.861/0.882 | Gap: +1.30/+1.42 | GradCos: +0.125
    MOLM (ESM2        ) Aff:0.9766 MCC:0.366 | Spec:0.8995 MCC:0.341
[20:33:49] Job 25/336 | Site Kabat 50 | MOLM ESM2 done in 53s
[20:33:49] Job 26/336 | Site Kabat 50 | MOLM-ST ESM2 affinity start
[20:33:49] 🔄 RNG Reset: seed=643 (MOLM-ST affinity)
  ST affinity Ep  1/25 | Loss: 0.3774
  ST affinity Ep  5/25 | Loss: 0.2355
  ST affinity Ep 10/25 | Loss: 0.1745
  ST affinity Ep 15/25 | Loss: 0.1465
  ST affinity Ep 20/25 | Loss: 0.1352
  ST affinity Ep 25/25 | Loss: 0.1288
[20:34:12] Job 26/336 | Site Kabat 50 | MOLM-ST ESM2 affinity done in 23s
[20:34:12] Job 27/336 | Site Kabat 50 | MOLM-ST ESM2 specificity start
[20:34:12] 🔄 RNG Reset: seed=743 (MOLM-ST specificity)
  ST specificity Ep  1/25 | Loss: 0.6463
  ST specificity Ep  5/25 | Loss: 0.1949
  ST specificity Ep 10/25 | Loss: 0.1277
  ST specificity Ep 15/25 | Loss: 0.1117
  ST specificity Ep 20/25 | Loss: 0.1072
  ST specificity Ep 25/25 | Loss: 0.1069
[20:34:36] Job 27/336 | Site Kabat 50 | MOLM-ST ESM2 specificity done in 24s
    MOLM-ST (ESM2        ) Aff:0.9696 MCC:0.224 | Spec:0.8762 MCC:0.355
[20:34:36] Job 28/336 | Site Kabat 50 | MOLM Fusion-ESM2 start
[20:34:37] 🔄 RNG Reset: seed=243 (MOLM-Fusion-ESM2 site 50)
  Ep  1/25 | Acc: 0.568/0.486 | Gap: +0.12/+0.07 | GradCos: +0.051
  Ep  5/25 | Acc: 0.863/0.873 | Gap: +1.25/+1.21 | GradCos: -0.008
  Ep 10/25 | Acc: 0.897/0.897 | Gap: +1.61/+1.56 | GradCos: +0.076
  Ep 15/25 | Acc: 0.908/0.911 | Gap: +1.81/+1.72 | GradCos: +0.051
  Ep 20/25 | Acc: 0.915/0.914 | Gap: +1.98/+1.85 | GradCos: +0.039
  Ep 25/25 | Acc: 0.926/0.921 | Gap: +2.05/+1.96 | GradCos: -0.001
    MOLM (Fusion-ESM2 ) Aff:0.9673 MCC:0.212 | Spec:0.7804 MCC:0.298
[20:35:30] Job 28/336 | Site Kabat 50 | MOLM Fusion-ESM2 done in 53s
[20:35:30] Job 29/336 | Site Kabat 50 | MOLM-ST Fusion-ESM2 affinity start
[20:35:30] 🔄 RNG Reset: seed=743 (MOLM-ST affinity)
  ST affinity Ep  1/25 | Loss: 0.3405
  ST affinity Ep  5/25 | Loss: 0.1224
  ST affinity Ep 10/25 | Loss: 0.1020
  ST affinity Ep 15/25 | Loss: 0.0951
  ST affinity Ep 20/25 | Loss: 0.0900
  ST affinity Ep 25/25 | Loss: 0.0831
[20:35:55] Job 29/336 | Site Kabat 50 | MOLM-ST Fusion-ESM2 affinity done in 26s
[20:35:55] Job 30/336 | Site Kabat 50 | MOLM-ST Fusion-ESM2 specificity start
[20:35:55] 🔄 RNG Reset: seed=843 (MOLM-ST specificity)
  ST specificity Ep  1/25 | Loss: 0.4106
  ST specificity Ep  5/25 | Loss: 0.1049
  ST specificity Ep 10/25 | Loss: 0.0877
  ST specificity Ep 15/25 | Loss: 0.0797
  ST specificity Ep 20/25 | Loss: 0.0719
  ST specificity Ep 25/25 | Loss: 0.0707
[20:36:22] Job 30/336 | Site Kabat 50 | MOLM-ST Fusion-ESM2 specificity done in 27s
    MOLM-ST (Fusion-ESM2 ) Aff:0.9579 MCC:0.176 | Spec:0.8154 MCC:0.339
[20:36:22] Job 31/336 | Site Kabat 50 | NN OneHot affinity start
[20:36:22] 🔄 RNG Reset: seed=142 (NN-OneHot site 50 aff)
[20:36:37] Job 31/336 | Site Kabat 50 | NN OneHot affinity done in 15s
[20:36:37] Job 32/336 | Site Kabat 50 | NN OneHot specificity start
[20:36:37] 🔄 RNG Reset: seed=192 (NN-OneHot site 50 spec)
[20:36:52] Job 32/336 | Site Kabat 50 | NN OneHot specificity done in 15s
    NN (OneHot      )    Aff:0.8925 MCC:0.136 | Spec:0.8271 MCC:0.339
[20:36:52] Job 33/336 | Site Kabat 50 | NN ESM2 affinity start
[20:36:52] 🔄 RNG Reset: seed=442 (NN-ESM2 site 50 aff)
[20:37:02] Job 33/336 | Site Kabat 50 | NN ESM2 affinity done in 10s
[20:37:02] Job 34/336 | Site Kabat 50 | NN ESM2 specificity start
[20:37:02] 🔄 RNG Reset: seed=492 (NN-ESM2 site 50 spec)
[20:37:13] Job 34/336 | Site Kabat 50 | NN ESM2 specificity done in 11s
    NN (ESM2        )    Aff:0.9743 MCC:0.141 | Spec:0.8995 MCC:0.359
[20:37:13] Job 35/336 | Site Kabat 50 | NN Fusion-ESM2 affinity start
[20:37:13] 🔄 RNG Reset: seed=342 (NN-Fusion-ESM2 site 50 aff)
[20:37:28] Job 35/336 | Site Kabat 50 | NN Fusion-ESM2 affinity done in 15s
[20:37:28] Job 36/336 | Site Kabat 50 | NN Fusion-ESM2 specificity start
[20:37:29] 🔄 RNG Reset: seed=392 (NN-Fusion-ESM2 site 50 spec)
[20:37:43] Job 36/336 | Site Kabat 50 | NN Fusion-ESM2 specificity done in 15s
    NN (Fusion-ESM2 )    Aff:0.9159 MCC:0.101 | Spec:0.7687 MCC:0.301
[20:37:44] Job 37/336 | Site Kabat 50 | LDA OneHot fit/eval start
[20:37:54] Job 38/336 | Site Kabat 50 | LDA OneHot done in 10s
    LDA (OneHot      )  Aff:0.9112 MCC:0.157 | Spec:0.7500 MCC:0.268
[20:37:54] Job 39/336 | Site Kabat 50 | LDA ESM2 fit/eval start
[20:37:54] Job 40/336 | Site Kabat 50 | LDA ESM2 done in 1s
    LDA (ESM2        )  Aff:0.9836 MCC:nan | Spec:0.9229 MCC:nan
[20:37:54] Job 41/336 | Site Kabat 50 | LDA Fusion-ESM2 fit/eval start
[20:38:05] Job 42/336 | Site Kabat 50 | LDA Fusion-ESM2 done in 11s
    LDA (Fusion-ESM2 )  Aff:0.9813 MCC:-0.006 | Spec:0.9393 MCC:0.446
[20:38:06] Mode 1/2 | Site 2/8 done: Kabat 50 in 6.8m
[20:38:06] Mode 1/2 | Site 3/8 start: Kabat 54, residue 'G', train=2476, test=1524
[20:38:06] Job 43/336 | Site Kabat 54 | MOLM OneHot start
[20:38:06] 🔄 RNG Reset: seed=44 (MOLM-OneHot site 54)
  Ep  1/25 | Acc: 0.575/0.550 | Gap: +0.08/+0.12 | GradCos: +0.045
  Ep  5/25 | Acc: 0.865/0.864 | Gap: +1.30/+1.03 | GradCos: +0.075
  Ep 10/25 | Acc: 0.897/0.891 | Gap: +1.66/+1.42 | GradCos: +0.016
  Ep 15/25 | Acc: 0.910/0.911 | Gap: +1.87/+1.70 | GradCos: +0.057
  Ep 20/25 | Acc: 0.921/0.909 | Gap: +1.95/+1.79 | GradCos: -0.037
  Ep 25/25 | Acc: 0.922/0.922 | Gap: +2.12/+2.01 | GradCos: +0.022
    MOLM (OneHot      ) Aff:0.8806 MCC:0.747 | Spec:0.9291 MCC:0.861
[20:38:33] Job 43/336 | Site Kabat 54 | MOLM OneHot done in 28s
[20:38:33] Job 44/336 | Site Kabat 54 | MOLM-ST OneHot affinity start
[20:38:33] 🔄 RNG Reset: seed=544 (MOLM-ST affinity)
  ST affinity Ep  1/25 | Loss: 0.3389
  ST affinity Ep  5/25 | Loss: 0.1098
  ST affinity Ep 10/25 | Loss: 0.0900
  ST affinity Ep 15/25 | Loss: 0.0800
  ST affinity Ep 20/25 | Loss: 0.0767
  ST affinity Ep 25/25 | Loss: 0.0765
[20:38:50] Job 44/336 | Site Kabat 54 | MOLM-ST OneHot affinity done in 17s
[20:38:50] Job 45/336 | Site Kabat 54 | MOLM-ST OneHot specificity start
[20:38:50] 🔄 RNG Reset: seed=644 (MOLM-ST specificity)
  ST specificity Ep  1/25 | Loss: 0.4084
  ST specificity Ep  5/25 | Loss: 0.1187
  ST specificity Ep 10/25 | Loss: 0.0918
  ST specificity Ep 15/25 | Loss: 0.0827
  ST specificity Ep 20/25 | Loss: 0.0756
  ST specificity Ep 25/25 | Loss: 0.0763
[20:39:08] Job 45/336 | Site Kabat 54 | MOLM-ST OneHot specificity done in 18s
    MOLM-ST (OneHot      ) Aff:0.9232 MCC:0.833 | Spec:0.9022 MCC:0.816
[20:39:08] Job 46/336 | Site Kabat 54 | MOLM ESM2 start
[20:39:08] 🔄 RNG Reset: seed=144 (MOLM-ESM2 site 54)
  Ep  1/25 | Acc: 0.524/0.516 | Gap: +0.02/+0.05 | GradCos: +0.007
  Ep  5/25 | Acc: 0.576/0.619 | Gap: +0.07/+0.23 | GradCos: +0.037
  Ep 10/25 | Acc: 0.776/0.825 | Gap: +0.69/+1.09 | GradCos: +0.118
  Ep 15/25 | Acc: 0.799/0.862 | Gap: +0.87/+1.33 | GradCos: +0.110
  Ep 20/25 | Acc: 0.836/0.866 | Gap: +1.07/+1.41 | GradCos: +0.057
  Ep 25/25 | Acc: 0.846/0.882 | Gap: +1.17/+1.52 | GradCos: +0.038
    MOLM (ESM2        ) Aff:0.8491 MCC:0.715 | Spec:0.9094 MCC:0.821
[20:39:44] Job 46/336 | Site Kabat 54 | MOLM ESM2 done in 36s
[20:39:44] Job 47/336 | Site Kabat 54 | MOLM-ST ESM2 affinity start
[20:39:44] 🔄 RNG Reset: seed=644 (MOLM-ST affinity)
  ST affinity Ep  1/25 | Loss: 0.3797
  ST affinity Ep  5/25 | Loss: 0.2685
  ST affinity Ep 10/25 | Loss: 0.1836
  ST affinity Ep 15/25 | Loss: 0.1479
  ST affinity Ep 20/25 | Loss: 0.1374
  ST affinity Ep 25/25 | Loss: 0.1286
[20:40:00] Job 47/336 | Site Kabat 54 | MOLM-ST ESM2 affinity done in 16s
[20:40:00] Job 48/336 | Site Kabat 54 | MOLM-ST ESM2 specificity start
[20:40:00] 🔄 RNG Reset: seed=744 (MOLM-ST specificity)
  ST specificity Ep  1/25 | Loss: 0.5663
  ST specificity Ep  5/25 | Loss: 0.2903
  ST specificity Ep 10/25 | Loss: 0.1486
  ST specificity Ep 15/25 | Loss: 0.1228
  ST specificity Ep 20/25 | Loss: 0.1193
  ST specificity Ep 25/25 | Loss: 0.1137
[20:40:16] Job 48/336 | Site Kabat 54 | MOLM-ST ESM2 specificity done in 16s
    MOLM-ST (ESM2        ) Aff:0.8727 MCC:0.755 | Spec:0.8976 MCC:0.800
[20:40:16] Job 49/336 | Site Kabat 54 | MOLM Fusion-ESM2 start
[20:40:16] 🔄 RNG Reset: seed=244 (MOLM-Fusion-ESM2 site 54)
  Ep  1/25 | Acc: 0.589/0.580 | Gap: +0.10/+0.11 | GradCos: +0.024
  Ep  5/25 | Acc: 0.876/0.860 | Gap: +1.16/+0.94 | GradCos: +0.122
  Ep 10/25 | Acc: 0.901/0.893 | Gap: +1.60/+1.34 | GradCos: +0.065
  Ep 15/25 | Acc: 0.919/0.906 | Gap: +1.82/+1.50 | GradCos: +0.007
  Ep 20/25 | Acc: 0.921/0.915 | Gap: +1.95/+1.70 | GradCos: +0.037
  Ep 25/25 | Acc: 0.927/0.914 | Gap: +2.10/+1.85 | GradCos: +0.039
    MOLM (Fusion-ESM2 ) Aff:0.9370 MCC:0.863 | Spec:0.8917 MCC:0.799
[20:40:51] Job 49/336 | Site Kabat 54 | MOLM Fusion-ESM2 done in 36s
[20:40:51] Job 50/336 | Site Kabat 54 | MOLM-ST Fusion-ESM2 affinity start
[20:40:52] 🔄 RNG Reset: seed=744 (MOLM-ST affinity)
  ST affinity Ep  1/25 | Loss: 0.2984
  ST affinity Ep  5/25 | Loss: 0.1144
  ST affinity Ep 10/25 | Loss: 0.0981
  ST affinity Ep 15/25 | Loss: 0.0963
  ST affinity Ep 20/25 | Loss: 0.0841
  ST affinity Ep 25/25 | Loss: 0.0820
[20:41:07] Job 50/336 | Site Kabat 54 | MOLM-ST Fusion-ESM2 affinity done in 15s
[20:41:07] Job 51/336 | Site Kabat 54 | MOLM-ST Fusion-ESM2 specificity start
[20:41:07] 🔄 RNG Reset: seed=844 (MOLM-ST specificity)
  ST specificity Ep  1/25 | Loss: 0.4333
  ST specificity Ep  5/25 | Loss: 0.1205
  ST specificity Ep 10/25 | Loss: 0.1002
  ST specificity Ep 15/25 | Loss: 0.0844
  ST specificity Ep 20/25 | Loss: 0.0795
  ST specificity Ep 25/25 | Loss: 0.0735
[20:41:30] Job 51/336 | Site Kabat 54 | MOLM-ST Fusion-ESM2 specificity done in 24s
    MOLM-ST (Fusion-ESM2 ) Aff:0.9088 MCC:0.806 | Spec:0.8996 MCC:0.812
[20:41:30] Job 52/336 | Site Kabat 54 | NN OneHot affinity start
[20:41:31] 🔄 RNG Reset: seed=242 (NN-OneHot site 54 aff)
[20:41:40] Job 52/336 | Site Kabat 54 | NN OneHot affinity done in 10s
[20:41:40] Job 53/336 | Site Kabat 54 | NN OneHot specificity start
[20:41:40] 🔄 RNG Reset: seed=292 (NN-OneHot site 54 spec)
[20:41:49] Job 53/336 | Site Kabat 54 | NN OneHot specificity done in 9s
    NN (OneHot      )    Aff:0.9239 MCC:0.835 | Spec:0.9272 MCC:0.858
[20:41:50] Job 54/336 | Site Kabat 54 | NN ESM2 affinity start
[20:41:50] 🔄 RNG Reset: seed=542 (NN-ESM2 site 54 aff)
[20:41:56] Job 54/336 | Site Kabat 54 | NN ESM2 affinity done in 7s
[20:41:56] Job 55/336 | Site Kabat 54 | NN ESM2 specificity start
[20:41:57] 🔄 RNG Reset: seed=592 (NN-ESM2 site 54 spec)
[20:42:03] Job 55/336 | Site Kabat 54 | NN ESM2 specificity done in 7s
    NN (ESM2        )    Aff:0.8812 MCC:0.751 | Spec:0.9055 MCC:0.813
[20:42:03] Job 56/336 | Site Kabat 54 | NN Fusion-ESM2 affinity start
[20:42:04] 🔄 RNG Reset: seed=442 (NN-Fusion-ESM2 site 54 aff)
[20:42:22] Job 56/336 | Site Kabat 54 | NN Fusion-ESM2 affinity done in 18s
[20:42:22] Job 57/336 | Site Kabat 54 | NN Fusion-ESM2 specificity start
[20:42:22] 🔄 RNG Reset: seed=492 (NN-Fusion-ESM2 site 54 spec)
[20:42:43] Job 57/336 | Site Kabat 54 | NN Fusion-ESM2 specificity done in 21s
    NN (Fusion-ESM2 )    Aff:0.9213 MCC:0.829 | Spec:0.9265 MCC:0.857
[20:42:43] Job 58/336 | Site Kabat 54 | LDA OneHot fit/eval start
[20:42:56] Job 59/336 | Site Kabat 54 | LDA OneHot done in 13s
    LDA (OneHot      )  Aff:0.9239 MCC:0.837 | Spec:0.8970 MCC:0.804
[20:42:56] Job 60/336 | Site Kabat 54 | LDA ESM2 fit/eval start
[20:42:57] Job 61/336 | Site Kabat 54 | LDA ESM2 done in 1s
    LDA (ESM2        )  Aff:0.8458 MCC:0.702 | Spec:0.8406 MCC:0.714
[20:42:57] Job 62/336 | Site Kabat 54 | LDA Fusion-ESM2 fit/eval start
[20:43:04] Job 63/336 | Site Kabat 54 | LDA Fusion-ESM2 done in 7s
    LDA (Fusion-ESM2 )  Aff:0.7966 MCC:0.604 | Spec:0.4895 MCC:0.118
[20:43:04] Mode 1/2 | Site 3/8 done: Kabat 54 in 5.0m
[20:43:05] Mode 1/2 | Site 4/8 start: Kabat 55, residue 'G', train=2626, test=1374
[20:43:05] Job 64/336 | Site Kabat 55 | MOLM OneHot start
[20:43:05] 🔄 RNG Reset: seed=45 (MOLM-OneHot site 55)
  Ep  1/25 | Acc: 0.488/0.507 | Gap: +0.02/+0.06 | GradCos: +0.031
  Ep  5/25 | Acc: 0.863/0.855 | Gap: +0.88/+1.10 | GradCos: +0.016
  Ep 10/25 | Acc: 0.884/0.897 | Gap: +1.34/+1.54 | GradCos: +0.008
  Ep 15/25 | Acc: 0.912/0.906 | Gap: +1.60/+1.68 | GradCos: +0.029
  Ep 20/25 | Acc: 0.911/0.921 | Gap: +1.78/+1.88 | GradCos: +0.005
  Ep 25/25 | Acc: 0.927/0.924 | Gap: +1.86/+1.95 | GradCos: +0.009
    MOLM (OneHot      ) Aff:0.9156 MCC:0.819 | Spec:0.9076 MCC:0.820
[20:43:41] Job 64/336 | Site Kabat 55 | MOLM OneHot done in 37s
[20:43:41] Job 65/336 | Site Kabat 55 | MOLM-ST OneHot affinity start
[20:43:41] 🔄 RNG Reset: seed=545 (MOLM-ST affinity)
  ST affinity Ep  1/25 | Loss: 0.3755
  ST affinity Ep  5/25 | Loss: 0.1176
  ST affinity Ep 10/25 | Loss: 0.0989
  ST affinity Ep 15/25 | Loss: 0.0865
  ST affinity Ep 20/25 | Loss: 0.0745
  ST affinity Ep 25/25 | Loss: 0.0781
[20:44:01] Job 65/336 | Site Kabat 55 | MOLM-ST OneHot affinity done in 20s
[20:44:01] Job 66/336 | Site Kabat 55 | MOLM-ST OneHot specificity start
[20:44:02] 🔄 RNG Reset: seed=645 (MOLM-ST specificity)
  ST specificity Ep  1/25 | Loss: 0.3728
  ST specificity Ep  5/25 | Loss: 0.1185
  ST specificity Ep 10/25 | Loss: 0.0921
  ST specificity Ep 15/25 | Loss: 0.0735
  ST specificity Ep 20/25 | Loss: 0.0730
  ST specificity Ep 25/25 | Loss: 0.1240
[20:44:18] Job 66/336 | Site Kabat 55 | MOLM-ST OneHot specificity done in 17s
    MOLM-ST (OneHot      ) Aff:0.9250 MCC:0.839 | Spec:0.9134 MCC:0.831
[20:44:18] Job 67/336 | Site Kabat 55 | MOLM ESM2 start
[20:44:18] 🔄 RNG Reset: seed=145 (MOLM-ESM2 site 55)
  Ep  1/25 | Acc: 0.476/0.462 | Gap: +0.01/-0.01 | GradCos: -0.013
  Ep  5/25 | Acc: 0.579/0.654 | Gap: +0.14/+0.31 | GradCos: +0.042
  Ep 10/25 | Acc: 0.753/0.826 | Gap: +0.86/+1.08 | GradCos: +0.147
  Ep 15/25 | Acc: 0.834/0.873 | Gap: +1.15/+1.26 | GradCos: +0.087
  Ep 20/25 | Acc: 0.835/0.881 | Gap: +1.32/+1.42 | GradCos: +0.135
  Ep 25/25 | Acc: 0.853/0.871 | Gap: +1.33/+1.40 | GradCos: +0.111
    MOLM (ESM2        ) Aff:0.8428 MCC:0.661 | Spec:0.8996 MCC:0.797
[20:44:55] Job 67/336 | Site Kabat 55 | MOLM ESM2 done in 36s
[20:44:55] Job 68/336 | Site Kabat 55 | MOLM-ST ESM2 affinity start
[20:44:55] 🔄 RNG Reset: seed=645 (MOLM-ST affinity)
  ST affinity Ep  1/25 | Loss: 0.3761
  ST affinity Ep  5/25 | Loss: 0.2887
  ST affinity Ep 10/25 | Loss: 0.1864
  ST affinity Ep 15/25 | Loss: 0.1467
  ST affinity Ep 20/25 | Loss: 0.1367
  ST affinity Ep 25/25 | Loss: 0.1189
[20:45:09] Job 68/336 | Site Kabat 55 | MOLM-ST ESM2 affinity done in 15s
[20:45:09] Job 69/336 | Site Kabat 55 | MOLM-ST ESM2 specificity start
[20:45:10] 🔄 RNG Reset: seed=745 (MOLM-ST specificity)
  ST specificity Ep  1/25 | Loss: 0.5138
  ST specificity Ep  5/25 | Loss: 0.3180
  ST specificity Ep 10/25 | Loss: 0.1511
  ST specificity Ep 15/25 | Loss: 0.1221
  ST specificity Ep 20/25 | Loss: 0.1207
  ST specificity Ep 25/25 | Loss: 0.1399
[20:45:25] Job 69/336 | Site Kabat 55 | MOLM-ST ESM2 specificity done in 16s
    MOLM-ST (ESM2        ) Aff:0.8195 MCC:0.619 | Spec:0.8908 MCC:0.783
[20:45:25] Job 70/336 | Site Kabat 55 | MOLM Fusion-ESM2 start
[20:45:25] 🔄 RNG Reset: seed=245 (MOLM-Fusion-ESM2 site 55)
  Ep  1/25 | Acc: 0.450/0.547 | Gap: +0.02/+0.04 | GradCos: -0.020
  Ep  5/25 | Acc: 0.858/0.866 | Gap: +1.32/+1.02 | GradCos: +0.047
  Ep 10/25 | Acc: 0.885/0.899 | Gap: +1.59/+1.39 | GradCos: +0.076
  Ep 15/25 | Acc: 0.913/0.904 | Gap: +1.85/+1.59 | GradCos: +0.089
  Ep 20/25 | Acc: 0.911/0.917 | Gap: +1.96/+1.80 | GradCos: +0.022
  Ep 25/25 | Acc: 0.924/0.895 | Gap: +2.03/+1.83 | GradCos: +0.085
    MOLM (Fusion-ESM2 ) Aff:0.9134 MCC:0.815 | Spec:0.9105 MCC:0.825
[20:46:01] Job 70/336 | Site Kabat 55 | MOLM Fusion-ESM2 done in 36s
[20:46:01] Job 71/336 | Site Kabat 55 | MOLM-ST Fusion-ESM2 affinity start
[20:46:02] 🔄 RNG Reset: seed=745 (MOLM-ST affinity)
  ST affinity Ep  1/25 | Loss: 0.3113
  ST affinity Ep  5/25 | Loss: 0.1184
  ST affinity Ep 10/25 | Loss: 0.1002
  ST affinity Ep 15/25 | Loss: 0.0909
  ST affinity Ep 20/25 | Loss: 0.0906
  ST affinity Ep 25/25 | Loss: 0.0825
[20:46:18] Job 71/336 | Site Kabat 55 | MOLM-ST Fusion-ESM2 affinity done in 17s
[20:46:19] Job 72/336 | Site Kabat 55 | MOLM-ST Fusion-ESM2 specificity start
[20:46:19] 🔄 RNG Reset: seed=845 (MOLM-ST specificity)
  ST specificity Ep  1/25 | Loss: 0.4373
  ST specificity Ep  5/25 | Loss: 0.1166
  ST specificity Ep 10/25 | Loss: 0.0937
  ST specificity Ep 15/25 | Loss: 0.0885
  ST specificity Ep 20/25 | Loss: 0.0787
  ST specificity Ep 25/25 | Loss: 0.0814
[20:46:35] Job 72/336 | Site Kabat 55 | MOLM-ST Fusion-ESM2 specificity done in 17s
    MOLM-ST (Fusion-ESM2 ) Aff:0.9236 MCC:0.836 | Spec:0.8719 MCC:0.769
[20:46:36] Job 73/336 | Site Kabat 55 | NN OneHot affinity start
[20:46:36] 🔄 RNG Reset: seed=342 (NN-OneHot site 55 aff)
[20:46:46] Job 73/336 | Site Kabat 55 | NN OneHot affinity done in 10s
[20:46:46] Job 74/336 | Site Kabat 55 | NN OneHot specificity start
[20:46:46] 🔄 RNG Reset: seed=392 (NN-OneHot site 55 spec)
[20:46:56] Job 74/336 | Site Kabat 55 | NN OneHot specificity done in 10s
    NN (OneHot      )    Aff:0.8988 MCC:0.786 | Spec:0.8828 MCC:0.785
[20:46:57] Job 75/336 | Site Kabat 55 | NN ESM2 affinity start
[20:46:57] 🔄 RNG Reset: seed=642 (NN-ESM2 site 55 aff)
[20:47:04] Job 75/336 | Site Kabat 55 | NN ESM2 affinity done in 7s
[20:47:04] Job 76/336 | Site Kabat 55 | NN ESM2 specificity start
[20:47:04] 🔄 RNG Reset: seed=692 (NN-ESM2 site 55 spec)
[20:47:11] Job 76/336 | Site Kabat 55 | NN ESM2 specificity done in 7s
    NN (ESM2        )    Aff:0.8195 MCC:0.620 | Spec:0.8901 MCC:0.783
[20:47:11] Job 77/336 | Site Kabat 55 | NN Fusion-ESM2 affinity start
[20:47:11] 🔄 RNG Reset: seed=542 (NN-Fusion-ESM2 site 55 aff)
[20:47:21] Job 77/336 | Site Kabat 55 | NN Fusion-ESM2 affinity done in 10s
[20:47:22] Job 78/336 | Site Kabat 55 | NN Fusion-ESM2 specificity start
[20:47:22] 🔄 RNG Reset: seed=592 (NN-Fusion-ESM2 site 55 spec)
[20:47:32] Job 78/336 | Site Kabat 55 | NN Fusion-ESM2 specificity done in 11s
    NN (Fusion-ESM2 )    Aff:0.9068 MCC:0.803 | Spec:0.9141 MCC:0.831
[20:47:32] Job 79/336 | Site Kabat 55 | LDA OneHot fit/eval start
[20:47:41] Job 80/336 | Site Kabat 55 | LDA OneHot done in 8s
    LDA (OneHot      )  Aff:0.9236 MCC:0.836 | Spec:0.8930 MCC:0.799
[20:47:41] Job 81/336 | Site Kabat 55 | LDA ESM2 fit/eval start
[20:47:41] Job 82/336 | Site Kabat 55 | LDA ESM2 done in 1s
    LDA (ESM2        )  Aff:0.7533 MCC:0.452 | Spec:0.8937 MCC:0.783
[20:47:41] Job 83/336 | Site Kabat 55 | LDA Fusion-ESM2 fit/eval start
[20:47:50] Job 84/336 | Site Kabat 55 | LDA Fusion-ESM2 done in 9s
    LDA (Fusion-ESM2 )  Aff:0.8217 MCC:0.649 | Spec:0.5226 MCC:0.306
[20:47:50] Mode 1/2 | Site 4/8 done: Kabat 55 in 4.8m
[20:47:50] Mode 1/2 | Site 5/8 start: Kabat 56, residue 'D', train=3283, test=717
[20:47:50] Job 85/336 | Site Kabat 56 | MOLM OneHot start
[20:47:50] 🔄 RNG Reset: seed=46 (MOLM-OneHot site 56)
  Ep  1/25 | Acc: 0.538/0.612 | Gap: +0.09/+0.19 | GradCos: +0.046
  Ep  5/25 | Acc: 0.873/0.880 | Gap: +1.58/+1.33 | GradCos: +0.076
  Ep 10/25 | Acc: 0.914/0.915 | Gap: +1.90/+1.64 | GradCos: +0.004
  Ep 15/25 | Acc: 0.919/0.929 | Gap: +2.06/+1.96 | GradCos: +0.017
  Ep 20/25 | Acc: 0.931/0.932 | Gap: +2.27/+2.11 | GradCos: +0.031
  Ep 25/25 | Acc: 0.934/0.930 | Gap: +2.27/+2.20 | GradCos: +0.035
    MOLM (OneHot      ) Aff:0.8633 MCC:0.654 | Spec:0.7685 MCC:0.570
[20:48:37] Job 85/336 | Site Kabat 56 | MOLM OneHot done in 47s
[20:48:37] Job 86/336 | Site Kabat 56 | MOLM-ST OneHot affinity start
[20:48:37] 🔄 RNG Reset: seed=546 (MOLM-ST affinity)
  ST affinity Ep  1/25 | Loss: 0.2850
  ST affinity Ep  5/25 | Loss: 0.1019
  ST affinity Ep 10/25 | Loss: 0.0859
  ST affinity Ep 15/25 | Loss: 0.0801
  ST affinity Ep 20/25 | Loss: 0.0747
  ST affinity Ep 25/25 | Loss: 0.0666
[20:48:58] Job 86/336 | Site Kabat 56 | MOLM-ST OneHot affinity done in 21s
[20:48:58] Job 87/336 | Site Kabat 56 | MOLM-ST OneHot specificity start
[20:48:59] 🔄 RNG Reset: seed=646 (MOLM-ST specificity)
  ST specificity Ep  1/25 | Loss: 0.3605
  ST specificity Ep  5/25 | Loss: 0.0974
  ST specificity Ep 10/25 | Loss: 0.0770
  ST specificity Ep 15/25 | Loss: 0.0737
  ST specificity Ep 20/25 | Loss: 0.0694
  ST specificity Ep 25/25 | Loss: 0.0629
[20:49:19] Job 87/336 | Site Kabat 56 | MOLM-ST OneHot specificity done in 21s
    MOLM-ST (OneHot      ) Aff:0.8954 MCC:0.706 | Spec:0.7782 MCC:0.582
[20:49:19] Job 88/336 | Site Kabat 56 | MOLM ESM2 start
[20:49:19] 🔄 RNG Reset: seed=146 (MOLM-ESM2 site 56)
  Ep  1/25 | Acc: 0.501/0.547 | Gap: +0.04/+0.05 | GradCos: +0.031
  Ep  5/25 | Acc: 0.739/0.792 | Gap: +0.53/+0.79 | GradCos: +0.173
  Ep 10/25 | Acc: 0.802/0.868 | Gap: +0.94/+1.33 | GradCos: +0.247
  Ep 15/25 | Acc: 0.846/0.891 | Gap: +1.15/+1.47 | GradCos: +0.115
  Ep 20/25 | Acc: 0.858/0.890 | Gap: +1.31/+1.56 | GradCos: +0.234
  Ep 25/25 | Acc: 0.874/0.906 | Gap: +1.43/+1.61 | GradCos: +0.112
    MOLM (ESM2        ) Aff:0.8452 MCC:0.559 | Spec:0.8550 MCC:0.646
[20:50:02] Job 88/336 | Site Kabat 56 | MOLM ESM2 done in 43s
[20:50:02] Job 89/336 | Site Kabat 56 | MOLM-ST ESM2 affinity start
[20:50:02] 🔄 RNG Reset: seed=646 (MOLM-ST affinity)
  ST affinity Ep  1/25 | Loss: 0.3691
  ST affinity Ep  5/25 | Loss: 0.2132
  ST affinity Ep 10/25 | Loss: 0.1542
  ST affinity Ep 15/25 | Loss: 0.1361
  ST affinity Ep 20/25 | Loss: 0.1283
  ST affinity Ep 25/25 | Loss: 0.1153
[20:50:21] Job 89/336 | Site Kabat 56 | MOLM-ST ESM2 affinity done in 19s
[20:50:21] Job 90/336 | Site Kabat 56 | MOLM-ST ESM2 specificity start
[20:50:22] 🔄 RNG Reset: seed=746 (MOLM-ST specificity)
  ST specificity Ep  1/25 | Loss: 0.5382
  ST specificity Ep  5/25 | Loss: 0.2066
  ST specificity Ep 10/25 | Loss: 0.1233
  ST specificity Ep 15/25 | Loss: 0.1067
  ST specificity Ep 20/25 | Loss: 0.1028
  ST specificity Ep 25/25 | Loss: 0.0993
[20:50:41] Job 90/336 | Site Kabat 56 | MOLM-ST ESM2 specificity done in 19s
    MOLM-ST (ESM2        ) Aff:0.8480 MCC:0.548 | Spec:0.8605 MCC:0.664
[20:50:41] Job 91/336 | Site Kabat 56 | MOLM Fusion-ESM2 start
[20:50:41] 🔄 RNG Reset: seed=246 (MOLM-Fusion-ESM2 site 56)
  Ep  1/25 | Acc: 0.544/0.611 | Gap: +0.09/+0.22 | GradCos: +0.041
  Ep  5/25 | Acc: 0.870/0.880 | Gap: +1.25/+1.49 | GradCos: +0.111
  Ep 10/25 | Acc: 0.917/0.911 | Gap: +1.76/+1.83 | GradCos: +0.046
  Ep 15/25 | Acc: 0.919/0.918 | Gap: +1.95/+1.95 | GradCos: +0.026
  Ep 20/25 | Acc: 0.925/0.920 | Gap: +2.09/+2.08 | GradCos: +0.025
  Ep 25/25 | Acc: 0.929/0.933 | Gap: +2.16/+2.15 | GradCos: +0.028
    MOLM (Fusion-ESM2 ) Aff:0.9135 MCC:0.748 | Spec:0.8424 MCC:0.664
[20:51:27] Job 91/336 | Site Kabat 56 | MOLM Fusion-ESM2 done in 46s
[20:51:27] Job 92/336 | Site Kabat 56 | MOLM-ST Fusion-ESM2 affinity start
[20:51:27] 🔄 RNG Reset: seed=746 (MOLM-ST affinity)
  ST affinity Ep  1/25 | Loss: 0.3283
  ST affinity Ep  5/25 | Loss: 0.1131
  ST affinity Ep 10/25 | Loss: 0.0865
  ST affinity Ep 15/25 | Loss: 0.0832
  ST affinity Ep 20/25 | Loss: 0.0824
  ST affinity Ep 25/25 | Loss: 0.0751
[20:51:47] Job 92/336 | Site Kabat 56 | MOLM-ST Fusion-ESM2 affinity done in 20s
[20:51:47] Job 93/336 | Site Kabat 56 | MOLM-ST Fusion-ESM2 specificity start
[20:51:48] 🔄 RNG Reset: seed=846 (MOLM-ST specificity)
  ST specificity Ep  1/25 | Loss: 0.3441
  ST specificity Ep  5/25 | Loss: 0.0968
  ST specificity Ep 10/25 | Loss: 0.0802
  ST specificity Ep 15/25 | Loss: 0.0771
  ST specificity Ep 20/25 | Loss: 0.0678
  ST specificity Ep 25/25 | Loss: 0.0653
[20:52:08] Job 93/336 | Site Kabat 56 | MOLM-ST Fusion-ESM2 specificity done in 21s
    MOLM-ST (Fusion-ESM2 ) Aff:0.9163 MCC:0.755 | Spec:0.7280 MCC:0.525
[20:52:08] Job 94/336 | Site Kabat 56 | NN OneHot affinity start
[20:52:08] 🔄 RNG Reset: seed=442 (NN-OneHot site 56 aff)
[20:52:21] Job 94/336 | Site Kabat 56 | NN OneHot affinity done in 13s
[20:52:21] Job 95/336 | Site Kabat 56 | NN OneHot specificity start
[20:52:21] 🔄 RNG Reset: seed=492 (NN-OneHot site 56 spec)
[20:52:33] Job 95/336 | Site Kabat 56 | NN OneHot specificity done in 13s
    NN (OneHot      )    Aff:0.9038 MCC:0.728 | Spec:0.8006 MCC:0.608
[20:52:34] Job 96/336 | Site Kabat 56 | NN ESM2 affinity start
[20:52:34] 🔄 RNG Reset: seed=742 (NN-ESM2 site 56 aff)
[20:52:42] Job 96/336 | Site Kabat 56 | NN ESM2 affinity done in 9s
[20:52:43] Job 97/336 | Site Kabat 56 | NN ESM2 specificity start
[20:52:43] 🔄 RNG Reset: seed=792 (NN-ESM2 site 56 spec)
[20:52:51] Job 97/336 | Site Kabat 56 | NN ESM2 specificity done in 9s
    NN (ESM2        )    Aff:0.8801 MCC:0.627 | Spec:0.8410 MCC:0.637
[20:52:51] Job 98/336 | Site Kabat 56 | NN Fusion-ESM2 affinity start
[20:52:52] 🔄 RNG Reset: seed=642 (NN-Fusion-ESM2 site 56 aff)
[20:53:04] Job 98/336 | Site Kabat 56 | NN Fusion-ESM2 affinity done in 13s
[20:53:05] Job 99/336 | Site Kabat 56 | NN Fusion-ESM2 specificity start
[20:53:05] 🔄 RNG Reset: seed=692 (NN-Fusion-ESM2 site 56 spec)
[20:53:17] Job 99/336 | Site Kabat 56 | NN Fusion-ESM2 specificity done in 13s
    NN (Fusion-ESM2 )    Aff:0.8703 MCC:0.676 | Spec:0.8173 MCC:0.632
[20:53:18] Job 100/336 | Site Kabat 56 | LDA OneHot fit/eval start
[20:53:28] Job 101/336 | Site Kabat 56 | LDA OneHot done in 10s
    LDA (OneHot      )  Aff:0.8201 MCC:0.616 | Spec:0.7420 MCC:0.538
[20:53:28] Job 102/336 | Site Kabat 56 | LDA ESM2 fit/eval start
[20:53:29] Job 103/336 | Site Kabat 56 | LDA ESM2 done in 1s
    LDA (ESM2        )  Aff:0.8131 MCC:0.334 | Spec:0.7741 MCC:0.207
[20:53:29] Job 104/336 | Site Kabat 56 | LDA Fusion-ESM2 fit/eval start
[20:53:39] Job 105/336 | Site Kabat 56 | LDA Fusion-ESM2 done in 11s
    LDA (Fusion-ESM2 )  Aff:0.8298 MCC:0.534 | Spec:0.8229 MCC:0.614
[20:53:39] Mode 1/2 | Site 5/8 done: Kabat 56 in 5.8m
[20:53:40] Mode 1/2 | Site 6/8 start: Kabat 95, residue 'S', train=2897, test=1103
[20:53:40] Job 106/336 | Site Kabat 95 | MOLM OneHot start
[20:53:40] 🔄 RNG Reset: seed=47 (MOLM-OneHot site 95)
  Ep  1/25 | Acc: 0.615/0.614 | Gap: +0.14/+0.22 | GradCos: +0.062
  Ep  5/25 | Acc: 0.865/0.889 | Gap: +1.30/+1.48 | GradCos: +0.075
  Ep 10/25 | Acc: 0.895/0.916 | Gap: +1.70/+1.84 | GradCos: +0.070
  Ep 15/25 | Acc: 0.912/0.921 | Gap: +1.89/+1.99 | GradCos: +0.026
  Ep 20/25 | Acc: 0.918/0.929 | Gap: +2.01/+2.10 | GradCos: +0.023
  Ep 25/25 | Acc: 0.919/0.928 | Gap: +2.09/+2.24 | GradCos: +0.045
    MOLM (OneHot      ) Aff:0.8957 MCC:0.800 | Spec:0.9003 MCC:0.790
[20:54:22] Job 106/336 | Site Kabat 95 | MOLM OneHot done in 42s
[20:54:22] Job 107/336 | Site Kabat 95 | MOLM-ST OneHot affinity start
[20:54:22] 🔄 RNG Reset: seed=547 (MOLM-ST affinity)
  ST affinity Ep  1/25 | Loss: 0.3042
  ST affinity Ep  5/25 | Loss: 0.1121
  ST affinity Ep 10/25 | Loss: 0.0956
  ST affinity Ep 15/25 | Loss: 0.0874
  ST affinity Ep 20/25 | Loss: 0.0804
  ST affinity Ep 25/25 | Loss: 0.0801
[20:54:43] Job 107/336 | Site Kabat 95 | MOLM-ST OneHot affinity done in 21s
[20:54:43] Job 108/336 | Site Kabat 95 | MOLM-ST OneHot specificity start
[20:54:43] 🔄 RNG Reset: seed=647 (MOLM-ST specificity)
  ST specificity Ep  1/25 | Loss: 0.4004
  ST specificity Ep  5/25 | Loss: 0.1038
  ST specificity Ep 10/25 | Loss: 0.0836
  ST specificity Ep 15/25 | Loss: 0.0755
  ST specificity Ep 20/25 | Loss: 0.0637
  ST specificity Ep 25/25 | Loss: 0.0638
[20:55:02] Job 108/336 | Site Kabat 95 | MOLM-ST OneHot specificity done in 19s
    MOLM-ST (OneHot      ) Aff:0.8676 MCC:0.758 | Spec:0.8821 MCC:0.764
[20:55:02] Job 109/336 | Site Kabat 95 | MOLM ESM2 start
[20:55:03] 🔄 RNG Reset: seed=147 (MOLM-ESM2 site 95)
  Ep  1/25 | Acc: 0.530/0.523 | Gap: +0.01/+0.03 | GradCos: -0.011
  Ep  5/25 | Acc: 0.742/0.805 | Gap: +0.43/+0.79 | GradCos: +0.049
  Ep 10/25 | Acc: 0.826/0.883 | Gap: +0.87/+1.35 | GradCos: +0.016
  Ep 15/25 | Acc: 0.834/0.882 | Gap: +1.00/+1.46 | GradCos: +0.155
  Ep 20/25 | Acc: 0.854/0.887 | Gap: +1.18/+1.54 | GradCos: +0.015
  Ep 25/25 | Acc: 0.878/0.896 | Gap: +1.27/+1.58 | GradCos: +0.112
    MOLM (ESM2        ) Aff:0.7715 MCC:0.593 | Spec:0.8522 MCC:0.710
[20:55:41] Job 109/336 | Site Kabat 95 | MOLM ESM2 done in 39s
[20:55:41] Job 110/336 | Site Kabat 95 | MOLM-ST ESM2 affinity start
[20:55:41] 🔄 RNG Reset: seed=647 (MOLM-ST affinity)
  ST affinity Ep  1/25 | Loss: 0.3864
  ST affinity Ep  5/25 | Loss: 0.2483
  ST affinity Ep 10/25 | Loss: 0.1756
  ST affinity Ep 15/25 | Loss: 0.1465
  ST affinity Ep 20/25 | Loss: 0.1280
  ST affinity Ep 25/25 | Loss: 0.1276
[20:55:59] Job 110/336 | Site Kabat 95 | MOLM-ST ESM2 affinity done in 18s
[20:55:59] Job 111/336 | Site Kabat 95 | MOLM-ST ESM2 specificity start
[20:55:59] 🔄 RNG Reset: seed=747 (MOLM-ST specificity)
  ST specificity Ep  1/25 | Loss: 0.5332
  ST specificity Ep  5/25 | Loss: 0.2042
  ST specificity Ep 10/25 | Loss: 0.1192
  ST specificity Ep 15/25 | Loss: 0.1064
  ST specificity Ep 20/25 | Loss: 0.1040
  ST specificity Ep 25/25 | Loss: 0.0969
[20:56:17] Job 111/336 | Site Kabat 95 | MOLM-ST ESM2 specificity done in 18s
    MOLM-ST (ESM2        ) Aff:0.7561 MCC:0.578 | Spec:0.7416 MCC:0.561
[20:56:17] Job 112/336 | Site Kabat 95 | MOLM Fusion-ESM2 start
[20:56:17] 🔄 RNG Reset: seed=247 (MOLM-Fusion-ESM2 site 95)
  Ep  1/25 | Acc: 0.635/0.612 | Gap: +0.09/+0.13 | GradCos: +0.010
  Ep  5/25 | Acc: 0.854/0.879 | Gap: +1.16/+1.17 | GradCos: +0.085
  Ep 10/25 | Acc: 0.897/0.903 | Gap: +1.46/+1.64 | GradCos: +0.020
  Ep 15/25 | Acc: 0.904/0.917 | Gap: +1.67/+1.85 | GradCos: +0.050
  Ep 20/25 | Acc: 0.916/0.929 | Gap: +1.79/+2.01 | GradCos: +0.016
  Ep 25/25 | Acc: 0.922/0.931 | Gap: +1.90/+2.15 | GradCos: +0.024
    MOLM (Fusion-ESM2 ) Aff:0.8459 MCC:0.725 | Spec:0.9139 MCC:0.816
[20:56:58] Job 112/336 | Site Kabat 95 | MOLM Fusion-ESM2 done in 41s
[20:56:58] Job 113/336 | Site Kabat 95 | MOLM-ST Fusion-ESM2 affinity start
[20:56:58] 🔄 RNG Reset: seed=747 (MOLM-ST affinity)
  ST affinity Ep  1/25 | Loss: 0.3070
  ST affinity Ep  5/25 | Loss: 0.1184
  ST affinity Ep 10/25 | Loss: 0.0962
  ST affinity Ep 15/25 | Loss: 0.0900
  ST affinity Ep 20/25 | Loss: 0.0850
  ST affinity Ep 25/25 | Loss: 0.0796
[20:57:16] Job 113/336 | Site Kabat 95 | MOLM-ST Fusion-ESM2 affinity done in 18s
[20:57:16] Job 114/336 | Site Kabat 95 | MOLM-ST Fusion-ESM2 specificity start
[20:57:17] 🔄 RNG Reset: seed=847 (MOLM-ST specificity)
  ST specificity Ep  1/25 | Loss: 0.4710
  ST specificity Ep  5/25 | Loss: 0.1042
  ST specificity Ep 10/25 | Loss: 0.0806
  ST specificity Ep 15/25 | Loss: 0.0713
  ST specificity Ep 20/25 | Loss: 0.0711
  ST specificity Ep 25/25 | Loss: 0.0638
[20:57:33] Job 114/336 | Site Kabat 95 | MOLM-ST Fusion-ESM2 specificity done in 16s
    MOLM-ST (Fusion-ESM2 ) Aff:0.8577 MCC:0.744 | Spec:0.9021 MCC:0.797
[20:57:33] Job 115/336 | Site Kabat 95 | NN OneHot affinity start
[20:57:33] 🔄 RNG Reset: seed=542 (NN-OneHot site 95 aff)
[20:57:44] Job 115/336 | Site Kabat 95 | NN OneHot affinity done in 11s
[20:57:44] Job 116/336 | Site Kabat 95 | NN OneHot specificity start
[20:57:44] 🔄 RNG Reset: seed=592 (NN-OneHot site 95 spec)
[20:57:55] Job 116/336 | Site Kabat 95 | NN OneHot specificity done in 11s
    NN (OneHot      )    Aff:0.7353 MCC:0.573 | Spec:0.9175 MCC:0.825
[20:57:55] Job 117/336 | Site Kabat 95 | NN ESM2 affinity start
[20:57:55] 🔄 RNG Reset: seed=842 (NN-ESM2 site 95 aff)
[20:58:03] Job 117/336 | Site Kabat 95 | NN ESM2 affinity done in 8s
[20:58:03] Job 118/336 | Site Kabat 95 | NN ESM2 specificity start
[20:58:03] 🔄 RNG Reset: seed=892 (NN-ESM2 site 95 spec)
[20:58:11] Job 118/336 | Site Kabat 95 | NN ESM2 specificity done in 8s
    NN (ESM2        )    Aff:0.7480 MCC:0.559 | Spec:0.7815 MCC:0.612
[20:58:11] Job 119/336 | Site Kabat 95 | NN Fusion-ESM2 affinity start
[20:58:11] 🔄 RNG Reset: seed=742 (NN-Fusion-ESM2 site 95 aff)
[20:58:22] Job 119/336 | Site Kabat 95 | NN Fusion-ESM2 affinity done in 11s
[20:58:22] Job 120/336 | Site Kabat 95 | NN Fusion-ESM2 specificity start
[20:58:23] 🔄 RNG Reset: seed=792 (NN-Fusion-ESM2 site 95 spec)
[20:58:34] Job 120/336 | Site Kabat 95 | NN Fusion-ESM2 specificity done in 12s
    NN (Fusion-ESM2 )    Aff:0.8005 MCC:0.661 | Spec:0.9012 MCC:0.793
[20:58:34] Job 121/336 | Site Kabat 95 | LDA OneHot fit/eval start
[20:58:43] Job 122/336 | Site Kabat 95 | LDA OneHot done in 9s
    LDA (OneHot      )  Aff:0.8314 MCC:0.698 | Spec:0.9112 MCC:0.811
[20:58:43] Job 123/336 | Site Kabat 95 | LDA ESM2 fit/eval start
[20:58:44] Job 124/336 | Site Kabat 95 | LDA ESM2 done in 1s
    LDA (ESM2        )  Aff:0.5186 MCC:0.265 | Spec:0.6908 MCC:0.519
[20:58:44] Job 125/336 | Site Kabat 95 | LDA Fusion-ESM2 fit/eval start
[20:58:53] Job 126/336 | Site Kabat 95 | LDA Fusion-ESM2 done in 10s
    LDA (Fusion-ESM2 )  Aff:0.4306 MCC:0.037 | Spec:0.3808 MCC:nan
[20:58:53] Mode 1/2 | Site 6/8 done: Kabat 95 in 5.2m
[20:58:54] Mode 1/2 | Site 7/8 start: Kabat 97, residue 'L', train=3552, test=448
[20:58:54] Job 127/336 | Site Kabat 97 | MOLM OneHot start
[20:58:54] 🔄 RNG Reset: seed=48 (MOLM-OneHot site 97)
  Ep  1/25 | Acc: 0.585/0.576 | Gap: +0.08/+0.14 | GradCos: +0.016
  Ep  5/25 | Acc: 0.871/0.869 | Gap: +1.31/+1.27 | GradCos: +0.071
  Ep 10/25 | Acc: 0.907/0.906 | Gap: +1.77/+1.72 | GradCos: +0.032
  Ep 15/25 | Acc: 0.913/0.915 | Gap: +1.85/+1.91 | GradCos: +0.038
  Ep 20/25 | Acc: 0.919/0.920 | Gap: +1.96/+2.02 | GradCos: +0.043
  Ep 25/25 | Acc: 0.925/0.931 | Gap: +2.10/+2.19 | GradCos: +0.042
    MOLM (OneHot      ) Aff:0.9308 MCC:0.862 | Spec:0.9196 MCC:0.841
[20:59:42] Job 127/336 | Site Kabat 97 | MOLM OneHot done in 48s
[20:59:42] Job 128/336 | Site Kabat 97 | MOLM-ST OneHot affinity start
[20:59:42] 🔄 RNG Reset: seed=548 (MOLM-ST affinity)
  ST affinity Ep  1/25 | Loss: 0.2982
  ST affinity Ep  5/25 | Loss: 0.1087
  ST affinity Ep 10/25 | Loss: 0.0946
  ST affinity Ep 15/25 | Loss: 0.0833
  ST affinity Ep 20/25 | Loss: 0.0781
  ST affinity Ep 25/25 | Loss: 0.0758
[21:00:04] Job 128/336 | Site Kabat 97 | MOLM-ST OneHot affinity done in 22s
[21:00:04] Job 129/336 | Site Kabat 97 | MOLM-ST OneHot specificity start
[21:00:04] 🔄 RNG Reset: seed=648 (MOLM-ST specificity)
  ST specificity Ep  1/25 | Loss: 0.4264
  ST specificity Ep  5/25 | Loss: 0.1077
  ST specificity Ep 10/25 | Loss: 0.0847
  ST specificity Ep 15/25 | Loss: 0.0749
  ST specificity Ep 20/25 | Loss: 0.0734
  ST specificity Ep 25/25 | Loss: 0.0676
[21:00:27] Job 129/336 | Site Kabat 97 | MOLM-ST OneHot specificity done in 23s
    MOLM-ST (OneHot      ) Aff:0.9219 MCC:0.843 | Spec:0.8951 MCC:0.798
[21:00:27] Job 130/336 | Site Kabat 97 | MOLM ESM2 start
[21:00:27] 🔄 RNG Reset: seed=148 (MOLM-ESM2 site 97)
  Ep  1/25 | Acc: 0.465/0.517 | Gap: +0.00/+0.01 | GradCos: -0.045
  Ep  5/25 | Acc: 0.672/0.762 | Gap: +0.33/+0.49 | GradCos: +0.129
  Ep 10/25 | Acc: 0.807/0.870 | Gap: +0.93/+1.07 | GradCos: +0.114
  Ep 15/25 | Acc: 0.838/0.888 | Gap: +1.14/+1.26 | GradCos: +0.092
  Ep 20/25 | Acc: 0.860/0.885 | Gap: +1.29/+1.36 | GradCos: +0.069
  Ep 25/25 | Acc: 0.865/0.894 | Gap: +1.42/+1.45 | GradCos: +0.044
    MOLM (ESM2        ) Aff:0.8415 MCC:0.703 | Spec:0.8996 MCC:0.799
[21:01:13] Job 130/336 | Site Kabat 97 | MOLM ESM2 done in 46s
[21:01:13] Job 131/336 | Site Kabat 97 | MOLM-ST ESM2 affinity start
[21:01:13] 🔄 RNG Reset: seed=648 (MOLM-ST affinity)
  ST affinity Ep  1/25 | Loss: 0.4010
  ST affinity Ep  5/25 | Loss: 0.2213
  ST affinity Ep 10/25 | Loss: 0.1647
  ST affinity Ep 15/25 | Loss: 0.1424
  ST affinity Ep 20/25 | Loss: 0.1279
  ST affinity Ep 25/25 | Loss: 0.1218
[21:01:33] Job 131/336 | Site Kabat 97 | MOLM-ST ESM2 affinity done in 20s
[21:01:33] Job 132/336 | Site Kabat 97 | MOLM-ST ESM2 specificity start
[21:01:33] 🔄 RNG Reset: seed=748 (MOLM-ST specificity)
  ST specificity Ep  1/25 | Loss: 0.5003
  ST specificity Ep  5/25 | Loss: 0.1910
  ST specificity Ep 10/25 | Loss: 0.1227
  ST specificity Ep 15/25 | Loss: 0.1150
  ST specificity Ep 20/25 | Loss: 0.1077
  ST specificity Ep 25/25 | Loss: 0.1093
[21:01:51] Job 132/336 | Site Kabat 97 | MOLM-ST ESM2 specificity done in 18s
    MOLM-ST (ESM2        ) Aff:0.9219 MCC:0.845 | Spec:0.8862 MCC:0.777
[21:01:51] Job 133/336 | Site Kabat 97 | MOLM Fusion-ESM2 start
[21:01:51] 🔄 RNG Reset: seed=248 (MOLM-Fusion-ESM2 site 97)
  Ep  1/25 | Acc: 0.578/0.602 | Gap: +0.08/+0.18 | GradCos: +0.016
  Ep  5/25 | Acc: 0.873/0.879 | Gap: +1.49/+1.57 | GradCos: +0.077
  Ep 10/25 | Acc: 0.900/0.905 | Gap: +1.77/+1.94 | GradCos: +0.047
  Ep 15/25 | Acc: 0.911/0.910 | Gap: +1.94/+2.03 | GradCos: +0.091
  Ep 20/25 | Acc: 0.923/0.917 | Gap: +2.10/+2.18 | GradCos: +0.009
  Ep 25/25 | Acc: 0.922/0.925 | Gap: +2.05/+2.31 | GradCos: -0.002
    MOLM (Fusion-ESM2 ) Aff:0.9308 MCC:0.862 | Spec:0.9219 MCC:0.844
[21:02:29] Job 133/336 | Site Kabat 97 | MOLM Fusion-ESM2 done in 38s
[21:02:29] Job 134/336 | Site Kabat 97 | MOLM-ST Fusion-ESM2 affinity start
[21:02:29] 🔄 RNG Reset: seed=748 (MOLM-ST affinity)
  ST affinity Ep  1/25 | Loss: 0.3041
  ST affinity Ep  5/25 | Loss: 0.1079
  ST affinity Ep 10/25 | Loss: 0.0872
  ST affinity Ep 15/25 | Loss: 0.0826
  ST affinity Ep 20/25 | Loss: 0.0781
  ST affinity Ep 25/25 | Loss: 0.0808
[21:02:48] Job 134/336 | Site Kabat 97 | MOLM-ST Fusion-ESM2 affinity done in 20s
[21:02:49] Job 135/336 | Site Kabat 97 | MOLM-ST Fusion-ESM2 specificity start
[21:02:49] 🔄 RNG Reset: seed=848 (MOLM-ST specificity)
  ST specificity Ep  1/25 | Loss: 0.3542
  ST specificity Ep  5/25 | Loss: 0.1062
  ST specificity Ep 10/25 | Loss: 0.0835
  ST specificity Ep 15/25 | Loss: 0.0728
  ST specificity Ep 20/25 | Loss: 0.0757
  ST specificity Ep 25/25 | Loss: 0.0676
[21:03:08] Job 135/336 | Site Kabat 97 | MOLM-ST Fusion-ESM2 specificity done in 20s
    MOLM-ST (Fusion-ESM2 ) Aff:0.9330 MCC:0.866 | Spec:0.9085 MCC:0.821
[21:03:08] Job 136/336 | Site Kabat 97 | NN OneHot affinity start
[21:03:09] 🔄 RNG Reset: seed=642 (NN-OneHot site 97 aff)
[21:03:22] Job 136/336 | Site Kabat 97 | NN OneHot affinity done in 14s
[21:03:22] Job 137/336 | Site Kabat 97 | NN OneHot specificity start
[21:03:22] 🔄 RNG Reset: seed=692 (NN-OneHot site 97 spec)
[21:03:36] Job 137/336 | Site Kabat 97 | NN OneHot specificity done in 14s
    NN (OneHot      )    Aff:0.9219 MCC:0.845 | Spec:0.9107 MCC:0.822
[21:03:36] Job 138/336 | Site Kabat 97 | NN ESM2 affinity start
[21:03:36] 🔄 RNG Reset: seed=942 (NN-ESM2 site 97 aff)
[21:03:46] Job 138/336 | Site Kabat 97 | NN ESM2 affinity done in 10s
[21:03:46] Job 139/336 | Site Kabat 97 | NN ESM2 specificity start
[21:03:46] 🔄 RNG Reset: seed=992 (NN-ESM2 site 97 spec)
[21:03:56] Job 139/336 | Site Kabat 97 | NN ESM2 specificity done in 10s
    NN (ESM2        )    Aff:0.9107 MCC:0.823 | Spec:0.8973 MCC:0.798
[21:03:56] Job 140/336 | Site Kabat 97 | NN Fusion-ESM2 affinity start
[21:03:56] 🔄 RNG Reset: seed=842 (NN-Fusion-ESM2 site 97 aff)
[21:04:10] Job 140/336 | Site Kabat 97 | NN Fusion-ESM2 affinity done in 14s
[21:04:10] Job 141/336 | Site Kabat 97 | NN Fusion-ESM2 specificity start
[21:04:10] 🔄 RNG Reset: seed=892 (NN-Fusion-ESM2 site 97 spec)
[21:04:24] Job 141/336 | Site Kabat 97 | NN Fusion-ESM2 specificity done in 14s
    NN (Fusion-ESM2 )    Aff:0.9308 MCC:0.862 | Spec:0.9040 MCC:0.812
[21:04:24] Job 142/336 | Site Kabat 97 | LDA OneHot fit/eval start
[21:04:35] Job 143/336 | Site Kabat 97 | LDA OneHot done in 11s
    LDA (OneHot      )  Aff:0.9286 MCC:0.857 | Spec:0.9018 MCC:0.807
[21:04:35] Job 144/336 | Site Kabat 97 | LDA ESM2 fit/eval start
[21:04:35] Job 145/336 | Site Kabat 97 | LDA ESM2 done in 1s
    LDA (ESM2        )  Aff:0.9152 MCC:0.833 | Spec:0.4888 MCC:0.079
[21:04:35] Job 146/336 | Site Kabat 97 | LDA Fusion-ESM2 fit/eval start
[21:04:46] Job 147/336 | Site Kabat 97 | LDA Fusion-ESM2 done in 11s
    LDA (Fusion-ESM2 )  Aff:0.8036 MCC:0.649 | Spec:0.4821 MCC:nan
[21:04:46] Mode 1/2 | Site 7/8 done: Kabat 97 in 5.9m
[21:04:47] Mode 1/2 | Site 8/8 start: Kabat 102, residue 'D', train=3152, test=848
[21:04:47] Job 148/336 | Site Kabat 102 | MOLM OneHot start
[21:04:47] 🔄 RNG Reset: seed=49 (MOLM-OneHot site 102)
  Ep  1/25 | Acc: 0.574/0.574 | Gap: +0.14/+0.12 | GradCos: -0.017
  Ep  5/25 | Acc: 0.882/0.871 | Gap: +1.55/+1.36 | GradCos: +0.027
  Ep 10/25 | Acc: 0.901/0.905 | Gap: +1.83/+1.74 | GradCos: -0.018
  Ep 15/25 | Acc: 0.919/0.918 | Gap: +2.02/+1.95 | GradCos: +0.001
  Ep 20/25 | Acc: 0.922/0.923 | Gap: +2.14/+2.13 | GradCos: -0.016
  Ep 25/25 | Acc: 0.936/0.928 | Gap: +2.24/+2.29 | GradCos: +0.049
    MOLM (OneHot      ) Aff:0.9222 MCC:0.844 | Spec:0.9021 MCC:0.800
[21:05:31] Job 148/336 | Site Kabat 102 | MOLM OneHot done in 45s
[21:05:31] Job 149/336 | Site Kabat 102 | MOLM-ST OneHot affinity start
[21:05:31] 🔄 RNG Reset: seed=549 (MOLM-ST affinity)
  ST affinity Ep  1/25 | Loss: 0.3340
  ST affinity Ep  5/25 | Loss: 0.1094
  ST affinity Ep 10/25 | Loss: 0.0903
  ST affinity Ep 15/25 | Loss: 0.0794
  ST affinity Ep 20/25 | Loss: 0.0801
  ST affinity Ep 25/25 | Loss: 0.0677
[21:05:53] Job 149/336 | Site Kabat 102 | MOLM-ST OneHot affinity done in 22s
[21:05:53] Job 150/336 | Site Kabat 102 | MOLM-ST OneHot specificity start
[21:05:53] 🔄 RNG Reset: seed=649 (MOLM-ST specificity)
  ST specificity Ep  1/25 | Loss: 0.3799
  ST specificity Ep  5/25 | Loss: 0.1052
  ST specificity Ep 10/25 | Loss: 0.0841
  ST specificity Ep 15/25 | Loss: 0.0688
  ST specificity Ep 20/25 | Loss: 0.0717
  ST specificity Ep 25/25 | Loss: 0.0647
[21:06:13] Job 150/336 | Site Kabat 102 | MOLM-ST OneHot specificity done in 20s
    MOLM-ST (OneHot      ) Aff:0.9127 MCC:0.826 | Spec:0.8998 MCC:0.795
[21:06:13] Job 151/336 | Site Kabat 102 | MOLM ESM2 start
[21:06:14] 🔄 RNG Reset: seed=149 (MOLM-ESM2 site 102)
  Ep  1/25 | Acc: 0.543/0.525 | Gap: +0.04/+0.02 | GradCos: +0.003
  Ep  5/25 | Acc: 0.740/0.802 | Gap: +0.43/+0.65 | GradCos: +0.204
  Ep 10/25 | Acc: 0.844/0.888 | Gap: +1.04/+1.30 | GradCos: +0.112
  Ep 15/25 | Acc: 0.867/0.906 | Gap: +1.23/+1.52 | GradCos: -0.010
  Ep 20/25 | Acc: 0.861/0.899 | Gap: +1.32/+1.55 | GradCos: -0.010
  Ep 25/25 | Acc: 0.877/0.899 | Gap: +1.43/+1.65 | GradCos: +0.190
    MOLM (ESM2        ) Aff:0.7111 MCC:0.482 | Spec:0.6651 MCC:0.479
[21:06:58] Job 151/336 | Site Kabat 102 | MOLM ESM2 done in 45s
[21:06:58] Job 152/336 | Site Kabat 102 | MOLM-ST ESM2 affinity start
[21:06:58] 🔄 RNG Reset: seed=649 (MOLM-ST affinity)
  ST affinity Ep  1/25 | Loss: 0.3774
  ST affinity Ep  5/25 | Loss: 0.2280
  ST affinity Ep 10/25 | Loss: 0.1464
  ST affinity Ep 15/25 | Loss: 0.1246
  ST affinity Ep 20/25 | Loss: 0.1177
  ST affinity Ep 25/25 | Loss: 0.1138
[21:07:18] Job 152/336 | Site Kabat 102 | MOLM-ST ESM2 affinity done in 20s
[21:07:18] Job 153/336 | Site Kabat 102 | MOLM-ST ESM2 specificity start
[21:07:18] 🔄 RNG Reset: seed=749 (MOLM-ST specificity)
  ST specificity Ep  1/25 | Loss: 0.5029
  ST specificity Ep  5/25 | Loss: 0.2035
  ST specificity Ep 10/25 | Loss: 0.1144
  ST specificity Ep 15/25 | Loss: 0.0984
  ST specificity Ep 20/25 | Loss: 0.0945
  ST specificity Ep 25/25 | Loss: 0.0887
[21:07:38] Job 153/336 | Site Kabat 102 | MOLM-ST ESM2 specificity done in 20s
    MOLM-ST (ESM2        ) Aff:0.6910 MCC:0.448 | Spec:0.8042 MCC:0.659
[21:07:38] Job 154/336 | Site Kabat 102 | MOLM Fusion-ESM2 start
[21:07:38] 🔄 RNG Reset: seed=249 (MOLM-Fusion-ESM2 site 102)
  Ep  1/25 | Acc: 0.525/0.564 | Gap: +0.07/+0.17 | GradCos: +0.007
  Ep  5/25 | Acc: 0.878/0.873 | Gap: +1.24/+1.26 | GradCos: +0.069
  Ep 10/25 | Acc: 0.909/0.905 | Gap: +1.68/+1.65 | GradCos: +0.029
  Ep 15/25 | Acc: 0.918/0.913 | Gap: +1.84/+1.83 | GradCos: +0.054
  Ep 20/25 | Acc: 0.927/0.925 | Gap: +1.98/+2.00 | GradCos: +0.028
  Ep 25/25 | Acc: 0.921/0.925 | Gap: +2.06/+2.05 | GradCos: +0.045
    MOLM (Fusion-ESM2 ) Aff:0.9186 MCC:0.836 | Spec:0.8880 MCC:0.779
[21:08:26] Job 154/336 | Site Kabat 102 | MOLM Fusion-ESM2 done in 48s
[21:08:26] Job 155/336 | Site Kabat 102 | MOLM-ST Fusion-ESM2 affinity start
[21:08:26] 🔄 RNG Reset: seed=749 (MOLM-ST affinity)
  ST affinity Ep  1/25 | Loss: 0.3023
  ST affinity Ep  5/25 | Loss: 0.1096
  ST affinity Ep 10/25 | Loss: 0.0939
  ST affinity Ep 15/25 | Loss: 0.0854
  ST affinity Ep 20/25 | Loss: 0.0826
  ST affinity Ep 25/25 | Loss: 0.0755
[21:08:48] Job 155/336 | Site Kabat 102 | MOLM-ST Fusion-ESM2 affinity done in 22s
[21:08:48] Job 156/336 | Site Kabat 102 | MOLM-ST Fusion-ESM2 specificity start
[21:08:48] 🔄 RNG Reset: seed=849 (MOLM-ST specificity)
  ST specificity Ep  1/25 | Loss: 0.3652
  ST specificity Ep  5/25 | Loss: 0.1028
  ST specificity Ep 10/25 | Loss: 0.0814
  ST specificity Ep 15/25 | Loss: 0.0732
  ST specificity Ep 20/25 | Loss: 0.0696
  ST specificity Ep 25/25 | Loss: 0.0644
[21:09:10] Job 156/336 | Site Kabat 102 | MOLM-ST Fusion-ESM2 specificity done in 22s
    MOLM-ST (Fusion-ESM2 ) Aff:0.9163 MCC:0.832 | Spec:0.8691 MCC:0.751
[21:09:10] Job 157/336 | Site Kabat 102 | NN OneHot affinity start
[21:09:10] 🔄 RNG Reset: seed=742 (NN-OneHot site 102 aff)
[21:09:24] Job 157/336 | Site Kabat 102 | NN OneHot affinity done in 14s
[21:09:24] Job 158/336 | Site Kabat 102 | NN OneHot specificity start
[21:09:25] 🔄 RNG Reset: seed=792 (NN-OneHot site 102 spec)
[21:09:38] Job 158/336 | Site Kabat 102 | NN OneHot specificity done in 13s
    NN (OneHot      )    Aff:0.9198 MCC:0.840 | Spec:0.9045 MCC:0.804
[21:09:38] Job 159/336 | Site Kabat 102 | NN ESM2 affinity start
[21:09:38] 🔄 RNG Reset: seed=1042 (NN-ESM2 site 102 aff)
[21:09:46] Job 159/336 | Site Kabat 102 | NN ESM2 affinity done in 9s
[21:09:47] Job 160/336 | Site Kabat 102 | NN ESM2 specificity start
[21:09:47] 🔄 RNG Reset: seed=1092 (NN-ESM2 site 102 spec)
[21:09:55] Job 160/336 | Site Kabat 102 | NN ESM2 specificity done in 9s
    NN (ESM2        )    Aff:0.6781 MCC:0.422 | Spec:0.6521 MCC:0.461
[21:09:55] Job 161/336 | Site Kabat 102 | NN Fusion-ESM2 affinity start
[21:09:55] 🔄 RNG Reset: seed=942 (NN-Fusion-ESM2 site 102 aff)
[21:10:08] Job 161/336 | Site Kabat 102 | NN Fusion-ESM2 affinity done in 13s
[21:10:08] Job 162/336 | Site Kabat 102 | NN Fusion-ESM2 specificity start
[21:10:08] 🔄 RNG Reset: seed=992 (NN-Fusion-ESM2 site 102 spec)
[21:10:21] Job 162/336 | Site Kabat 102 | NN Fusion-ESM2 specificity done in 13s
    NN (Fusion-ESM2 )    Aff:0.9033 MCC:0.809 | Spec:0.9009 MCC:0.799
[21:10:22] Job 163/336 | Site Kabat 102 | LDA OneHot fit/eval start
[21:10:31] Job 164/336 | Site Kabat 102 | LDA OneHot done in 9s
    LDA (OneHot      )  Aff:0.9127 MCC:0.826 | Spec:0.9057 MCC:0.806
[21:10:31] Job 165/336 | Site Kabat 102 | LDA ESM2 fit/eval start
[21:10:32] Job 166/336 | Site Kabat 102 | LDA ESM2 done in 1s
    LDA (ESM2        )  Aff:0.8892 MCC:0.779 | Spec:0.8561 MCC:0.704
[21:10:32] Job 167/336 | Site Kabat 102 | LDA Fusion-ESM2 fit/eval start
[21:10:42] Job 168/336 | Site Kabat 102 | LDA Fusion-ESM2 done in 11s
    LDA (Fusion-ESM2 )  Aff:0.7252 MCC:0.507 | Spec:0.8715 MCC:0.740
[21:10:42] Mode 1/2 | Site 8/8 done: Kabat 102 in 5.9m

  ==========================================================================================
  TOP-PERFORMING HELD-OUT SUMMARY (mean ± std across 8 sites)
  ==========================================================================================
  Model                               Aff Acc    Aff MCC     Spec Acc   Spec MCC
  ------------------------------------------------------------------------------------------
  MOLM (OneHot)                  0.9133±0.0314      0.717 0.8819±0.0568      0.729
  MOLM-ST (OneHot)               0.9200±0.0295      0.747 0.8649±0.0622      0.709
  MOLM (ESM2)                    0.8332±0.0706      0.586 0.8542±0.0750      0.661
  MOLM-ST (ESM2)                 0.8463±0.0842      0.591 0.8557±0.0514      0.667
  MOLM (Fusion-ESM2)             0.9183±0.0320      0.731 0.8806±0.0442      0.726
  MOLM-ST (Fusion-ESM2)          0.9191±0.0275      0.729 0.8645±0.0602      0.704
  NN (OneHot)                    0.8915±0.0606      0.695 0.8849±0.0432      0.730
  NN (ESM2)                      0.8505±0.0906      0.584 0.8438±0.0822      0.650
  NN (Fusion-ESM2)               0.8978±0.0412      0.693 0.8803±0.0524      0.728
  LDA (OneHot)                   0.8951±0.0407      0.698 0.8603±0.0665      0.699
  LDA (ESM2)                     0.8262±0.1329      0.583 0.7880±0.1315      0.512
  LDA (Fusion-ESM2)              0.7812±0.1488      0.455 0.6712±0.2080      0.478

  McNemar (MOLM(Fusion-ESM2) vs baselines):
    vs_molm_st          : Aff 4/8 sig | Spec 5/8 sig
    vs_nn_oh            : Aff 5/8 sig | Spec 4/8 sig
    vs_nn_esm2          : Aff 5/8 sig | Spec 4/8 sig
    vs_nn_fesm2         : Aff 6/8 sig | Spec 3/8 sig
    vs_lda              : Aff 3/8 sig | Spec 4/8 sig

  McNemar (MOLM(OneHot) vs baselines):
    vs_molm_st          : Aff 4/8 sig | Spec 4/8 sig
    vs_nn_oh            : Aff 5/8 sig | Spec 5/8 sig
    vs_nn_esm2          : Aff 3/8 sig | Spec 7/8 sig
    vs_nn_fesm2         : Aff 4/8 sig | Spec 4/8 sig
    vs_lda              : Aff 4/8 sig | Spec 5/8 sig
[21:10:42] Mode 1/2 done: TOP-PERFORMING

🧬 Held-out evaluation (WILD-TYPE)...
  Sites: [33, 50, 54, 55, 56, 95, 97, 102], Primary: Fusion-ESM2
[21:10:42] Mode 2/2 start: WILD-TYPE | 8 sites, 21 jobs/site
[21:10:42] Mode 2/2 | Site 1/8 start: Kabat 33, residue 'Y', train=1414, test=2586
[21:10:42] Job 169/336 | Site Kabat 33 | MOLM OneHot start
[21:10:42] 🔄 RNG Reset: seed=42 (MOLM-OneHot site 33)
  Ep  1/25 | Acc: 0.656/0.743 | Gap: +0.01/-0.02 | GradCos: +0.029
  Ep  5/25 | Acc: 0.712/0.824 | Gap: +0.40/+0.66 | GradCos: +0.084
  Ep 10/25 | Acc: 0.833/0.873 | Gap: +0.92/+1.10 | GradCos: +0.119
  Ep 15/25 | Acc: 0.879/0.891 | Gap: +1.18/+1.22 | GradCos: -0.063
  Ep 20/25 | Acc: 0.893/0.898 | Gap: +1.32/+1.39 | GradCos: -0.052
  Ep 25/25 | Acc: 0.918/0.914 | Gap: +1.49/+1.48 | GradCos: +0.037
    MOLM (OneHot      ) Aff:0.8685 MCC:0.699 | Spec:0.8770 MCC:0.740
[21:11:07] Job 169/336 | Site Kabat 33 | MOLM OneHot done in 25s
[21:11:07] Job 170/336 | Site Kabat 33 | MOLM-ST OneHot affinity start
[21:11:07] 🔄 RNG Reset: seed=542 (MOLM-ST affinity)
  ST affinity Ep  1/25 | Loss: 0.3432
  ST affinity Ep  5/25 | Loss: 0.1828
  ST affinity Ep 10/25 | Loss: 0.1151
  ST affinity Ep 15/25 | Loss: 0.1027
  ST affinity Ep 20/25 | Loss: 0.0959
  ST affinity Ep 25/25 | Loss: 0.0914
[21:11:16] Job 170/336 | Site Kabat 33 | MOLM-ST OneHot affinity done in 9s
[21:11:17] Job 171/336 | Site Kabat 33 | MOLM-ST OneHot specificity start
[21:11:17] 🔄 RNG Reset: seed=642 (MOLM-ST specificity)
  ST specificity Ep  1/25 | Loss: 0.4599
  ST specificity Ep  5/25 | Loss: 0.1552
  ST specificity Ep 10/25 | Loss: 0.1068
  ST specificity Ep 15/25 | Loss: 0.0886
  ST specificity Ep 20/25 | Loss: 0.0836
  ST specificity Ep 25/25 | Loss: 0.0726
[21:11:26] Job 171/336 | Site Kabat 33 | MOLM-ST OneHot specificity done in 9s
    MOLM-ST (OneHot      ) Aff:0.8654 MCC:0.694 | Spec:0.8097 MCC:0.652
[21:11:26] Job 172/336 | Site Kabat 33 | MOLM ESM2 start
[21:11:26] 🔄 RNG Reset: seed=142 (MOLM-ESM2 site 33)
  Ep  1/25 | Acc: 0.582/0.551 | Gap: -0.02/+0.03 | GradCos: +0.040
  Ep  5/25 | Acc: 0.653/0.716 | Gap: +0.05/+0.02 | GradCos: +0.044
  Ep 10/25 | Acc: 0.674/0.780 | Gap: +0.23/+0.35 | GradCos: +0.090
  Ep 15/25 | Acc: 0.708/0.825 | Gap: +0.43/+0.64 | GradCos: +0.150
  Ep 20/25 | Acc: 0.753/0.845 | Gap: +0.58/+0.70 | GradCos: +0.077
  Ep 25/25 | Acc: 0.786/0.869 | Gap: +0.68/+0.86 | GradCos: +0.148
    MOLM (ESM2        ) Aff:0.7185 MCC:0.496 | Spec:0.7734 MCC:0.597
[21:11:41] Job 172/336 | Site Kabat 33 | MOLM ESM2 done in 15s
[21:11:41] Job 173/336 | Site Kabat 33 | MOLM-ST ESM2 affinity start
[21:11:41] 🔄 RNG Reset: seed=642 (MOLM-ST affinity)
  ST affinity Ep  1/25 | Loss: 0.3908
  ST affinity Ep  5/25 | Loss: 0.3464
  ST affinity Ep 10/25 | Loss: 0.3221
  ST affinity Ep 15/25 | Loss: 0.2472
  ST affinity Ep 20/25 | Loss: 0.2007
  ST affinity Ep 25/25 | Loss: 0.1886
[21:11:48] Job 173/336 | Site Kabat 33 | MOLM-ST ESM2 affinity done in 7s
[21:11:48] Job 174/336 | Site Kabat 33 | MOLM-ST ESM2 specificity start
[21:11:48] 🔄 RNG Reset: seed=742 (MOLM-ST specificity)
  ST specificity Ep  1/25 | Loss: 0.5100
  ST specificity Ep  5/25 | Loss: 0.3571
  ST specificity Ep 10/25 | Loss: 0.2540
  ST specificity Ep 15/25 | Loss: 0.1677
  ST specificity Ep 20/25 | Loss: 0.1467
  ST specificity Ep 25/25 | Loss: 0.1301
[21:11:55] Job 174/336 | Site Kabat 33 | MOLM-ST ESM2 specificity done in 7s
    MOLM-ST (ESM2        ) Aff:0.7382 MCC:0.520 | Spec:0.7660 MCC:0.593
[21:11:56] Job 175/336 | Site Kabat 33 | MOLM Fusion-ESM2 start
[21:11:56] 🔄 RNG Reset: seed=242 (MOLM-Fusion-ESM2 site 33)
  Ep  1/25 | Acc: 0.599/0.534 | Gap: -0.01/+0.00 | GradCos: -0.057
  Ep  5/25 | Acc: 0.767/0.831 | Gap: +0.53/+0.78 | GradCos: +0.058
  Ep 10/25 | Acc: 0.868/0.871 | Gap: +1.03/+1.10 | GradCos: +0.080
  Ep 15/25 | Acc: 0.870/0.887 | Gap: +1.22/+1.24 | GradCos: +0.059
  Ep 20/25 | Acc: 0.887/0.909 | Gap: +1.38/+1.36 | GradCos: +0.037
  Ep 25/25 | Acc: 0.908/0.923 | Gap: +1.47/+1.53 | GradCos: +0.010
    MOLM (Fusion-ESM2 ) Aff:0.8310 MCC:0.651 | Spec:0.7811 MCC:0.613
[21:12:25] Job 175/336 | Site Kabat 33 | MOLM Fusion-ESM2 done in 29s
[21:12:25] Job 176/336 | Site Kabat 33 | MOLM-ST Fusion-ESM2 affinity start
[21:12:25] 🔄 RNG Reset: seed=742 (MOLM-ST affinity)
  ST affinity Ep  1/25 | Loss: 0.4092
  ST affinity Ep  5/25 | Loss: 0.1940
  ST affinity Ep 10/25 | Loss: 0.1233
  ST affinity Ep 15/25 | Loss: 0.1025
  ST affinity Ep 20/25 | Loss: 0.1029
  ST affinity Ep 25/25 | Loss: 0.0846
[21:12:40] Job 176/336 | Site Kabat 33 | MOLM-ST Fusion-ESM2 affinity done in 16s
[21:12:41] Job 177/336 | Site Kabat 33 | MOLM-ST Fusion-ESM2 specificity start
[21:12:41] 🔄 RNG Reset: seed=842 (MOLM-ST specificity)
  ST specificity Ep  1/25 | Loss: 0.4759
  ST specificity Ep  5/25 | Loss: 0.1622
  ST specificity Ep 10/25 | Loss: 0.1425
  ST specificity Ep 15/25 | Loss: 0.0961
  ST specificity Ep 20/25 | Loss: 0.0894
  ST specificity Ep 25/25 | Loss: 0.0722
[21:12:59] Job 177/336 | Site Kabat 33 | MOLM-ST Fusion-ESM2 specificity done in 18s
    MOLM-ST (Fusion-ESM2 ) Aff:0.8531 MCC:0.677 | Spec:0.8434 MCC:0.689
[21:12:59] Job 178/336 | Site Kabat 33 | NN OneHot affinity start
[21:12:59] 🔄 RNG Reset: seed=42 (NN-OneHot site 33 aff)
[21:13:05] Job 178/336 | Site Kabat 33 | NN OneHot affinity done in 7s
[21:13:06] Job 179/336 | Site Kabat 33 | NN OneHot specificity start
[21:13:06] 🔄 RNG Reset: seed=92 (NN-OneHot site 33 spec)
[21:13:12] Job 179/336 | Site Kabat 33 | NN OneHot specificity done in 7s
    NN (OneHot      )    Aff:0.8882 MCC:0.732 | Spec:0.8681 MCC:0.731
[21:13:12] Job 180/336 | Site Kabat 33 | NN ESM2 affinity start
[21:13:13] 🔄 RNG Reset: seed=342 (NN-ESM2 site 33 aff)
[21:13:17] Job 180/336 | Site Kabat 33 | NN ESM2 affinity done in 5s
[21:13:17] Job 181/336 | Site Kabat 33 | NN ESM2 specificity start
[21:13:17] 🔄 RNG Reset: seed=392 (NN-ESM2 site 33 spec)
[21:13:22] Job 181/336 | Site Kabat 33 | NN ESM2 specificity done in 5s
    NN (ESM2        )    Aff:0.7452 MCC:0.528 | Spec:0.8353 MCC:0.679
[21:13:22] Job 182/336 | Site Kabat 33 | NN Fusion-ESM2 affinity start
[21:13:23] 🔄 RNG Reset: seed=242 (NN-Fusion-ESM2 site 33 aff)
[21:13:30] Job 182/336 | Site Kabat 33 | NN Fusion-ESM2 affinity done in 7s
[21:13:30] Job 183/336 | Site Kabat 33 | NN Fusion-ESM2 specificity start
[21:13:30] 🔄 RNG Reset: seed=292 (NN-Fusion-ESM2 site 33 spec)
[21:13:37] Job 183/336 | Site Kabat 33 | NN Fusion-ESM2 specificity done in 7s
    NN (Fusion-ESM2 )    Aff:0.8480 MCC:0.671 | Spec:0.8523 MCC:0.711
[21:13:37] Job 184/336 | Site Kabat 33 | LDA OneHot fit/eval start
[21:13:42] Job 185/336 | Site Kabat 33 | LDA OneHot done in 5s
    LDA (OneHot      )  Aff:0.7997 MCC:0.607 | Spec:0.8248 MCC:0.667
[21:13:42] Job 186/336 | Site Kabat 33 | LDA ESM2 fit/eval start
[21:13:42] Job 187/336 | Site Kabat 33 | LDA ESM2 done in 0s
    LDA (ESM2        )  Aff:0.8101 MCC:0.457 | Spec:0.7220 MCC:0.364
[21:13:42] Job 188/336 | Site Kabat 33 | LDA Fusion-ESM2 fit/eval start
[21:13:48] Job 189/336 | Site Kabat 33 | LDA Fusion-ESM2 done in 6s
    LDA (Fusion-ESM2 )  Aff:0.7881 MCC:0.413 | Spec:0.6388 MCC:0.091
[21:13:48] Mode 2/2 | Site 1/8 done: Kabat 33 in 3.1m
[21:13:48] Mode 2/2 | Site 2/8 start: Kabat 50, residue 'R', train=1605, test=2395
[21:13:48] Job 190/336 | Site Kabat 50 | MOLM OneHot start
[21:13:48] 🔄 RNG Reset: seed=43 (MOLM-OneHot site 50)
  Ep  1/25 | Acc: 0.651/0.635 | Gap: +0.01/+0.07 | GradCos: -0.031
  Ep  5/25 | Acc: 0.790/0.863 | Gap: +0.64/+0.95 | GradCos: +0.013
  Ep 10/25 | Acc: 0.854/0.924 | Gap: +1.04/+1.51 | GradCos: +0.049
  Ep 15/25 | Acc: 0.872/0.914 | Gap: +1.29/+1.66 | GradCos: -0.013
  Ep 20/25 | Acc: 0.894/0.944 | Gap: +1.50/+1.79 | GradCos: -0.051
  Ep 25/25 | Acc: 0.902/0.942 | Gap: +1.63/+1.95 | GradCos: +0.052
    MOLM (OneHot      ) Aff:0.6697 MCC:0.412 | Spec:0.7152 MCC:0.526
[21:14:26] Job 190/336 | Site Kabat 50 | MOLM OneHot done in 38s
[21:14:26] Job 191/336 | Site Kabat 50 | MOLM-ST OneHot affinity start
[21:14:27] 🔄 RNG Reset: seed=543 (MOLM-ST affinity)
  ST affinity Ep  1/25 | Loss: 0.3806
  ST affinity Ep  5/25 | Loss: 0.1684
  ST affinity Ep 10/25 | Loss: 0.1265
  ST affinity Ep 15/25 | Loss: 0.0989
  ST affinity Ep 20/25 | Loss: 0.1011
  ST affinity Ep 25/25 | Loss: 0.0940
[21:14:47] Job 191/336 | Site Kabat 50 | MOLM-ST OneHot affinity done in 21s
[21:14:47] Job 192/336 | Site Kabat 50 | MOLM-ST OneHot specificity start
[21:14:47] 🔄 RNG Reset: seed=643 (MOLM-ST specificity)
  ST specificity Ep  1/25 | Loss: 0.4237
  ST specificity Ep  5/25 | Loss: 0.1205
  ST specificity Ep 10/25 | Loss: 0.0740
  ST specificity Ep 15/25 | Loss: 0.0869
  ST specificity Ep 20/25 | Loss: 0.0574
  ST specificity Ep 25/25 | Loss: 0.0534
[21:14:59] Job 192/336 | Site Kabat 50 | MOLM-ST OneHot specificity done in 12s
    MOLM-ST (OneHot      ) Aff:0.6660 MCC:0.404 | Spec:0.7729 MCC:0.587
[21:14:59] Job 193/336 | Site Kabat 50 | MOLM ESM2 start
[21:14:59] 🔄 RNG Reset: seed=143 (MOLM-ESM2 site 50)
  Ep  1/25 | Acc: 0.693/0.737 | Gap: +0.02/-0.00 | GradCos: +0.033
  Ep  5/25 | Acc: 0.705/0.772 | Gap: +0.03/+0.06 | GradCos: +0.011
  Ep 10/25 | Acc: 0.718/0.782 | Gap: +0.02/+0.21 | GradCos: +0.126
  Ep 15/25 | Acc: 0.730/0.827 | Gap: +0.24/+0.59 | GradCos: +0.123
  Ep 20/25 | Acc: 0.769/0.880 | Gap: +0.42/+0.88 | GradCos: -0.011
  Ep 25/25 | Acc: 0.794/0.891 | Gap: +0.49/+1.10 | GradCos: +0.043
    MOLM (ESM2        ) Aff:0.5449 MCC:0.325 | Spec:0.8205 MCC:0.638
[21:15:16] Job 193/336 | Site Kabat 50 | MOLM ESM2 done in 17s
[21:15:16] Job 194/336 | Site Kabat 50 | MOLM-ST ESM2 affinity start
[21:15:16] 🔄 RNG Reset: seed=643 (MOLM-ST affinity)
  ST affinity Ep  1/25 | Loss: 0.4028
  ST affinity Ep  5/25 | Loss: 0.3167
  ST affinity Ep 10/25 | Loss: 0.2945
  ST affinity Ep 15/25 | Loss: 0.2517
  ST affinity Ep 20/25 | Loss: 0.2017
  ST affinity Ep 25/25 | Loss: 0.1879
[21:15:24] Job 194/336 | Site Kabat 50 | MOLM-ST ESM2 affinity done in 8s
[21:15:24] Job 195/336 | Site Kabat 50 | MOLM-ST ESM2 specificity start
[21:15:25] 🔄 RNG Reset: seed=743 (MOLM-ST specificity)
  ST specificity Ep  1/25 | Loss: 0.5537
  ST specificity Ep  5/25 | Loss: 0.4527
  ST specificity Ep 10/25 | Loss: 0.2238
  ST specificity Ep 15/25 | Loss: 0.1559
  ST specificity Ep 20/25 | Loss: 0.1198
  ST specificity Ep 25/25 | Loss: 0.1050
[21:15:33] Job 195/336 | Site Kabat 50 | MOLM-ST ESM2 specificity done in 9s
    MOLM-ST (ESM2        ) Aff:0.5587 MCC:0.330 | Spec:0.8731 MCC:0.709
[21:15:33] Job 196/336 | Site Kabat 50 | MOLM Fusion-ESM2 start
[21:15:33] 🔄 RNG Reset: seed=243 (MOLM-Fusion-ESM2 site 50)
  Ep  1/25 | Acc: 0.666/0.418 | Gap: +0.02/+0.03 | GradCos: +0.009
  Ep  5/25 | Acc: 0.809/0.847 | Gap: +0.69/+0.78 | GradCos: +0.071
  Ep 10/25 | Acc: 0.867/0.913 | Gap: +1.15/+1.19 | GradCos: -0.013
  Ep 15/25 | Acc: 0.853/0.927 | Gap: +1.25/+1.43 | GradCos: +0.026
  Ep 20/25 | Acc: 0.890/0.932 | Gap: +1.43/+1.68 | GradCos: -0.030
  Ep 25/25 | Acc: 0.896/0.938 | Gap: +1.54/+1.83 | GradCos: +0.040
    MOLM (Fusion-ESM2 ) Aff:0.6768 MCC:0.421 | Spec:0.7269 MCC:0.535
[21:15:51] Job 196/336 | Site Kabat 50 | MOLM Fusion-ESM2 done in 18s
[21:15:51] Job 197/336 | Site Kabat 50 | MOLM-ST Fusion-ESM2 affinity start
[21:15:51] 🔄 RNG Reset: seed=743 (MOLM-ST affinity)
  ST affinity Ep  1/25 | Loss: 0.3745
  ST affinity Ep  5/25 | Loss: 0.1693
  ST affinity Ep 10/25 | Loss: 0.1230
  ST affinity Ep 15/25 | Loss: 0.1090
  ST affinity Ep 20/25 | Loss: 0.1116
  ST affinity Ep 25/25 | Loss: 0.0985
[21:16:00] Job 197/336 | Site Kabat 50 | MOLM-ST Fusion-ESM2 affinity done in 9s
[21:16:00] Job 198/336 | Site Kabat 50 | MOLM-ST Fusion-ESM2 specificity start
[21:16:01] 🔄 RNG Reset: seed=843 (MOLM-ST specificity)
  ST specificity Ep  1/25 | Loss: 0.4647
  ST specificity Ep  5/25 | Loss: 0.1275
  ST specificity Ep 10/25 | Loss: 0.0740
  ST specificity Ep 15/25 | Loss: 0.0858
  ST specificity Ep 20/25 | Loss: 0.0664
  ST specificity Ep 25/25 | Loss: 0.0612
[21:16:11] Job 198/336 | Site Kabat 50 | MOLM-ST Fusion-ESM2 specificity done in 10s
    MOLM-ST (Fusion-ESM2 ) Aff:0.6138 MCC:0.374 | Spec:0.8188 MCC:0.645
[21:16:11] Job 199/336 | Site Kabat 50 | NN OneHot affinity start
[21:16:11] 🔄 RNG Reset: seed=142 (NN-OneHot site 50 aff)
[21:16:18] Job 199/336 | Site Kabat 50 | NN OneHot affinity done in 8s
[21:16:18] Job 200/336 | Site Kabat 50 | NN OneHot specificity start
[21:16:18] 🔄 RNG Reset: seed=192 (NN-OneHot site 50 spec)
[21:16:26] Job 200/336 | Site Kabat 50 | NN OneHot specificity done in 7s
    NN (OneHot      )    Aff:0.7019 MCC:0.434 | Spec:0.7537 MCC:0.568
[21:16:26] Job 201/336 | Site Kabat 50 | NN ESM2 affinity start
[21:16:26] 🔄 RNG Reset: seed=442 (NN-ESM2 site 50 aff)
[21:16:32] Job 201/336 | Site Kabat 50 | NN ESM2 affinity done in 6s
[21:16:32] Job 202/336 | Site Kabat 50 | NN ESM2 specificity start
[21:16:32] 🔄 RNG Reset: seed=492 (NN-ESM2 site 50 spec)
[21:16:39] Job 202/336 | Site Kabat 50 | NN ESM2 specificity done in 7s
    NN (ESM2        )    Aff:0.6225 MCC:0.368 | Spec:0.7891 MCC:0.600
[21:16:39] Job 203/336 | Site Kabat 50 | NN Fusion-ESM2 affinity start
[21:16:39] 🔄 RNG Reset: seed=342 (NN-Fusion-ESM2 site 50 aff)
[21:16:47] Job 203/336 | Site Kabat 50 | NN Fusion-ESM2 affinity done in 8s
[21:16:47] Job 204/336 | Site Kabat 50 | NN Fusion-ESM2 specificity start
[21:16:47] 🔄 RNG Reset: seed=392 (NN-Fusion-ESM2 site 50 spec)
[21:16:55] Job 204/336 | Site Kabat 50 | NN Fusion-ESM2 specificity done in 8s
    NN (Fusion-ESM2 )    Aff:0.7678 MCC:0.493 | Spec:0.7887 MCC:0.601
[21:16:55] Job 205/336 | Site Kabat 50 | LDA OneHot fit/eval start
[21:17:00] Job 206/336 | Site Kabat 50 | LDA OneHot done in 5s
    LDA (OneHot      )  Aff:0.7086 MCC:0.442 | Spec:0.7148 MCC:0.530
[21:17:00] Job 207/336 | Site Kabat 50 | LDA ESM2 fit/eval start
[21:17:01] Job 208/336 | Site Kabat 50 | LDA ESM2 done in 1s
    LDA (ESM2        )  Aff:0.3950 MCC:0.226 | Spec:0.6889 MCC:0.068
[21:17:01] Job 209/336 | Site Kabat 50 | LDA Fusion-ESM2 fit/eval start
[21:17:05] Job 210/336 | Site Kabat 50 | LDA Fusion-ESM2 done in 4s
    LDA (Fusion-ESM2 )  Aff:0.1578 MCC:0.025 | Spec:0.5002 MCC:-0.171
[21:17:05] Mode 2/2 | Site 2/8 done: Kabat 50 in 3.3m
[21:17:05] Mode 2/2 | Site 3/8 start: Kabat 54, residue 'R', train=655, test=3345
[21:17:05] Job 211/336 | Site Kabat 54 | MOLM OneHot start
[21:17:06] 🔄 RNG Reset: seed=44 (MOLM-OneHot site 54)
  Ep  1/25 | Acc: 0.485/0.379 | Gap: +0.00/+0.06 | GradCos: +0.118
  Ep  5/25 | Acc: 0.591/0.643 | Gap: +0.13/+0.30 | GradCos: +0.090
  Ep 10/25 | Acc: 0.778/0.845 | Gap: +0.66/+0.77 | GradCos: +0.089
  Ep 15/25 | Acc: 0.847/0.887 | Gap: +1.15/+1.09 | GradCos: -0.033
  Ep 20/25 | Acc: 0.889/0.902 | Gap: +1.49/+1.21 | GradCos: +0.009
  Ep 25/25 | Acc: 0.905/0.914 | Gap: +1.67/+1.34 | GradCos: -0.066
    MOLM (OneHot      ) Aff:0.9112 MCC:0.808 | Spec:0.8266 MCC:0.679
[21:17:13] Job 211/336 | Site Kabat 54 | MOLM OneHot done in 8s
[21:17:13] Job 212/336 | Site Kabat 54 | MOLM-ST OneHot affinity start
[21:17:14] 🔄 RNG Reset: seed=544 (MOLM-ST affinity)
  ST affinity Ep  1/25 | Loss: 0.4283
  ST affinity Ep  5/25 | Loss: 0.2395
  ST affinity Ep 10/25 | Loss: 0.1524
  ST affinity Ep 15/25 | Loss: 0.1034
  ST affinity Ep 20/25 | Loss: 0.1089
  ST affinity Ep 25/25 | Loss: 0.0852
[21:17:17] Job 212/336 | Site Kabat 54 | MOLM-ST OneHot affinity done in 4s
[21:17:18] Job 213/336 | Site Kabat 54 | MOLM-ST OneHot specificity start
[21:17:18] 🔄 RNG Reset: seed=644 (MOLM-ST specificity)
  ST specificity Ep  1/25 | Loss: 0.4487
  ST specificity Ep  5/25 | Loss: 0.2168
  ST specificity Ep 10/25 | Loss: 0.1430
  ST specificity Ep 15/25 | Loss: 0.0869
  ST specificity Ep 20/25 | Loss: 0.0762
  ST specificity Ep 25/25 | Loss: 0.0702
[21:17:21] Job 213/336 | Site Kabat 54 | MOLM-ST OneHot specificity done in 4s
    MOLM-ST (OneHot      ) Aff:0.8867 MCC:0.773 | Spec:0.8864 MCC:0.777
[21:17:22] Job 214/336 | Site Kabat 54 | MOLM ESM2 start
[21:17:22] 🔄 RNG Reset: seed=144 (MOLM-ESM2 site 54)
  Ep  1/25 | Acc: 0.481/0.620 | Gap: -0.01/+0.03 | GradCos: -0.004
  Ep  5/25 | Acc: 0.556/0.680 | Gap: +0.01/+0.13 | GradCos: -0.044
  Ep 10/25 | Acc: 0.552/0.684 | Gap: +0.04/+0.11 | GradCos: -0.025
  Ep 15/25 | Acc: 0.587/0.715 | Gap: +0.03/+0.14 | GradCos: +0.053
  Ep 20/25 | Acc: 0.568/0.699 | Gap: +0.03/+0.25 | GradCos: +0.079
  Ep 25/25 | Acc: 0.621/0.794 | Gap: +0.19/+0.58 | GradCos: +0.077
    MOLM (ESM2        ) Aff:0.6837 MCC:0.496 | Spec:0.8164 MCC:0.637
[21:17:29] Job 214/336 | Site Kabat 54 | MOLM ESM2 done in 7s
[21:17:29] Job 215/336 | Site Kabat 54 | MOLM-ST ESM2 affinity start
[21:17:29] 🔄 RNG Reset: seed=644 (MOLM-ST affinity)
  ST affinity Ep  1/25 | Loss: 0.3688
  ST affinity Ep  5/25 | Loss: 0.3526
  ST affinity Ep 10/25 | Loss: 0.3555
  ST affinity Ep 15/25 | Loss: 0.3358
  ST affinity Ep 20/25 | Loss: 0.2896
  ST affinity Ep 25/25 | Loss: 0.2411
[21:17:32] Job 215/336 | Site Kabat 54 | MOLM-ST ESM2 affinity done in 4s
[21:17:32] Job 216/336 | Site Kabat 54 | MOLM-ST ESM2 specificity start
[21:17:33] 🔄 RNG Reset: seed=744 (MOLM-ST specificity)
  ST specificity Ep  1/25 | Loss: 0.6891
  ST specificity Ep  5/25 | Loss: 0.4476
  ST specificity Ep 10/25 | Loss: 0.4385
  ST specificity Ep 15/25 | Loss: 0.2976
  ST specificity Ep 20/25 | Loss: 0.2233
  ST specificity Ep 25/25 | Loss: 0.1583
[21:17:36] Job 216/336 | Site Kabat 54 | MOLM-ST ESM2 specificity done in 3s
    MOLM-ST (ESM2        ) Aff:0.7830 MCC:0.558 | Spec:0.8341 MCC:0.666
[21:17:36] Job 217/336 | Site Kabat 54 | MOLM Fusion-ESM2 start
[21:17:36] 🔄 RNG Reset: seed=244 (MOLM-Fusion-ESM2 site 54)
  Ep  1/25 | Acc: 0.524/0.584 | Gap: +0.04/+0.05 | GradCos: -0.062
  Ep  5/25 | Acc: 0.665/0.757 | Gap: +0.25/+0.30 | GradCos: +0.046
  Ep 10/25 | Acc: 0.826/0.860 | Gap: +0.83/+0.73 | GradCos: +0.074
  Ep 15/25 | Acc: 0.862/0.884 | Gap: +1.15/+0.92 | GradCos: +0.043
  Ep 20/25 | Acc: 0.877/0.919 | Gap: +1.30/+1.17 | GradCos: +0.087
  Ep 25/25 | Acc: 0.899/0.906 | Gap: +1.42/+1.19 | GradCos: +0.073
    MOLM (Fusion-ESM2 ) Aff:0.9064 MCC:0.790 | Spec:0.8317 MCC:0.691
[21:17:44] Job 217/336 | Site Kabat 54 | MOLM Fusion-ESM2 done in 8s
[21:17:44] Job 218/336 | Site Kabat 54 | MOLM-ST Fusion-ESM2 affinity start
[21:17:44] 🔄 RNG Reset: seed=744 (MOLM-ST affinity)
  ST affinity Ep  1/25 | Loss: 0.3836
  ST affinity Ep  5/25 | Loss: 0.2203
  ST affinity Ep 10/25 | Loss: 0.1456
  ST affinity Ep 15/25 | Loss: 0.1176
  ST affinity Ep 20/25 | Loss: 0.1169
  ST affinity Ep 25/25 | Loss: 0.0962
[21:17:48] Job 218/336 | Site Kabat 54 | MOLM-ST Fusion-ESM2 affinity done in 4s
[21:17:48] Job 219/336 | Site Kabat 54 | MOLM-ST Fusion-ESM2 specificity start
[21:17:48] 🔄 RNG Reset: seed=844 (MOLM-ST specificity)
  ST specificity Ep  1/25 | Loss: 0.6507
  ST specificity Ep  5/25 | Loss: 0.2524
  ST specificity Ep 10/25 | Loss: 0.1774
  ST specificity Ep 15/25 | Loss: 0.1018
  ST specificity Ep 20/25 | Loss: 0.0974
  ST specificity Ep 25/25 | Loss: 0.0710
[21:17:52] Job 219/336 | Site Kabat 54 | MOLM-ST Fusion-ESM2 specificity done in 4s
    MOLM-ST (Fusion-ESM2 ) Aff:0.9202 MCC:0.823 | Spec:0.8329 MCC:0.688
[21:17:52] Job 220/336 | Site Kabat 54 | NN OneHot affinity start
[21:17:52] 🔄 RNG Reset: seed=242 (NN-OneHot site 54 aff)
[21:17:55] Job 220/336 | Site Kabat 54 | NN OneHot affinity done in 3s
[21:17:55] Job 221/336 | Site Kabat 54 | NN OneHot specificity start
[21:17:55] 🔄 RNG Reset: seed=292 (NN-OneHot site 54 spec)
[21:17:58] Job 221/336 | Site Kabat 54 | NN OneHot specificity done in 3s
    NN (OneHot      )    Aff:0.9085 MCC:0.807 | Spec:0.7839 MCC:0.619
[21:17:58] Job 222/336 | Site Kabat 54 | NN ESM2 affinity start
[21:17:58] 🔄 RNG Reset: seed=542 (NN-ESM2 site 54 aff)
[21:18:00] Job 222/336 | Site Kabat 54 | NN ESM2 affinity done in 2s
[21:18:00] Job 223/336 | Site Kabat 54 | NN ESM2 specificity start
[21:18:00] 🔄 RNG Reset: seed=592 (NN-ESM2 site 54 spec)
[21:18:02] Job 223/336 | Site Kabat 54 | NN ESM2 specificity done in 2s
    NN (ESM2        )    Aff:0.8003 MCC:0.552 | Spec:0.7827 MCC:0.603
[21:18:02] Job 224/336 | Site Kabat 54 | NN Fusion-ESM2 affinity start
[21:18:02] 🔄 RNG Reset: seed=442 (NN-Fusion-ESM2 site 54 aff)
[21:18:05] Job 224/336 | Site Kabat 54 | NN Fusion-ESM2 affinity done in 3s
[21:18:05] Job 225/336 | Site Kabat 54 | NN Fusion-ESM2 specificity start
[21:18:05] 🔄 RNG Reset: seed=492 (NN-Fusion-ESM2 site 54 spec)
[21:18:08] Job 225/336 | Site Kabat 54 | NN Fusion-ESM2 specificity done in 3s
    NN (Fusion-ESM2 )    Aff:0.8999 MCC:0.792 | Spec:0.7854 MCC:0.621
[21:18:08] Job 226/336 | Site Kabat 54 | LDA OneHot fit/eval start
[21:18:11] Job 227/336 | Site Kabat 54 | LDA OneHot done in 3s
    LDA (OneHot      )  Aff:0.8795 MCC:0.759 | Spec:0.7907 MCC:0.624
[21:18:11] Job 228/336 | Site Kabat 54 | LDA ESM2 fit/eval start
[21:18:12] Job 229/336 | Site Kabat 54 | LDA ESM2 done in 0s
    LDA (ESM2        )  Aff:0.7357 MCC:0.371 | Spec:0.5444 MCC:0.222
[21:18:12] Job 230/336 | Site Kabat 54 | LDA Fusion-ESM2 fit/eval start
[21:18:14] Job 231/336 | Site Kabat 54 | LDA Fusion-ESM2 done in 2s
    LDA (Fusion-ESM2 )  Aff:0.7016 MCC:0.272 | Spec:0.4963 MCC:-0.052
[21:18:14] Mode 2/2 | Site 3/8 done: Kabat 54 in 1.1m
[21:18:14] Mode 2/2 | Site 4/8 start: Kabat 55, residue 'R', train=1206, test=2794
[21:18:14] Job 232/336 | Site Kabat 55 | MOLM OneHot start
[21:18:14] 🔄 RNG Reset: seed=45 (MOLM-OneHot site 55)
  Ep  1/25 | Acc: 0.552/0.418 | Gap: -0.01/+0.05 | GradCos: -0.009
  Ep  5/25 | Acc: 0.661/0.795 | Gap: +0.26/+0.52 | GradCos: +0.044
  Ep 10/25 | Acc: 0.815/0.878 | Gap: +0.72/+1.10 | GradCos: +0.047
  Ep 15/25 | Acc: 0.876/0.890 | Gap: +1.05/+1.24 | GradCos: -0.014
  Ep 20/25 | Acc: 0.883/0.908 | Gap: +1.24/+1.50 | GradCos: +0.013
  Ep 25/25 | Acc: 0.894/0.926 | Gap: +1.40/+1.60 | GradCos: +0.047
    MOLM (OneHot      ) Aff:0.8812 MCC:0.751 | Spec:0.8658 MCC:0.745
[21:18:27] Job 232/336 | Site Kabat 55 | MOLM OneHot done in 13s
[21:18:27] Job 233/336 | Site Kabat 55 | MOLM-ST OneHot affinity start
[21:18:27] 🔄 RNG Reset: seed=545 (MOLM-ST affinity)
  ST affinity Ep  1/25 | Loss: 0.4936
  ST affinity Ep  5/25 | Loss: 0.2181
  ST affinity Ep 10/25 | Loss: 0.1297
  ST affinity Ep 15/25 | Loss: 0.1018
  ST affinity Ep 20/25 | Loss: 0.0996
  ST affinity Ep 25/25 | Loss: 0.0889
[21:18:34] Job 233/336 | Site Kabat 55 | MOLM-ST OneHot affinity done in 7s
[21:18:34] Job 234/336 | Site Kabat 55 | MOLM-ST OneHot specificity start
[21:18:35] 🔄 RNG Reset: seed=645 (MOLM-ST specificity)
  ST specificity Ep  1/25 | Loss: 0.5124
  ST specificity Ep  5/25 | Loss: 0.1966
  ST specificity Ep 10/25 | Loss: 0.1032
  ST specificity Ep 15/25 | Loss: 0.0850
  ST specificity Ep 20/25 | Loss: 0.0818
  ST specificity Ep 25/25 | Loss: 0.0864
[21:18:41] Job 234/336 | Site Kabat 55 | MOLM-ST OneHot specificity done in 7s
    MOLM-ST (OneHot      ) Aff:0.8640 MCC:0.726 | Spec:0.8901 MCC:0.787
[21:18:41] Job 235/336 | Site Kabat 55 | MOLM ESM2 start
[21:18:41] 🔄 RNG Reset: seed=145 (MOLM-ESM2 site 55)
  Ep  1/25 | Acc: 0.509/0.348 | Gap: +0.01/-0.01 | GradCos: +0.032
  Ep  5/25 | Acc: 0.559/0.602 | Gap: +0.03/+0.03 | GradCos: +0.036
  Ep 10/25 | Acc: 0.575/0.659 | Gap: +0.07/+0.14 | GradCos: +0.044
  Ep 15/25 | Acc: 0.652/0.782 | Gap: +0.26/+0.52 | GradCos: +0.214
  Ep 20/25 | Acc: 0.731/0.853 | Gap: +0.54/+0.87 | GradCos: +0.009
  Ep 25/25 | Acc: 0.759/0.867 | Gap: +0.71/+1.03 | GradCos: +0.115
    MOLM (ESM2        ) Aff:0.8232 MCC:0.581 | Spec:0.8683 MCC:0.726
[21:18:54] Job 235/336 | Site Kabat 55 | MOLM ESM2 done in 12s
[21:18:54] Job 236/336 | Site Kabat 55 | MOLM-ST ESM2 affinity start
[21:18:54] 🔄 RNG Reset: seed=645 (MOLM-ST affinity)
  ST affinity Ep  1/25 | Loss: 0.4610
  ST affinity Ep  5/25 | Loss: 0.3683
  ST affinity Ep 10/25 | Loss: 0.3316
  ST affinity Ep 15/25 | Loss: 0.2758
  ST affinity Ep 20/25 | Loss: 0.2237
  ST affinity Ep 25/25 | Loss: 0.1943
[21:19:00] Job 236/336 | Site Kabat 55 | MOLM-ST ESM2 affinity done in 6s
[21:19:00] Job 237/336 | Site Kabat 55 | MOLM-ST ESM2 specificity start
[21:19:00] 🔄 RNG Reset: seed=745 (MOLM-ST specificity)
  ST specificity Ep  1/25 | Loss: 0.5589
  ST specificity Ep  5/25 | Loss: 0.4499
  ST specificity Ep 10/25 | Loss: 0.3776
  ST specificity Ep 15/25 | Loss: 0.2267
  ST specificity Ep 20/25 | Loss: 0.1657
  ST specificity Ep 25/25 | Loss: 0.1260
[21:19:06] Job 237/336 | Site Kabat 55 | MOLM-ST ESM2 specificity done in 6s
    MOLM-ST (ESM2        ) Aff:0.8318 MCC:0.579 | Spec:0.8672 MCC:0.734
[21:19:06] Job 238/336 | Site Kabat 55 | MOLM Fusion-ESM2 start
[21:19:06] 🔄 RNG Reset: seed=245 (MOLM-Fusion-ESM2 site 55)
  Ep  1/25 | Acc: 0.565/0.565 | Gap: +0.05/-0.00 | GradCos: +0.003
  Ep  5/25 | Acc: 0.691/0.787 | Gap: +0.30/+0.50 | GradCos: +0.123
  Ep 10/25 | Acc: 0.834/0.880 | Gap: +0.99/+1.21 | GradCos: +0.085
  Ep 15/25 | Acc: 0.863/0.894 | Gap: +1.34/+1.32 | GradCos: +0.078
  Ep 20/25 | Acc: 0.890/0.906 | Gap: +1.44/+1.37 | GradCos: +0.075
  Ep 25/25 | Acc: 0.902/0.914 | Gap: +1.68/+1.53 | GradCos: +0.067
    MOLM (Fusion-ESM2 ) Aff:0.9120 MCC:0.790 | Spec:0.9037 MCC:0.800
[21:19:29] Job 238/336 | Site Kabat 55 | MOLM Fusion-ESM2 done in 22s
[21:19:29] Job 239/336 | Site Kabat 55 | MOLM-ST Fusion-ESM2 affinity start
[21:19:29] 🔄 RNG Reset: seed=745 (MOLM-ST affinity)
  ST affinity Ep  1/25 | Loss: 0.3765
  ST affinity Ep  5/25 | Loss: 0.1968
  ST affinity Ep 10/25 | Loss: 0.1316
  ST affinity Ep 15/25 | Loss: 0.1095
  ST affinity Ep 20/25 | Loss: 0.0957
  ST affinity Ep 25/25 | Loss: 0.1064
[21:19:43] Job 239/336 | Site Kabat 55 | MOLM-ST Fusion-ESM2 affinity done in 15s
[21:19:43] Job 240/336 | Site Kabat 55 | MOLM-ST Fusion-ESM2 specificity start
[21:19:44] 🔄 RNG Reset: seed=845 (MOLM-ST specificity)
  ST specificity Ep  1/25 | Loss: 0.4834
  ST specificity Ep  5/25 | Loss: 0.1765
  ST specificity Ep 10/25 | Loss: 0.1137
  ST specificity Ep 15/25 | Loss: 0.0859
  ST specificity Ep 20/25 | Loss: 0.0921
  ST specificity Ep 25/25 | Loss: 0.0834
[21:19:53] Job 240/336 | Site Kabat 55 | MOLM-ST Fusion-ESM2 specificity done in 10s
    MOLM-ST (Fusion-ESM2 ) Aff:0.8848 MCC:0.760 | Spec:0.9105 MCC:0.815
[21:19:53] Job 241/336 | Site Kabat 55 | NN OneHot affinity start
[21:19:53] 🔄 RNG Reset: seed=342 (NN-OneHot site 55 aff)
[21:19:58] Job 241/336 | Site Kabat 55 | NN OneHot affinity done in 5s
[21:19:58] Job 242/336 | Site Kabat 55 | NN OneHot specificity start
[21:19:58] 🔄 RNG Reset: seed=392 (NN-OneHot site 55 spec)
[21:20:03] Job 242/336 | Site Kabat 55 | NN OneHot specificity done in 5s
    NN (OneHot      )    Aff:0.9155 MCC:0.812 | Spec:0.8862 MCC:0.784
[21:20:03] Job 243/336 | Site Kabat 55 | NN ESM2 affinity start
[21:20:03] 🔄 RNG Reset: seed=642 (NN-ESM2 site 55 aff)
[21:20:06] Job 243/336 | Site Kabat 55 | NN ESM2 affinity done in 3s
[21:20:07] Job 244/336 | Site Kabat 55 | NN ESM2 specificity start
[21:20:07] 🔄 RNG Reset: seed=692 (NN-ESM2 site 55 spec)
[21:20:10] Job 244/336 | Site Kabat 55 | NN ESM2 specificity done in 3s
    NN (ESM2        )    Aff:0.8243 MCC:0.557 | Spec:0.8708 MCC:0.740
[21:20:10] Job 245/336 | Site Kabat 55 | NN Fusion-ESM2 affinity start
[21:20:10] 🔄 RNG Reset: seed=542 (NN-Fusion-ESM2 site 55 aff)
[21:20:15] Job 245/336 | Site Kabat 55 | NN Fusion-ESM2 affinity done in 5s
[21:20:15] Job 246/336 | Site Kabat 55 | NN Fusion-ESM2 specificity start
[21:20:15] 🔄 RNG Reset: seed=592 (NN-Fusion-ESM2 site 55 spec)
[21:20:20] Job 246/336 | Site Kabat 55 | NN Fusion-ESM2 specificity done in 5s
    NN (Fusion-ESM2 )    Aff:0.8840 MCC:0.758 | Spec:0.8772 MCC:0.763
[21:20:20] Job 247/336 | Site Kabat 55 | LDA OneHot fit/eval start
[21:20:25] Job 248/336 | Site Kabat 55 | LDA OneHot done in 5s
    LDA (OneHot      )  Aff:0.8966 MCC:0.778 | Spec:0.8561 MCC:0.732
[21:20:25] Job 249/336 | Site Kabat 55 | LDA ESM2 fit/eval start
[21:20:26] Job 250/336 | Site Kabat 55 | LDA ESM2 done in 1s
    LDA (ESM2        )  Aff:0.7423 MCC:0.303 | Spec:0.4499 MCC:0.044
[21:20:26] Job 251/336 | Site Kabat 55 | LDA Fusion-ESM2 fit/eval start
[21:20:31] Job 252/336 | Site Kabat 55 | LDA Fusion-ESM2 done in 5s
    LDA (Fusion-ESM2 )  Aff:0.6625 MCC:0.113 | Spec:0.3733 MCC:-0.181
[21:20:31] Mode 2/2 | Site 4/8 done: Kabat 55 in 2.3m
[21:20:31] Mode 2/2 | Site 5/8 start: Kabat 56, residue 'G', train=1962, test=2038
[21:20:31] Job 253/336 | Site Kabat 56 | MOLM OneHot start
[21:20:31] 🔄 RNG Reset: seed=46 (MOLM-OneHot site 56)
  Ep  1/25 | Acc: 0.520/0.615 | Gap: +0.03/+0.14 | GradCos: -0.034
  Ep  5/25 | Acc: 0.850/0.868 | Gap: +1.18/+1.15 | GradCos: +0.056
  Ep 10/25 | Acc: 0.890/0.912 | Gap: +1.57/+1.60 | GradCos: +0.052
  Ep 15/25 | Acc: 0.902/0.926 | Gap: +1.74/+1.75 | GradCos: +0.043
  Ep 20/25 | Acc: 0.911/0.935 | Gap: +1.92/+1.95 | GradCos: -0.023
  Ep 25/25 | Acc: 0.912/0.929 | Gap: +1.99/+2.07 | GradCos: +0.110
    MOLM (OneHot      ) Aff:0.8773 MCC:0.713 | Spec:0.8572 MCC:0.722
[21:20:52] Job 253/336 | Site Kabat 56 | MOLM OneHot done in 21s
[21:20:52] Job 254/336 | Site Kabat 56 | MOLM-ST OneHot affinity start
[21:20:52] 🔄 RNG Reset: seed=546 (MOLM-ST affinity)
  ST affinity Ep  1/25 | Loss: 0.3292
  ST affinity Ep  5/25 | Loss: 0.1219
  ST affinity Ep 10/25 | Loss: 0.0974
  ST affinity Ep 15/25 | Loss: 0.0889
  ST affinity Ep 20/25 | Loss: 0.0827
  ST affinity Ep 25/25 | Loss: 0.0811
[21:21:03] Job 254/336 | Site Kabat 56 | MOLM-ST OneHot affinity done in 11s
[21:21:03] Job 255/336 | Site Kabat 56 | MOLM-ST OneHot specificity start
[21:21:03] 🔄 RNG Reset: seed=646 (MOLM-ST specificity)
  ST specificity Ep  1/25 | Loss: 0.4181
  ST specificity Ep  5/25 | Loss: 0.1115
  ST specificity Ep 10/25 | Loss: 0.0760
  ST specificity Ep 15/25 | Loss: 0.0697
  ST specificity Ep 20/25 | Loss: 0.0611
  ST specificity Ep 25/25 | Loss: 0.0549
[21:21:14] Job 255/336 | Site Kabat 56 | MOLM-ST OneHot specificity done in 11s
    MOLM-ST (OneHot      ) Aff:0.8415 MCC:0.680 | Spec:0.8651 MCC:0.736
[21:21:14] Job 256/336 | Site Kabat 56 | MOLM ESM2 start
[21:21:15] 🔄 RNG Reset: seed=146 (MOLM-ESM2 site 56)
  Ep  1/25 | Acc: 0.524/0.619 | Gap: +0.03/+0.02 | GradCos: +0.054
  Ep  5/25 | Acc: 0.571/0.669 | Gap: +0.13/+0.25 | GradCos: +0.131
  Ep 10/25 | Acc: 0.780/0.854 | Gap: +0.71/+1.11 | GradCos: +0.135
  Ep 15/25 | Acc: 0.819/0.877 | Gap: +0.91/+1.35 | GradCos: +0.201
  Ep 20/25 | Acc: 0.832/0.901 | Gap: +1.04/+1.57 | GradCos: +0.124
  Ep 25/25 | Acc: 0.828/0.898 | Gap: +1.07/+1.54 | GradCos: +0.214
    MOLM (ESM2        ) Aff:0.8415 MCC:0.604 | Spec:0.8670 MCC:0.717
[21:21:34] Job 256/336 | Site Kabat 56 | MOLM ESM2 done in 20s
[21:21:34] Job 257/336 | Site Kabat 56 | MOLM-ST ESM2 affinity start
[21:21:34] 🔄 RNG Reset: seed=646 (MOLM-ST affinity)
  ST affinity Ep  1/25 | Loss: 0.3738
  ST affinity Ep  5/25 | Loss: 0.2813
  ST affinity Ep 10/25 | Loss: 0.1929
  ST affinity Ep 15/25 | Loss: 0.1625
  ST affinity Ep 20/25 | Loss: 0.1503
  ST affinity Ep 25/25 | Loss: 0.1451
[21:21:44] Job 257/336 | Site Kabat 56 | MOLM-ST ESM2 affinity done in 10s
[21:21:44] Job 258/336 | Site Kabat 56 | MOLM-ST ESM2 specificity start
[21:21:44] 🔄 RNG Reset: seed=746 (MOLM-ST specificity)
  ST specificity Ep  1/25 | Loss: 0.5467
  ST specificity Ep  5/25 | Loss: 0.3320
  ST specificity Ep 10/25 | Loss: 0.1559
  ST specificity Ep 15/25 | Loss: 0.1109
  ST specificity Ep 20/25 | Loss: 0.1041
  ST specificity Ep 25/25 | Loss: 0.1000
[21:21:54] Job 258/336 | Site Kabat 56 | MOLM-ST ESM2 specificity done in 10s
    MOLM-ST (ESM2        ) Aff:0.8057 MCC:0.586 | Spec:0.8734 MCC:0.731
[21:21:54] Job 259/336 | Site Kabat 56 | MOLM Fusion-ESM2 start
[21:21:54] 🔄 RNG Reset: seed=246 (MOLM-Fusion-ESM2 site 56)
  Ep  1/25 | Acc: 0.514/0.624 | Gap: +0.05/+0.15 | GradCos: -0.002
  Ep  5/25 | Acc: 0.839/0.881 | Gap: +0.94/+1.38 | GradCos: +0.088
  Ep 10/25 | Acc: 0.887/0.916 | Gap: +1.41/+1.75 | GradCos: -0.015
  Ep 15/25 | Acc: 0.897/0.924 | Gap: +1.59/+1.89 | GradCos: +0.043
  Ep 20/25 | Acc: 0.914/0.929 | Gap: +1.81/+2.06 | GradCos: -0.003
  Ep 25/25 | Acc: 0.918/0.936 | Gap: +1.93/+2.15 | GradCos: +0.001
    MOLM (Fusion-ESM2 ) Aff:0.8970 MCC:0.757 | Spec:0.8484 MCC:0.716
[21:22:15] Job 259/336 | Site Kabat 56 | MOLM Fusion-ESM2 done in 21s
[21:22:15] Job 260/336 | Site Kabat 56 | MOLM-ST Fusion-ESM2 affinity start
[21:22:16] 🔄 RNG Reset: seed=746 (MOLM-ST affinity)
  ST affinity Ep  1/25 | Loss: 0.3564
  ST affinity Ep  5/25 | Loss: 0.1286
  ST affinity Ep 10/25 | Loss: 0.1137
  ST affinity Ep 15/25 | Loss: 0.0999
  ST affinity Ep 20/25 | Loss: 0.0915
  ST affinity Ep 25/25 | Loss: 0.0914
[21:22:26] Job 260/336 | Site Kabat 56 | MOLM-ST Fusion-ESM2 affinity done in 11s
[21:22:27] Job 261/336 | Site Kabat 56 | MOLM-ST Fusion-ESM2 specificity start
[21:22:27] 🔄 RNG Reset: seed=846 (MOLM-ST specificity)
  ST specificity Ep  1/25 | Loss: 0.4074
  ST specificity Ep  5/25 | Loss: 0.1037
  ST specificity Ep 10/25 | Loss: 0.0779
  ST specificity Ep 15/25 | Loss: 0.0711
  ST specificity Ep 20/25 | Loss: 0.0668
  ST specificity Ep 25/25 | Loss: 0.0622
[21:22:38] Job 261/336 | Site Kabat 56 | MOLM-ST Fusion-ESM2 specificity done in 11s
    MOLM-ST (Fusion-ESM2 ) Aff:0.8214 MCC:0.652 | Spec:0.8503 MCC:0.713
[21:22:38] Job 262/336 | Site Kabat 56 | NN OneHot affinity start
[21:22:38] 🔄 RNG Reset: seed=442 (NN-OneHot site 56 aff)
[21:22:45] Job 262/336 | Site Kabat 56 | NN OneHot affinity done in 8s
[21:22:46] Job 263/336 | Site Kabat 56 | NN OneHot specificity start
[21:22:46] 🔄 RNG Reset: seed=492 (NN-OneHot site 56 spec)
[21:22:53] Job 263/336 | Site Kabat 56 | NN OneHot specificity done in 8s
    NN (OneHot      )    Aff:0.8891 MCC:0.748 | Spec:0.8523 MCC:0.722
[21:22:53] Job 264/336 | Site Kabat 56 | NN ESM2 affinity start
[21:22:53] 🔄 RNG Reset: seed=742 (NN-ESM2 site 56 aff)
[21:22:59] Job 264/336 | Site Kabat 56 | NN ESM2 affinity done in 5s
[21:22:59] Job 265/336 | Site Kabat 56 | NN ESM2 specificity start
[21:22:59] 🔄 RNG Reset: seed=792 (NN-ESM2 site 56 spec)
[21:23:04] Job 265/336 | Site Kabat 56 | NN ESM2 specificity done in 5s
    NN (ESM2        )    Aff:0.8553 MCC:0.637 | Spec:0.8631 MCC:0.721
[21:23:04] Job 266/336 | Site Kabat 56 | NN Fusion-ESM2 affinity start
[21:23:05] 🔄 RNG Reset: seed=642 (NN-Fusion-ESM2 site 56 aff)
[21:23:12] Job 266/336 | Site Kabat 56 | NN Fusion-ESM2 affinity done in 8s
[21:23:12] Job 267/336 | Site Kabat 56 | NN Fusion-ESM2 specificity start
[21:23:13] 🔄 RNG Reset: seed=692 (NN-Fusion-ESM2 site 56 spec)
[21:23:20] Job 267/336 | Site Kabat 56 | NN Fusion-ESM2 specificity done in 8s
    NN (Fusion-ESM2 )    Aff:0.8656 MCC:0.713 | Spec:0.8749 MCC:0.752
[21:23:20] Job 268/336 | Site Kabat 56 | LDA OneHot fit/eval start
[21:23:27] Job 269/336 | Site Kabat 56 | LDA OneHot done in 7s
    LDA (OneHot      )  Aff:0.8489 MCC:0.692 | Spec:0.8415 MCC:0.704
[21:23:27] Job 270/336 | Site Kabat 56 | LDA ESM2 fit/eval start
[21:23:28] Job 271/336 | Site Kabat 56 | LDA ESM2 done in 1s
    LDA (ESM2        )  Aff:0.5510 MCC:0.347 | Spec:0.6938 MCC:0.446
[21:23:28] Job 272/336 | Site Kabat 56 | LDA Fusion-ESM2 fit/eval start
[21:23:33] Job 273/336 | Site Kabat 56 | LDA Fusion-ESM2 done in 6s
    LDA (Fusion-ESM2 )  Aff:0.5191 MCC:0.209 | Spec:0.4539 MCC:0.150
[21:23:33] Mode 2/2 | Site 5/8 done: Kabat 56 in 3.0m
[21:23:33] Mode 2/2 | Site 6/8 start: Kabat 95, residue 'A', train=1204, test=2796
[21:23:33] Job 274/336 | Site Kabat 95 | MOLM OneHot start
[21:23:34] 🔄 RNG Reset: seed=47 (MOLM-OneHot site 95)
  Ep  1/25 | Acc: 0.536/0.555 | Gap: +0.12/+0.09 | GradCos: +0.045
  Ep  5/25 | Acc: 0.748/0.806 | Gap: +0.70/+0.86 | GradCos: +0.195
  Ep 10/25 | Acc: 0.879/0.879 | Gap: +1.43/+1.41 | GradCos: +0.137
  Ep 15/25 | Acc: 0.901/0.891 | Gap: +1.77/+1.59 | GradCos: +0.027
  Ep 20/25 | Acc: 0.914/0.911 | Gap: +1.93/+1.73 | GradCos: +0.050
  Ep 25/25 | Acc: 0.929/0.919 | Gap: +2.08/+1.88 | GradCos: +0.027
    MOLM (OneHot      ) Aff:0.8430 MCC:0.697 | Spec:0.8369 MCC:0.680
[21:23:47] Job 274/336 | Site Kabat 95 | MOLM OneHot done in 13s
[21:23:47] Job 275/336 | Site Kabat 95 | MOLM-ST OneHot affinity start
[21:23:47] 🔄 RNG Reset: seed=547 (MOLM-ST affinity)
  ST affinity Ep  1/25 | Loss: 0.3792
  ST affinity Ep  5/25 | Loss: 0.1793
  ST affinity Ep 10/25 | Loss: 0.1104
  ST affinity Ep 15/25 | Loss: 0.0966
  ST affinity Ep 20/25 | Loss: 0.0902
  ST affinity Ep 25/25 | Loss: 0.0785
[21:23:54] Job 275/336 | Site Kabat 95 | MOLM-ST OneHot affinity done in 7s
[21:23:54] Job 276/336 | Site Kabat 95 | MOLM-ST OneHot specificity start
[21:23:54] 🔄 RNG Reset: seed=647 (MOLM-ST specificity)
  ST specificity Ep  1/25 | Loss: 0.4968
  ST specificity Ep  5/25 | Loss: 0.1569
  ST specificity Ep 10/25 | Loss: 0.0978
  ST specificity Ep 15/25 | Loss: 0.0887
  ST specificity Ep 20/25 | Loss: 0.0783
  ST specificity Ep 25/25 | Loss: 0.0756
[21:24:01] Job 276/336 | Site Kabat 95 | MOLM-ST OneHot specificity done in 7s
    MOLM-ST (OneHot      ) Aff:0.8451 MCC:0.695 | Spec:0.8226 MCC:0.644
[21:24:01] Job 277/336 | Site Kabat 95 | MOLM ESM2 start
[21:24:01] 🔄 RNG Reset: seed=147 (MOLM-ESM2 site 95)
  Ep  1/25 | Acc: 0.543/0.472 | Gap: +0.03/+0.02 | GradCos: -0.007
  Ep  5/25 | Acc: 0.559/0.621 | Gap: +0.05/+0.11 | GradCos: +0.038
  Ep 10/25 | Acc: 0.678/0.751 | Gap: +0.39/+0.48 | GradCos: +0.151
  Ep 15/25 | Acc: 0.784/0.849 | Gap: +0.76/+1.03 | GradCos: +0.020
  Ep 20/25 | Acc: 0.834/0.860 | Gap: +1.02/+1.16 | GradCos: +0.171
  Ep 25/25 | Acc: 0.847/0.884 | Gap: +1.07/+1.25 | GradCos: -0.015
    MOLM (ESM2        ) Aff:0.7943 MCC:0.603 | Spec:0.8423 MCC:0.693
[21:24:13] Job 277/336 | Site Kabat 95 | MOLM ESM2 done in 13s
[21:24:13] Job 278/336 | Site Kabat 95 | MOLM-ST ESM2 affinity start
[21:24:14] 🔄 RNG Reset: seed=647 (MOLM-ST affinity)
  ST affinity Ep  1/25 | Loss: 0.4642
  ST affinity Ep  5/25 | Loss: 0.3750
  ST affinity Ep 10/25 | Loss: 0.2931
  ST affinity Ep 15/25 | Loss: 0.2133
  ST affinity Ep 20/25 | Loss: 0.1750
  ST affinity Ep 25/25 | Loss: 0.1632
[21:24:19] Job 278/336 | Site Kabat 95 | MOLM-ST ESM2 affinity done in 6s
[21:24:20] Job 279/336 | Site Kabat 95 | MOLM-ST ESM2 specificity start
[21:24:20] 🔄 RNG Reset: seed=747 (MOLM-ST specificity)
  ST specificity Ep  1/25 | Loss: 0.5767
  ST specificity Ep  5/25 | Loss: 0.4277
  ST specificity Ep 10/25 | Loss: 0.2471
  ST specificity Ep 15/25 | Loss: 0.1820
  ST specificity Ep 20/25 | Loss: 0.1553
  ST specificity Ep 25/25 | Loss: 0.1309
[21:24:26] Job 279/336 | Site Kabat 95 | MOLM-ST ESM2 specificity done in 6s
    MOLM-ST (ESM2        ) Aff:0.7239 MCC:0.538 | Spec:0.8190 MCC:0.653
[21:24:26] Job 280/336 | Site Kabat 95 | MOLM Fusion-ESM2 start
[21:24:26] 🔄 RNG Reset: seed=247 (MOLM-Fusion-ESM2 site 95)
  Ep  1/25 | Acc: 0.518/0.540 | Gap: +0.02/+0.09 | GradCos: +0.029
  Ep  5/25 | Acc: 0.780/0.791 | Gap: +0.45/+0.81 | GradCos: +0.103
  Ep 10/25 | Acc: 0.852/0.896 | Gap: +1.05/+1.32 | GradCos: +0.071
  Ep 15/25 | Acc: 0.871/0.897 | Gap: +1.25/+1.51 | GradCos: +0.059
  Ep 20/25 | Acc: 0.893/0.906 | Gap: +1.45/+1.67 | GradCos: -0.046
  Ep 25/25 | Acc: 0.912/0.910 | Gap: +1.65/+1.73 | GradCos: +0.123
    MOLM (Fusion-ESM2 ) Aff:0.8552 MCC:0.709 | Spec:0.8340 MCC:0.666
[21:24:39] Job 280/336 | Site Kabat 95 | MOLM Fusion-ESM2 done in 13s
[21:24:39] Job 281/336 | Site Kabat 95 | MOLM-ST Fusion-ESM2 affinity start
[21:24:39] 🔄 RNG Reset: seed=747 (MOLM-ST affinity)
  ST affinity Ep  1/25 | Loss: 0.3597
  ST affinity Ep  5/25 | Loss: 0.1662
  ST affinity Ep 10/25 | Loss: 0.1224
  ST affinity Ep 15/25 | Loss: 0.1062
  ST affinity Ep 20/25 | Loss: 0.0915
  ST affinity Ep 25/25 | Loss: 0.0913
[21:24:46] Job 281/336 | Site Kabat 95 | MOLM-ST Fusion-ESM2 affinity done in 7s
[21:24:46] Job 282/336 | Site Kabat 95 | MOLM-ST Fusion-ESM2 specificity start
[21:24:47] 🔄 RNG Reset: seed=847 (MOLM-ST specificity)
  ST specificity Ep  1/25 | Loss: 0.5591
  ST specificity Ep  5/25 | Loss: 0.1718
  ST specificity Ep 10/25 | Loss: 0.1092
  ST specificity Ep 15/25 | Loss: 0.0969
  ST specificity Ep 20/25 | Loss: 0.0947
  ST specificity Ep 25/25 | Loss: 0.0849
[21:24:54] Job 282/336 | Site Kabat 95 | MOLM-ST Fusion-ESM2 specificity done in 7s
    MOLM-ST (Fusion-ESM2 ) Aff:0.8723 MCC:0.733 | Spec:0.8183 MCC:0.645
[21:24:54] Job 283/336 | Site Kabat 95 | NN OneHot affinity start
[21:24:54] 🔄 RNG Reset: seed=542 (NN-OneHot site 95 aff)
[21:24:59] Job 283/336 | Site Kabat 95 | NN OneHot affinity done in 5s
[21:24:59] Job 284/336 | Site Kabat 95 | NN OneHot specificity start
[21:24:59] 🔄 RNG Reset: seed=592 (NN-OneHot site 95 spec)
[21:25:03] Job 284/336 | Site Kabat 95 | NN OneHot specificity done in 5s
    NN (OneHot      )    Aff:0.8566 MCC:0.713 | Spec:0.8319 MCC:0.664
[21:25:04] Job 285/336 | Site Kabat 95 | NN ESM2 affinity start
[21:25:04] 🔄 RNG Reset: seed=842 (NN-ESM2 site 95 aff)
[21:25:07] Job 285/336 | Site Kabat 95 | NN ESM2 affinity done in 3s
[21:25:07] Job 286/336 | Site Kabat 95 | NN ESM2 specificity start
[21:25:07] 🔄 RNG Reset: seed=892 (NN-ESM2 site 95 spec)
[21:25:11] Job 286/336 | Site Kabat 95 | NN ESM2 specificity done in 3s
    NN (ESM2        )    Aff:0.7729 MCC:0.589 | Spec:0.8455 MCC:0.688
[21:25:11] Job 287/336 | Site Kabat 95 | NN Fusion-ESM2 affinity start
[21:25:11] 🔄 RNG Reset: seed=742 (NN-Fusion-ESM2 site 95 aff)
[21:25:16] Job 287/336 | Site Kabat 95 | NN Fusion-ESM2 affinity done in 5s
[21:25:16] Job 288/336 | Site Kabat 95 | NN Fusion-ESM2 specificity start
[21:25:16] 🔄 RNG Reset: seed=792 (NN-Fusion-ESM2 site 95 spec)
[21:25:21] Job 288/336 | Site Kabat 95 | NN Fusion-ESM2 specificity done in 5s
    NN (Fusion-ESM2 )    Aff:0.8641 MCC:0.724 | Spec:0.8498 MCC:0.696
[21:25:21] Job 289/336 | Site Kabat 95 | LDA OneHot fit/eval start
[21:25:27] Job 290/336 | Site Kabat 95 | LDA OneHot done in 6s
    LDA (OneHot      )  Aff:0.8180 MCC:0.661 | Spec:0.8240 MCC:0.654
[21:25:27] Job 291/336 | Site Kabat 95 | LDA ESM2 fit/eval start
[21:25:28] Job 292/336 | Site Kabat 95 | LDA ESM2 done in 1s
    LDA (ESM2        )  Aff:0.8144 MCC:0.627 | Spec:0.3097 MCC:-0.397
[21:25:28] Job 293/336 | Site Kabat 95 | LDA Fusion-ESM2 fit/eval start
[21:25:33] Job 294/336 | Site Kabat 95 | LDA Fusion-ESM2 done in 5s
    LDA (Fusion-ESM2 )  Aff:0.7278 MCC:0.518 | Spec:0.3079 MCC:-0.401
[21:25:33] Mode 2/2 | Site 6/8 done: Kabat 95 in 2.0m
[21:25:33] Mode 2/2 | Site 7/8 start: Kabat 97, residue 'W', train=547, test=3453
[21:25:33] Job 295/336 | Site Kabat 97 | MOLM OneHot start
[21:25:33] 🔄 RNG Reset: seed=48 (MOLM-OneHot site 97)
  Ep  1/25 | Acc: 0.541/0.495 | Gap: +0.02/+0.02 | GradCos: +0.061
  Ep  5/25 | Acc: 0.636/0.633 | Gap: +0.22/+0.23 | GradCos: +0.071
  Ep 10/25 | Acc: 0.819/0.772 | Gap: +0.74/+0.69 | GradCos: -0.013
  Ep 15/25 | Acc: 0.865/0.838 | Gap: +1.13/+1.05 | GradCos: +0.020
  Ep 20/25 | Acc: 0.894/0.880 | Gap: +1.37/+1.26 | GradCos: +0.210
  Ep 25/25 | Acc: 0.894/0.885 | Gap: +1.59/+1.44 | GradCos: +0.071
    MOLM (OneHot      ) Aff:0.8703 MCC:0.748 | Spec:0.8737 MCC:0.748
[21:25:39] Job 295/336 | Site Kabat 97 | MOLM OneHot done in 7s
[21:25:39] Job 296/336 | Site Kabat 97 | MOLM-ST OneHot affinity start
[21:25:40] 🔄 RNG Reset: seed=548 (MOLM-ST affinity)
  ST affinity Ep  1/25 | Loss: 0.3670
  ST affinity Ep  5/25 | Loss: 0.2265
  ST affinity Ep 10/25 | Loss: 0.1541
  ST affinity Ep 15/25 | Loss: 0.1173
  ST affinity Ep 20/25 | Loss: 0.1033
  ST affinity Ep 25/25 | Loss: 0.0859
[21:25:43] Job 296/336 | Site Kabat 97 | MOLM-ST OneHot affinity done in 3s
[21:25:43] Job 297/336 | Site Kabat 97 | MOLM-ST OneHot specificity start
[21:25:43] 🔄 RNG Reset: seed=648 (MOLM-ST specificity)
  ST specificity Ep  1/25 | Loss: 0.5818
  ST specificity Ep  5/25 | Loss: 0.3223
  ST specificity Ep 10/25 | Loss: 0.1830
  ST specificity Ep 15/25 | Loss: 0.1313
  ST specificity Ep 20/25 | Loss: 0.1098
  ST specificity Ep 25/25 | Loss: 0.1000
[21:25:46] Job 297/336 | Site Kabat 97 | MOLM-ST OneHot specificity done in 3s
    MOLM-ST (OneHot      ) Aff:0.8957 MCC:0.789 | Spec:0.8937 MCC:0.788
[21:25:47] Job 298/336 | Site Kabat 97 | MOLM ESM2 start
[21:25:47] 🔄 RNG Reset: seed=148 (MOLM-ESM2 site 97)
  Ep  1/25 | Acc: 0.427/0.469 | Gap: -0.04/-0.03 | GradCos: -0.056
  Ep  5/25 | Acc: 0.476/0.500 | Gap: +0.00/-0.01 | GradCos: +0.012
  Ep 10/25 | Acc: 0.444/0.553 | Gap: -0.01/+0.04 | GradCos: -0.021
  Ep 15/25 | Acc: 0.512/0.576 | Gap: +0.04/+0.06 | GradCos: +0.003
  Ep 20/25 | Acc: 0.498/0.626 | Gap: +0.06/+0.18 | GradCos: +0.138
  Ep 25/25 | Acc: 0.643/0.706 | Gap: +0.17/+0.30 | GradCos: +0.069
    MOLM (ESM2        ) Aff:0.8022 MCC:0.600 | Spec:0.8535 MCC:0.712
[21:25:53] Job 298/336 | Site Kabat 97 | MOLM ESM2 done in 6s
[21:25:53] Job 299/336 | Site Kabat 97 | MOLM-ST ESM2 affinity start
[21:25:53] 🔄 RNG Reset: seed=648 (MOLM-ST affinity)
  ST affinity Ep  1/25 | Loss: 0.4226
  ST affinity Ep  5/25 | Loss: 0.3790
  ST affinity Ep 10/25 | Loss: 0.3547
  ST affinity Ep 15/25 | Loss: 0.3260
  ST affinity Ep 20/25 | Loss: 0.2706
  ST affinity Ep 25/25 | Loss: 0.2186
[21:25:56] Job 299/336 | Site Kabat 97 | MOLM-ST ESM2 affinity done in 3s
[21:25:56] Job 300/336 | Site Kabat 97 | MOLM-ST ESM2 specificity start
[21:25:56] 🔄 RNG Reset: seed=748 (MOLM-ST specificity)
  ST specificity Ep  1/25 | Loss: 0.5253
  ST specificity Ep  5/25 | Loss: 0.4440
  ST specificity Ep 10/25 | Loss: 0.4492
  ST specificity Ep 15/25 | Loss: 0.3319
  ST specificity Ep 20/25 | Loss: 0.2433
  ST specificity Ep 25/25 | Loss: 0.2058
[21:25:59] Job 300/336 | Site Kabat 97 | MOLM-ST ESM2 specificity done in 3s
    MOLM-ST (ESM2        ) Aff:0.8132 MCC:0.602 | Spec:0.8569 MCC:0.717
[21:25:59] Job 301/336 | Site Kabat 97 | MOLM Fusion-ESM2 start
[21:25:59] 🔄 RNG Reset: seed=248 (MOLM-Fusion-ESM2 site 97)
  Ep  1/25 | Acc: 0.547/0.531 | Gap: +0.03/+0.03 | GradCos: -0.034
  Ep  5/25 | Acc: 0.668/0.687 | Gap: +0.31/+0.40 | GradCos: -0.005
  Ep 10/25 | Acc: 0.835/0.824 | Gap: +0.99/+1.02 | GradCos: +0.003
  Ep 15/25 | Acc: 0.876/0.885 | Gap: +1.32/+1.47 | GradCos: +0.042
  Ep 20/25 | Acc: 0.886/0.882 | Gap: +1.56/+1.58 | GradCos: +0.186
  Ep 25/25 | Acc: 0.898/0.892 | Gap: +1.74/+1.62 | GradCos: +0.105
    MOLM (Fusion-ESM2 ) Aff:0.8879 MCC:0.775 | Spec:0.8708 MCC:0.750
[21:26:05] Job 301/336 | Site Kabat 97 | MOLM Fusion-ESM2 done in 6s
[21:26:05] Job 302/336 | Site Kabat 97 | MOLM-ST Fusion-ESM2 affinity start
[21:26:05] 🔄 RNG Reset: seed=748 (MOLM-ST affinity)
  ST affinity Ep  1/25 | Loss: 0.3931
  ST affinity Ep  5/25 | Loss: 0.2201
  ST affinity Ep 10/25 | Loss: 0.1417
  ST affinity Ep 15/25 | Loss: 0.1107
  ST affinity Ep 20/25 | Loss: 0.0904
  ST affinity Ep 25/25 | Loss: 0.0855
[21:26:09] Job 302/336 | Site Kabat 97 | MOLM-ST Fusion-ESM2 affinity done in 3s
[21:26:09] Job 303/336 | Site Kabat 97 | MOLM-ST Fusion-ESM2 specificity start
[21:26:09] 🔄 RNG Reset: seed=848 (MOLM-ST specificity)
  ST specificity Ep  1/25 | Loss: 0.4591
  ST specificity Ep  5/25 | Loss: 0.2724
  ST specificity Ep 10/25 | Loss: 0.1324
  ST specificity Ep 15/25 | Loss: 0.1180
  ST specificity Ep 20/25 | Loss: 0.0860
  ST specificity Ep 25/25 | Loss: 0.0998
[21:26:12] Job 303/336 | Site Kabat 97 | MOLM-ST Fusion-ESM2 specificity done in 4s
    MOLM-ST (Fusion-ESM2 ) Aff:0.8995 MCC:0.797 | Spec:0.8931 MCC:0.786
[21:26:12] Job 304/336 | Site Kabat 97 | NN OneHot affinity start
[21:26:12] 🔄 RNG Reset: seed=642 (NN-OneHot site 97 aff)
[21:26:15] Job 304/336 | Site Kabat 97 | NN OneHot affinity done in 2s
[21:26:15] Job 305/336 | Site Kabat 97 | NN OneHot specificity start
[21:26:15] 🔄 RNG Reset: seed=692 (NN-OneHot site 97 spec)
[21:26:17] Job 305/336 | Site Kabat 97 | NN OneHot specificity done in 2s
    NN (OneHot      )    Aff:0.9082 MCC:0.803 | Spec:0.8717 MCC:0.750
[21:26:17] Job 306/336 | Site Kabat 97 | NN ESM2 affinity start
[21:26:17] 🔄 RNG Reset: seed=942 (NN-ESM2 site 97 aff)
[21:26:19] Job 306/336 | Site Kabat 97 | NN ESM2 affinity done in 2s
[21:26:19] Job 307/336 | Site Kabat 97 | NN ESM2 specificity start
[21:26:19] 🔄 RNG Reset: seed=992 (NN-ESM2 site 97 spec)
[21:26:20] Job 307/336 | Site Kabat 97 | NN ESM2 specificity done in 2s
    NN (ESM2        )    Aff:0.7979 MCC:0.561 | Spec:0.8028 MCC:0.641
[21:26:20] Job 308/336 | Site Kabat 97 | NN Fusion-ESM2 affinity start
[21:26:21] 🔄 RNG Reset: seed=842 (NN-Fusion-ESM2 site 97 aff)
[21:26:23] Job 308/336 | Site Kabat 97 | NN Fusion-ESM2 affinity done in 2s
[21:26:23] Job 309/336 | Site Kabat 97 | NN Fusion-ESM2 specificity start
[21:26:23] 🔄 RNG Reset: seed=892 (NN-Fusion-ESM2 site 97 spec)
[21:26:25] Job 309/336 | Site Kabat 97 | NN Fusion-ESM2 specificity done in 2s
    NN (Fusion-ESM2 )    Aff:0.8949 MCC:0.775 | Spec:0.8468 MCC:0.716
[21:26:25] Job 310/336 | Site Kabat 97 | LDA OneHot fit/eval start
[21:26:27] Job 311/336 | Site Kabat 97 | LDA OneHot done in 2s
    LDA (OneHot      )  Aff:0.9096 MCC:0.811 | Spec:0.8694 MCC:0.749
[21:26:27] Job 312/336 | Site Kabat 97 | LDA ESM2 fit/eval start
[21:26:28] Job 313/336 | Site Kabat 97 | LDA ESM2 done in 0s
    LDA (ESM2        )  Aff:0.6215 MCC:0.094 | Spec:0.4970 MCC:0.019
[21:26:28] Job 314/336 | Site Kabat 97 | LDA Fusion-ESM2 fit/eval start
[21:26:30] Job 315/336 | Site Kabat 97 | LDA Fusion-ESM2 done in 2s
    LDA (Fusion-ESM2 )  Aff:0.6212 MCC:-0.019 | Spec:0.4987 MCC:0.015
[21:26:30] Mode 2/2 | Site 7/8 done: Kabat 97 in 57s
[21:26:30] Mode 2/2 | Site 8/8 start: Kabat 102, residue 'Y', train=410, test=3590
[21:26:30] Job 316/336 | Site Kabat 102 | MOLM OneHot start
[21:26:30] 🔄 RNG Reset: seed=49 (MOLM-OneHot site 102)
  Ep  1/25 | Acc: 0.539/0.500 | Gap: +0.05/+0.00 | GradCos: -0.011
  Ep  5/25 | Acc: 0.625/0.624 | Gap: +0.20/+0.20 | GradCos: -0.009
  Ep 10/25 | Acc: 0.738/0.755 | Gap: +0.66/+0.65 | GradCos: -0.009
  Ep 15/25 | Acc: 0.812/0.843 | Gap: +1.07/+1.01 | GradCos: +0.039
  Ep 20/25 | Acc: 0.887/0.894 | Gap: +1.66/+1.22 | GradCos: -0.005
  Ep 25/25 | Acc: 0.919/0.853 | Gap: +1.67/+1.31 | GradCos: -0.079
    MOLM (OneHot      ) Aff:0.8900 MCC:0.773 | Spec:0.8855 MCC:0.772
[21:26:35] Job 316/336 | Site Kabat 102 | MOLM OneHot done in 5s
[21:26:35] Job 317/336 | Site Kabat 102 | MOLM-ST OneHot affinity start
[21:26:35] 🔄 RNG Reset: seed=549 (MOLM-ST affinity)
  ST affinity Ep  1/25 | Loss: 0.4511
  ST affinity Ep  5/25 | Loss: 0.2789
  ST affinity Ep 10/25 | Loss: 0.1656
  ST affinity Ep 15/25 | Loss: 0.1309
  ST affinity Ep 20/25 | Loss: 0.0969
  ST affinity Ep 25/25 | Loss: 0.0985
[21:26:38] Job 317/336 | Site Kabat 102 | MOLM-ST OneHot affinity done in 3s
[21:26:38] Job 318/336 | Site Kabat 102 | MOLM-ST OneHot specificity start
[21:26:38] 🔄 RNG Reset: seed=649 (MOLM-ST specificity)
  ST specificity Ep  1/25 | Loss: 0.5183
  ST specificity Ep  5/25 | Loss: 0.3296
  ST specificity Ep 10/25 | Loss: 0.1734
  ST specificity Ep 15/25 | Loss: 0.1361
  ST specificity Ep 20/25 | Loss: 0.1166
  ST specificity Ep 25/25 | Loss: 0.0864
[21:26:41] Job 318/336 | Site Kabat 102 | MOLM-ST OneHot specificity done in 3s
    MOLM-ST (OneHot      ) Aff:0.9014 MCC:0.789 | Spec:0.9036 MCC:0.807
[21:26:41] Job 319/336 | Site Kabat 102 | MOLM ESM2 start
[21:26:41] 🔄 RNG Reset: seed=149 (MOLM-ESM2 site 102)
  Ep  1/25 | Acc: 0.498/0.499 | Gap: +0.02/-0.03 | GradCos: +0.037
  Ep  5/25 | Acc: 0.471/0.521 | Gap: -0.03/-0.00 | GradCos: +0.041
  Ep 10/25 | Acc: 0.530/0.540 | Gap: +0.01/+0.04 | GradCos: +0.034
  Ep 15/25 | Acc: 0.492/0.606 | Gap: +0.01/+0.12 | GradCos: +0.121
  Ep 20/25 | Acc: 0.621/0.635 | Gap: +0.10/+0.21 | GradCos: +0.159
  Ep 25/25 | Acc: 0.657/0.730 | Gap: +0.20/+0.40 | GradCos: -0.018
    MOLM (ESM2        ) Aff:0.8100 MCC:0.596 | Spec:0.8343 MCC:0.681
[21:26:46] Job 319/336 | Site Kabat 102 | MOLM ESM2 done in 5s
[21:26:46] Job 320/336 | Site Kabat 102 | MOLM-ST ESM2 affinity start
[21:26:46] 🔄 RNG Reset: seed=649 (MOLM-ST affinity)
  ST affinity Ep  1/25 | Loss: 0.4333
  ST affinity Ep  5/25 | Loss: 0.4264
  ST affinity Ep 10/25 | Loss: 0.3451
  ST affinity Ep 15/25 | Loss: 0.3152
  ST affinity Ep 20/25 | Loss: 0.3222
  ST affinity Ep 25/25 | Loss: 0.2721
[21:26:48] Job 320/336 | Site Kabat 102 | MOLM-ST ESM2 affinity done in 2s
[21:26:48] Job 321/336 | Site Kabat 102 | MOLM-ST ESM2 specificity start
[21:26:48] 🔄 RNG Reset: seed=749 (MOLM-ST specificity)
  ST specificity Ep  1/25 | Loss: 0.5003
  ST specificity Ep  5/25 | Loss: 0.4814
  ST specificity Ep 10/25 | Loss: 0.4480
  ST specificity Ep 15/25 | Loss: 0.4177
  ST specificity Ep 20/25 | Loss: 0.3839
  ST specificity Ep 25/25 | Loss: 0.2546
[21:26:51] Job 321/336 | Site Kabat 102 | MOLM-ST ESM2 specificity done in 2s
    MOLM-ST (ESM2        ) Aff:0.7989 MCC:0.565 | Spec:0.8568 MCC:0.716
[21:26:51] Job 322/336 | Site Kabat 102 | MOLM Fusion-ESM2 start
[21:26:51] 🔄 RNG Reset: seed=249 (MOLM-Fusion-ESM2 site 102)
  Ep  1/25 | Acc: 0.432/0.492 | Gap: -0.05/+0.04 | GradCos: -0.111
  Ep  5/25 | Acc: 0.536/0.611 | Gap: +0.10/+0.22 | GradCos: +0.007
  Ep 10/25 | Acc: 0.703/0.779 | Gap: +0.45/+0.63 | GradCos: +0.070
  Ep 15/25 | Acc: 0.846/0.830 | Gap: +0.86/+1.00 | GradCos: +0.037
  Ep 20/25 | Acc: 0.883/0.845 | Gap: +1.06/+1.17 | GradCos: +0.000
  Ep 25/25 | Acc: 0.874/0.880 | Gap: +1.28/+1.25 | GradCos: +0.024
    MOLM (Fusion-ESM2 ) Aff:0.8908 MCC:0.773 | Spec:0.8922 MCC:0.784
[21:26:56] Job 322/336 | Site Kabat 102 | MOLM Fusion-ESM2 done in 5s
[21:26:56] Job 323/336 | Site Kabat 102 | MOLM-ST Fusion-ESM2 affinity start
[21:26:56] 🔄 RNG Reset: seed=749 (MOLM-ST affinity)
  ST affinity Ep  1/25 | Loss: 0.3738
  ST affinity Ep  5/25 | Loss: 0.2621
  ST affinity Ep 10/25 | Loss: 0.1671
  ST affinity Ep 15/25 | Loss: 0.1309
  ST affinity Ep 20/25 | Loss: 0.1070
  ST affinity Ep 25/25 | Loss: 0.1047
[21:26:59] Job 323/336 | Site Kabat 102 | MOLM-ST Fusion-ESM2 affinity done in 3s
[21:26:59] Job 324/336 | Site Kabat 102 | MOLM-ST Fusion-ESM2 specificity start
[21:26:59] 🔄 RNG Reset: seed=849 (MOLM-ST specificity)
  ST specificity Ep  1/25 | Loss: 0.4348
  ST specificity Ep  5/25 | Loss: 0.2939
  ST specificity Ep 10/25 | Loss: 0.1672
  ST specificity Ep 15/25 | Loss: 0.1162
  ST specificity Ep 20/25 | Loss: 0.1265
  ST specificity Ep 25/25 | Loss: 0.0884
[21:27:02] Job 324/336 | Site Kabat 102 | MOLM-ST Fusion-ESM2 specificity done in 3s
    MOLM-ST (Fusion-ESM2 ) Aff:0.8844 MCC:0.752 | Spec:0.8719 MCC:0.753
[21:27:02] Job 325/336 | Site Kabat 102 | NN OneHot affinity start
[21:27:02] 🔄 RNG Reset: seed=742 (NN-OneHot site 102 aff)
[21:27:04] Job 325/336 | Site Kabat 102 | NN OneHot affinity done in 2s
[21:27:04] Job 326/336 | Site Kabat 102 | NN OneHot specificity start
[21:27:04] 🔄 RNG Reset: seed=792 (NN-OneHot site 102 spec)
[21:27:06] Job 326/336 | Site Kabat 102 | NN OneHot specificity done in 2s
    NN (OneHot      )    Aff:0.9011 MCC:0.789 | Spec:0.8772 MCC:0.758
[21:27:06] Job 327/336 | Site Kabat 102 | NN ESM2 affinity start
[21:27:06] 🔄 RNG Reset: seed=1042 (NN-ESM2 site 102 aff)
[21:27:07] Job 327/336 | Site Kabat 102 | NN ESM2 affinity done in 1s
[21:27:07] Job 328/336 | Site Kabat 102 | NN ESM2 specificity start
[21:27:07] 🔄 RNG Reset: seed=1092 (NN-ESM2 site 102 spec)
[21:27:08] Job 328/336 | Site Kabat 102 | NN ESM2 specificity done in 1s
    NN (ESM2        )    Aff:0.6763 MCC:0.289 | Spec:0.8237 MCC:0.667
[21:27:09] Job 329/336 | Site Kabat 102 | NN Fusion-ESM2 affinity start
[21:27:09] 🔄 RNG Reset: seed=942 (NN-Fusion-ESM2 site 102 aff)
[21:27:10] Job 329/336 | Site Kabat 102 | NN Fusion-ESM2 affinity done in 2s
[21:27:11] Job 330/336 | Site Kabat 102 | NN Fusion-ESM2 specificity start
[21:27:11] 🔄 RNG Reset: seed=992 (NN-Fusion-ESM2 site 102 spec)
[21:27:12] Job 330/336 | Site Kabat 102 | NN Fusion-ESM2 specificity done in 2s
    NN (Fusion-ESM2 )    Aff:0.9056 MCC:0.798 | Spec:0.8900 MCC:0.783
[21:27:13] Job 331/336 | Site Kabat 102 | LDA OneHot fit/eval start
[21:27:14] Job 332/336 | Site Kabat 102 | LDA OneHot done in 1s
    LDA (OneHot      )  Aff:0.8925 MCC:0.776 | Spec:0.9006 MCC:0.802
[21:27:14] Job 333/336 | Site Kabat 102 | LDA ESM2 fit/eval start
[21:27:14] Job 334/336 | Site Kabat 102 | LDA ESM2 done in 0s
    LDA (ESM2        )  Aff:0.5206 MCC:0.072 | Spec:0.5008 MCC:0.013
[21:27:14] Job 335/336 | Site Kabat 102 | LDA Fusion-ESM2 fit/eval start
[21:27:16] Job 336/336 | Site Kabat 102 | LDA Fusion-ESM2 done in 1s
    LDA (Fusion-ESM2 )  Aff:0.4766 MCC:0.017 | Spec:0.5036 MCC:0.008
[21:27:16] Mode 2/2 | Site 8/8 done: Kabat 102 in 46s

  ==========================================================================================
  WILD-TYPE HELD-OUT SUMMARY (mean ± std across 8 sites)
  ==========================================================================================
  Model                               Aff Acc    Aff MCC     Spec Acc   Spec MCC
  ------------------------------------------------------------------------------------------
  MOLM (OneHot)                  0.8514±0.0710      0.700 0.8423±0.0515      0.701
  MOLM-ST (OneHot)               0.8457±0.0710      0.694 0.8555±0.0448      0.722
  MOLM (ESM2)                    0.7523±0.0932      0.538 0.8345±0.0293      0.675
  MOLM-ST (ESM2)                 0.7567±0.0824      0.535 0.8433±0.0342      0.690
  MOLM (Fusion-ESM2)             0.8571±0.0727      0.708 0.8361±0.0548      0.694
  MOLM-ST (Fusion-ESM2)          0.8437±0.0912      0.696 0.8549±0.0319      0.717
  NN (OneHot)                    0.8711±0.0663      0.730 0.8406±0.0449      0.699
  NN (ESM2)                      0.7618±0.0729      0.510 0.8266±0.0309      0.667
  NN (Fusion-ESM2)               0.8662±0.0416      0.715 0.8456±0.0367      0.705
  LDA (OneHot)                   0.8442±0.0629      0.691 0.8277±0.0526      0.683
  LDA (ESM2)                     0.6488±0.1418      0.312 0.5508±0.1335      0.097
  LDA (Fusion-ESM2)              0.5819±0.1874      0.193 0.4716±0.0921     -0.067

  McNemar (MOLM(Fusion-ESM2) vs baselines):
    vs_molm_st          : Aff 7/8 sig | Spec 5/8 sig
    vs_nn_oh            : Aff 5/8 sig | Spec 5/8 sig
    vs_nn_esm2          : Aff 8/8 sig | Spec 7/8 sig
    vs_nn_fesm2         : Aff 6/8 sig | Spec 7/8 sig
    vs_lda              : Aff 7/8 sig | Spec 5/8 sig

  McNemar (MOLM(OneHot) vs baselines):
    vs_molm_st          : Aff 5/8 sig | Spec 7/8 sig
    vs_nn_oh            : Aff 7/8 sig | Spec 4/8 sig
    vs_nn_esm2          : Aff 8/8 sig | Spec 5/8 sig
    vs_nn_fesm2         : Aff 7/8 sig | Spec 7/8 sig
    vs_lda              : Aff 7/8 sig | Spec 6/8 sig
[21:27:16] Mode 2/2 done: WILD-TYPE
  ✓ Saved: C:\Users\dd7726\MOLM\outputs\seeds\seed_42\phase4\holdout.pkl

✓ Phase 4 complete in 3691s (61.5 min)
