seed,fold,feature,epoch,loss_total,loss_cls_aff,loss_cls_spec,acc_aff,acc_spec,aff_gap,spec_gap,grad_cosine_aff_spec,iso_aff_rho,iso_spec_rho,igg_aff_rho,igg_spec_rho
42,1,ESM2,1,0.9468310797214508,0.2703555744886398,0.1885388666391372,0.51,0.49375,0.008116823490709,0.008432343667373,-0.0175945953838527,,,,
42,1,ESM2,2,0.8406684064865112,0.2371076855063438,0.1786929255723953,0.513125,0.530625,0.0184381713159382,0.0325841630809009,0.0037674105074256,,,,
42,1,ESM2,3,0.7372102367877961,0.221709243953228,0.1718071579933166,0.53125,0.569375,0.0715185552183538,0.088262042067945,0.0261277662124484,,,,
42,1,ESM2,4,0.5706371146440506,0.2123071134090423,0.1514413531124591,0.6025,0.685,0.1558874765783548,0.3099128943681717,0.0469175808317959,,,,
42,1,ESM2,5,0.4554668819904327,0.1851461261510849,0.1340702910721302,0.695625,0.749375,0.4109887047111988,0.5066612586379051,0.15044441052014,0.7824071991001125,0.5828601424821899,0.5988161891243993,0.5040137280261718
42,1,ESM2,6,0.3770355176925659,0.163254015147686,0.1165087109804153,0.7571875,0.815,0.6945321279764175,0.7654852592945098,0.1328873513080179,,,,
42,1,ESM2,7,0.3483652368187904,0.152826432287693,0.1092244949936866,0.7740625,0.82,0.7986597108840943,0.8901376748085021,0.1117761593312025,,,,
42,1,ESM2,8,0.3189434278011322,0.1434469218552112,0.1013980814814567,0.7934375,0.845625,0.91127208173275,1.005626369714737,0.1977952628210187,,,,
42,1,ESM2,9,0.3041595014929771,0.1402513416111469,0.0959740240871906,0.806875,0.86,0.9878962564468384,1.0992283499240876,0.188472581799142,,,,
42,1,ESM2,10,0.2931949937343597,0.1373014153540134,0.0928337354958057,0.8096875,0.868125,0.9903756237030028,1.0757434165477753,0.0733899091230705,0.8510326209223849,0.6185736782902138,0.6170628904452268,0.6681263061350796
42,1,ESM2,11,0.2841233596205711,0.1329771625995636,0.0904282319545745,0.8215625,0.865,1.0161438989639282,1.182110300064087,0.1952332277758978,,,,
42,1,ESM2,12,0.276542789041996,0.1297043406963348,0.0884308509528637,0.8240625,0.875625,1.1278816759586334,1.220522677898407,0.1338650251738727,,,,
42,1,ESM2,13,0.2731141585111618,0.1303260242938995,0.0874223775416612,0.8225,0.8728125,1.115047047138214,1.2444615137577058,0.1103837538312654,,,,
42,1,ESM2,14,0.2748711571097374,0.1265898698568344,0.0890471130609512,0.8309375,0.875,1.1007423162460328,1.2481529712677002,0.135397355761379,,,,
42,1,ESM2,15,0.2631487399339676,0.1219506822526454,0.086607247442007,0.839375,0.88,1.173416315317154,1.2994935393333436,0.0828816010151058,0.8626111736032995,0.6078470191226096,0.6726950553611717,0.5742318568020188
42,1,ESM2,16,0.2594142299890518,0.1192969006299972,0.0869299264252185,0.843125,0.88125,1.2030574035644532,1.266280996799469,0.0704907777532935,,,,
42,1,ESM2,17,0.2497562250494956,0.1174449756741523,0.0832344541698694,0.84625,0.8884375,1.2303822588920594,1.3018154740333556,0.0902573075192049,,,,
42,1,ESM2,18,0.2447800144553184,0.1134543488919734,0.0828728659451007,0.8525,0.8875,1.2730252349376678,1.331780617237091,0.0495789454504847,,,,
42,1,ESM2,19,0.2374158170819282,0.1155826318264007,0.0777263677865266,0.8503125,0.8928125,1.27836199760437,1.3914253878593446,0.0761931496299803,,,,
42,1,ESM2,20,0.2403594985604286,0.1165927171707153,0.0782489170134067,0.8509375,0.8940625,1.3020901584625244,1.4042161178588868,0.0818307521846145,0.8684544431946007,0.558695163104612,0.6443923942013106,0.3014676706565808
42,1,ESM2,21,0.2364889964461326,0.110366533845663,0.0797508060932159,0.861875,0.8921875,1.3578638291358949,1.4331913995742798,0.0352303305268287,,,,
42,1,ESM2,22,0.2385320577025413,0.1109740553796291,0.0812685733288526,0.85625,0.884375,1.3147302615642549,1.3907435727119446,0.1434840019769035,,,,
42,1,ESM2,23,0.2336684045195579,0.1100634324550628,0.0801067623496055,0.8628125,0.888125,1.3433111429214477,1.3981480717658996,0.1856827584467828,,,,
42,1,ESM2,24,0.2282153555750846,0.1066430351138115,0.0786527720093727,0.8725,0.8884375,1.3629079008102416,1.444399588108063,0.0641487251035869,,,,
42,1,ESM2,25,0.2310154017806053,0.1081936618685722,0.0787619119137525,0.8696875,0.890625,1.4552748608589172,1.4102367782592773,0.0833568582951556,0.8663427071616049,0.5976782902137233,0.6930502643901837,0.5326361292477353
42,1,Fusion-ESM2,1,0.7428460931777954,0.2386686316132545,0.1708525767922401,0.561875,0.5828125,0.0994755023973994,0.1440510151907801,0.0478927176259458,,,,
42,1,Fusion-ESM2,2,0.4005920749902725,0.1587367062270641,0.1312393572926521,0.7603125,0.7646875,0.7525117075443268,0.5096735155582428,0.0985705941834021,,,,
42,1,Fusion-ESM2,3,0.3005570814013481,0.1271171230077743,0.1068966306746006,0.8278125,0.8440625,1.1720382964611054,0.823962961435318,0.0942879067966714,,,,
42,1,Fusion-ESM2,4,0.2573874881863594,0.1152266311645507,0.0913486374914646,0.8503125,0.8725,1.338544739484787,1.0550273406505584,0.0138097067736089,,,,
42,1,Fusion-ESM2,5,0.2450932949781417,0.1069641935825347,0.089521320387721,0.8684375,0.875,1.4435323214530944,1.1067690336704257,0.0536534502741415,0.870512185976753,0.6216932883389577,0.4014274290582038,0.5723669411416903
42,1,Fusion-ESM2,6,0.2239565980434417,0.1030360873788595,0.0796369215101003,0.8740625,0.8928125,1.546401584148407,1.2906686425209046,0.0499958033952862,,,,
42,1,Fusion-ESM2,7,0.2142966517806053,0.0939932176470756,0.0815266877412796,0.891875,0.8871875,1.6713895988464356,1.2583194613456723,0.0340996810328215,,,,
42,1,Fusion-ESM2,8,0.216549427062273,0.0966288848221302,0.0801424637436866,0.884375,0.8921875,1.7014815664291385,1.3282865262031556,-0.0139952680468559,,,,
42,1,Fusion-ESM2,9,0.2015343305468559,0.0874368453025817,0.0771778978407383,0.899375,0.8925,1.7793653416633606,1.4171077799797058,0.0121899294294416,,,,
42,1,Fusion-ESM2,10,0.2024968084692955,0.088960827589035,0.0780315814912319,0.900625,0.890625,1.8125900387763976,1.4154657864570617,0.0546931351348757,0.8761034870641171,0.6199955005624297,0.5731086143746114,0.4736885777234388
42,1,Fusion-ESM2,11,0.1903638987243175,0.0878390046209097,0.070651533678174,0.9065625,0.9015625,1.877814908027649,1.533514232635498,0.0634614105301443,,,,
42,1,Fusion-ESM2,12,0.1795483236014843,0.0826612577587366,0.0676882680505514,0.9121875,0.909375,1.906803653240204,1.587337145805359,0.0173738844087347,,,,
42,1,Fusion-ESM2,13,0.1769668279588222,0.0811063670367002,0.0681299193203449,0.9103125,0.910625,1.8847878336906436,1.6209116387367248,0.0725888101686723,,,,
42,1,Fusion-ESM2,14,0.1793087512254715,0.08375163577497,0.0671921775490045,0.9025,0.910625,1.9370266461372376,1.6174176025390623,0.0935068181529641,,,,
42,1,Fusion-ESM2,15,0.1652704846858978,0.0790415289998054,0.0615563189983367,0.9021875,0.9175,1.9899521231651307,1.761622841358185,0.0050481688324362,0.8928833895763031,0.6430326209223848,0.4485444666910959,0.7349389367485877
42,1,Fusion-ESM2,16,0.1632018174231052,0.0764670207351446,0.0625800356268882,0.92375,0.9209375,2.033959512710571,1.7211585283279418,0.0077480152295902,,,,
42,1,Fusion-ESM2,17,0.15867754727602,0.0754106560349464,0.0601176880300045,0.916875,0.915625,2.0196755957603454,1.7716668772697448,0.0499260597117245,,,,
42,1,Fusion-ESM2,18,0.1648434907197952,0.0783148453384637,0.060983298793435,0.918125,0.9190625,2.044744770526886,1.826244056224823,0.0188409112207591,,,,
42,1,Fusion-ESM2,19,0.1635636143386364,0.0768334101140499,0.0624270448088645,0.9215625,0.913125,2.056992578506469,1.835292356014252,0.0006155203096568,,,,
42,1,Fusion-ESM2,20,0.157188249528408,0.0751355789601802,0.0598286882787942,0.9178125,0.91875,2.103490710258484,1.8582451343536377,0.0394335317518562,0.8795530558680166,0.6726509186351707,0.4304599582708981,0.6742886361431217
42,1,Fusion-ESM2,21,0.1598883984982967,0.0789497531205415,0.0581729838624596,0.9140625,0.9215625,2.055284049510956,1.873459782600403,0.0825189161556772,,,,
42,1,Fusion-ESM2,22,0.1525664727389812,0.0742924930900335,0.0564336520805954,0.9165625,0.925625,2.12634423494339,1.9192554306983949,0.0360510952956974,,,,
42,1,Fusion-ESM2,23,0.1584617145359516,0.0769223892688751,0.0591596107184886,0.91875,0.916875,2.099114181995392,1.9095381259918212,0.0730789847578853,,,,
42,1,Fusion-ESM2,24,0.1450853639096021,0.0687977689132094,0.055411689132452,0.9234375,0.9271875,2.0825773024559022,1.9868750143051148,0.0424484301405027,,,,
42,1,Fusion-ESM2,25,0.1484065793454647,0.0708577850461006,0.0565956083685159,0.9259375,0.9228125,2.1670076847076416,1.97362909078598,0.0643497374979779,0.8769313835770529,0.6738087739032621,0.5607008574764486,0.5600422811256063
42,1,OneHot,1,0.861726529598236,0.2291004461050033,0.2346686801314353,0.5134375,0.5396875,0.0340195438638329,0.0722250402718782,0.0101268714293837,,,,
42,1,OneHot,2,0.5086334991455078,0.1933829709887504,0.1500152380764484,0.6625,0.6965625,0.2272380987182259,0.4389824718236923,0.0631800814613234,,,,
42,1,OneHot,3,0.3264347532391548,0.1478514677286148,0.1087287059426307,0.795625,0.823125,0.676294481754303,0.987344274520874,0.0342790261050686,,,,
42,1,OneHot,4,0.2725032100081443,0.1240276201069355,0.0939635889232158,0.855,0.86125,0.9402624094486236,1.2281904923915865,0.0463632007618434,,,,
42,1,OneHot,5,0.2439342981576919,0.115227493494749,0.0832300806045532,0.876875,0.8878125,1.06452534198761,1.350685212612152,0.0067628582660108,0.8746996625421823,0.5937607799025122,0.4460304767313375,0.6589638944125963
42,1,OneHot,6,0.230751741528511,0.1078920416533947,0.0814296815544366,0.878125,0.8859375,1.1815460658073424,1.4337632846832276,0.0756931955355685,,,,
42,1,OneHot,7,0.216969903409481,0.1008451126515865,0.0779540430009365,0.896875,0.8903125,1.2580212426185609,1.4742214608192443,0.0260760056041181,,,,
42,1,OneHot,8,0.2077178691327572,0.0953680592775344,0.0766223771125078,0.899375,0.895,1.362400779724121,1.5196054673194883,0.0507424807827919,,,,
42,1,OneHot,9,0.1983553037047386,0.0913831576704979,0.0741144769638776,0.905625,0.8953125,1.4576300168037415,1.583338932991028,0.0920274046901613,,,,
42,1,OneHot,10,0.1958363711833954,0.0929394630342722,0.0709291928261518,0.8990625,0.901875,1.4827479219436646,1.5820463514328005,0.078764985143207,0.8579257592800901,0.6106486689163855,0.4410024968118206,0.6880727953716367
42,1,OneHot,11,0.1792001454532146,0.0843938098847866,0.0667484809458255,0.9146875,0.9125,1.5526360893249511,1.6844376969337462,-0.0134042125428095,,,,
42,1,OneHot,12,0.1845340809226036,0.0870486698299646,0.0670106646418571,0.90875,0.9115625,1.5968229651451111,1.7148519706726075,0.0014729025401175,,,,
42,1,OneHot,13,0.1734136620163917,0.0838294935971498,0.0630607188493013,0.909375,0.916875,1.611609091758728,1.7764409756660462,0.0025454870960675,,,,
42,1,OneHot,14,0.167100415378809,0.0791972179710865,0.0626407134532928,0.9196875,0.9175,1.722298436164856,1.7863837170600891,0.0457704519783146,,,,
42,1,OneHot,15,0.1607109157741069,0.0772730579972267,0.0599024471268057,0.9203125,0.9146875,1.7187467765808109,1.8658430099487304,-0.0014526299992576,0.8644469441319835,0.6548511436070492,0.5049064996598741,0.7455608476835022
42,1,OneHot,16,0.164388251453638,0.0766793608665466,0.0625391670688986,0.9215625,0.91875,1.747514762878418,1.8586950302124023,0.0449902840238064,,,,
42,1,OneHot,17,0.1610908338427543,0.0759116899967193,0.0612003298848867,0.92375,0.91625,1.7948683071136475,1.8375687313079836,-0.0090177076868712,,,,
42,1,OneHot,18,0.160803315937519,0.0748097022622823,0.0609810034558177,0.925625,0.919375,1.8500228762626647,1.907594509124756,0.0008844882342964,,,,
42,1,OneHot,19,0.153006811439991,0.0743729395419359,0.0569519593566656,0.925625,0.9265625,1.8837400484085085,1.934824867248535,0.0229388677061069,,,,
42,1,OneHot,20,0.1552479094266891,0.0750901320576667,0.0574137190729379,0.9234375,0.9225,1.880452919006348,1.987984879016876,0.0661025813105516,0.8594675665541809,0.6646479190101238,0.5826779955117564,0.7338848539840541
42,1,OneHot,21,0.1574303951114416,0.071316385641694,0.0613937249779701,0.9290625,0.91875,1.9748150563240048,1.9862019896507264,-0.0032547515071928,,,,
42,1,OneHot,22,0.1489058178663253,0.0725825621932745,0.0553717417269945,0.926875,0.9221875,1.931109948158264,1.9761451482772827,0.0448684394126758,,,,
42,1,OneHot,23,0.1530177976191044,0.0730525732040405,0.0576251999661326,0.9240625,0.92625,1.9428271675109865,1.9909003472328184,0.0448871399299241,,,,
42,1,OneHot,24,0.142702466994524,0.0685232554748654,0.0540042075142264,0.9290625,0.9290625,1.9909868669509887,2.074435439109802,0.0054947314085438,,,,
42,1,OneHot,25,0.1429645359516143,0.0698335520178079,0.0534499947726726,0.9309375,0.9253125,2.047983236312866,2.115272793769837,0.0422245761379599,0.8653168353955757,0.6564409448818899,0.4938773824170627,0.7305604391112946
42,2,ESM2,1,0.8949889910221099,0.2410758396983146,0.1909705594182014,0.4925,0.515,-0.0158039461076259,0.0213266490027308,-0.0215077704889699,,,,
42,2,ESM2,2,0.7856832075119019,0.2240234526991844,0.1773793357610702,0.5046875,0.5528125,0.0173635296151042,0.069485113993287,0.0013568737311288,,,,
42,2,ESM2,3,0.6769004762172699,0.2204638043045997,0.1649633279442787,0.531875,0.6221875,0.03502122040838,0.1774141178280115,0.067934937402606,,,,
42,2,ESM2,4,0.5620928597450257,0.2092938038706779,0.1497878992557525,0.585,0.6909375,0.1118408292531967,0.3254139556735754,0.0668365181982517,,,,
42,2,ESM2,5,0.4414758491516113,0.1875480663776397,0.1284497147798538,0.6871875,0.78,0.3050878390669823,0.5495266318321228,0.135584915052168,0.726944131983502,0.5868976377952757,0.5516180550411923,0.5641775288941608
42,2,ESM2,6,0.3801775634288787,0.1710757130384445,0.1154156869649887,0.743125,0.8259375,0.46350521504879,0.716510294675827,0.1603452281525824,,,,
42,2,ESM2,7,0.3438677662611007,0.1572504690289497,0.1066493447124958,0.759375,0.8365625,0.6164452493190765,0.8497359895706177,0.039376666592434,,,,
42,2,ESM2,8,0.3350394666194916,0.1557608523964881,0.1023034213483333,0.773125,0.8496875,0.6385371869802475,0.9635896265506744,0.1867109703226015,,,,
42,2,ESM2,9,0.3142470219731331,0.1494138191640377,0.097609227001667,0.7853125,0.85625,0.7339475131034852,0.9777260875701904,0.1245395734906196,,,,
42,2,ESM2,10,0.3020614904165268,0.1424692696332931,0.0947636871039867,0.7971875,0.8659375,0.7786849904060363,1.0712529194355012,0.1632483961014077,0.8394120734908137,0.5911691038620173,0.626551175132057,0.4627423336302063
42,2,ESM2,11,0.2947991010546684,0.1405007310211658,0.092972252368927,0.7996875,0.869375,0.8349776566028595,1.0780914509296418,0.1724911927012726,,,,
42,2,ESM2,12,0.2915014573931694,0.1400452424585819,0.0922576837241649,0.808125,0.87,0.858233107328415,1.0817993688583374,0.2445253239572048,,,,
42,2,ESM2,13,0.2826607143878937,0.1338942398130893,0.0900023862719535,0.8234375,0.8715625,0.9047966969013214,1.1551275062561035,0.1137302255351096,,,,
42,2,ESM2,14,0.2763823869824409,0.1322625090181827,0.0879198478162288,0.816875,0.8759375,0.9566521966457366,1.1954176425933838,0.1568390208645723,,,,
42,2,ESM2,15,0.2691840219497681,0.1280592304468155,0.086744085997343,0.8303125,0.87875,0.9860238206386566,1.2105194449424743,0.107256066435948,0.8552260967379077,0.6128023997000376,0.6460143232076063,0.4440931770269213
42,2,ESM2,16,0.2608150690793991,0.1240955740213394,0.0845486190170049,0.8371875,0.8834375,1.0330926764011383,1.2373995971679688,0.1296056567877531,,,,
42,2,ESM2,17,0.2563982406258583,0.1241906854510307,0.0834475664794445,0.83875,0.8846875,1.0424583268165588,1.2551286041736602,0.2147504137828946,,,,
42,2,ESM2,18,0.2525076678395271,0.1196105173230171,0.0832424442470073,0.8496875,0.884375,1.134307897090912,1.2722688174247745,0.1154506626818329,,,,
42,2,ESM2,19,0.2458439260721206,0.1149512374401092,0.0828486560285091,0.863125,0.889375,1.1678412020206452,1.310865879058838,0.0853041994385421,,,,
42,2,ESM2,20,0.2510745686292648,0.117543830871582,0.0838188436627388,0.8575,0.8859375,1.2070431911945343,1.3131614696979523,0.1281601657904684,0.8782932133483315,0.620241469816273,0.7124323160154182,0.5871240998451592
42,2,ESM2,21,0.2434205222129822,0.1139342468976974,0.0826112741231918,0.8575,0.8825,1.2038132905960084,1.3226280879974366,0.1096731204818934,,,,
42,2,ESM2,22,0.2398348549008369,0.1134996400773525,0.081937875598669,0.86125,0.88375,1.2128262901306153,1.346708824634552,0.1923478367645293,,,,
42,2,ESM2,23,0.2407449385523796,0.1120357525348663,0.0821388126909732,0.859375,0.8865625,1.254555789232254,1.3521511554718018,0.0374104477092623,,,,
42,2,ESM2,24,0.2288934352993965,0.1095372430980205,0.078555901274085,0.8671875,0.8903125,1.2959454154968262,1.3656776881217956,0.1185920958640053,,,,
42,2,ESM2,25,0.2283820012211799,0.1070020213723182,0.0784557730704545,0.873125,0.8896875,1.3785047364234924,1.4031782722473145,0.0346489480230957,0.8807709036370454,0.6198815148106487,0.7353826114545035,0.6732345533785882
42,2,Fusion-ESM2,1,0.7669014930725098,0.2417036166787147,0.1743241837620735,0.5240625,0.591875,0.0630262738838791,0.1386960390210151,-0.0206621735636144,,,,
42,2,Fusion-ESM2,2,0.4233376455307007,0.1698382058739662,0.132918911576271,0.7465625,0.7559375,0.6002996432781219,0.529038136601448,0.0661646091658622,,,,
42,2,Fusion-ESM2,3,0.2944998222589493,0.1282879273593425,0.1024392810463905,0.8346875,0.8478125,1.0657729184627531,0.8881898653507233,0.0968804410658776,,,,
42,2,Fusion-ESM2,4,0.243912307024002,0.1108799839019775,0.0878480756282806,0.8603125,0.8778125,1.290747503042221,1.115889962911606,0.0773081032419577,,,,
42,2,Fusion-ESM2,5,0.2328948113322258,0.1058250065147876,0.0825992364436388,0.8715625,0.8853125,1.4426232981681824,1.2420616388320922,0.0752604443288873,0.842825646794151,0.6343457067866517,0.3800179661750995,0.6309901595076687
42,2,Fusion-ESM2,6,0.2187244015932083,0.0998774639517068,0.0793857239186763,0.8828125,0.888125,1.550148367881775,1.3119968366622925,0.103709322605282,,,,
42,2,Fusion-ESM2,7,0.2137370929121971,0.098735754340887,0.0779052006453275,0.8825,0.8903125,1.5518044900894166,1.390543637275696,0.0758330447040498,,,,
42,2,Fusion-ESM2,8,0.1968795475363731,0.0896916935592889,0.0726115126162767,0.895,0.903125,1.7094791769981383,1.490091187953949,0.0212724582664668,,,,
42,2,Fusion-ESM2,9,0.1971135918796062,0.0922180838137865,0.072400611937046,0.894375,0.89875,1.6781764101982115,1.5358827996253968,0.0763499090657569,,,,
42,2,Fusion-ESM2,10,0.1932933631539344,0.0878134999424219,0.0733634769916534,0.9040625,0.896875,1.7937860226631164,1.5357455396652222,0.0921965341083705,0.8714883711871386,0.6829876265466818,0.6511233995774379,0.8294009691087052
42,2,Fusion-ESM2,11,0.1765375946462154,0.0861179395020008,0.063524602651596,0.9115625,0.9159375,1.778096351623535,1.7059985637664794,0.0735489604261238,,,,
42,2,Fusion-ESM2,12,0.1797748604416847,0.0869647539407014,0.0649797723442316,0.9053125,0.9128125,1.827158410549164,1.7018080711364747,0.0483566537988372,,,,
42,2,Fusion-ESM2,13,0.1760879515111446,0.0827281135320663,0.065604021847248,0.91125,0.906875,1.8501055693626405,1.722131597995758,0.0541053748736158,,,,
42,2,Fusion-ESM2,14,0.1651697868108749,0.0779388293623924,0.062070237994194,0.9175,0.9196875,1.9581465125083923,1.7810002756118777,0.0209263455920154,,,,
42,2,Fusion-ESM2,15,0.1692329585552215,0.0764531404525041,0.0646142129600048,0.9184375,0.9103125,1.9919568061828612,1.8042238759994509,-0.0262707193009555,0.8845024371953505,0.6566569178852644,0.6722895731095977,0.6523961479566567
42,2,Fusion-ESM2,16,0.1777635459601879,0.0864304510504007,0.06313506282866,0.9028125,0.914375,1.9081246781349184,1.808320415019989,0.0046138460352085,,,,
42,2,Fusion-ESM2,17,0.1670726399123668,0.0820298616588115,0.0605631444603204,0.908125,0.915625,1.963779764175415,1.8430219197273252,0.0466719563677907,,,,
42,2,Fusion-ESM2,18,0.1652509753406048,0.0793664290755987,0.0607360988855361,0.916875,0.914375,2.024491832256317,1.881365451812744,0.0161692953412421,,,,
42,2,Fusion-ESM2,19,0.1539409171044826,0.0720844310522079,0.0584415674582123,0.92625,0.9225,2.0333865427970887,1.9401471614837649,0.0309020369313657,,,,
42,2,Fusion-ESM2,20,0.1553919016569852,0.071443141773343,0.060166187621653,0.921875,0.920625,2.096246883869171,1.949184844493866,0.0775451783579774,0.8803449568803902,0.6802519685039371,0.7127567018166774,0.5820969358912302
42,2,Fusion-ESM2,21,0.1597736155986786,0.0739052606374025,0.061867554038763,0.9165625,0.9115625,2.0462061619758605,1.889935548305512,0.039769686628133,,,,
42,2,Fusion-ESM2,22,0.1550566355884075,0.0736179283261299,0.0583328218758106,0.920625,0.921875,2.095492038726807,2.0083885097503664,0.01252951732371,,,,
42,2,Fusion-ESM2,23,0.1505549398064613,0.073846019282937,0.0555828586220741,0.919375,0.9271875,2.0390232944488527,1.9876801133155824,0.0259610341070219,,,,
42,2,Fusion-ESM2,24,0.1480967120826244,0.0699218903854489,0.0566611781343817,0.9259375,0.921875,2.1607884526252747,2.043007686138153,0.0550517825153656,,,,
42,2,Fusion-ESM2,25,0.1511206482350826,0.0727474872767925,0.0571339578181505,0.9203125,0.92,2.115948050022125,1.9903120040893556,-0.0173576069716364,0.8719340082489688,0.6670596175478065,0.6066825448049339,0.6688560557412953
42,2,OneHot,1,0.7524745386838912,0.2378168848156929,0.1805947637557983,0.5471875,0.600625,0.1373014795407653,0.1934706737846136,0.0515221354365348,,,,
42,2,OneHot,2,0.4157852113246917,0.1717404760420322,0.1268038798868656,0.7340625,0.7734375,0.5755141273140907,0.6624606257677078,0.0157060572621412,,,,
42,2,OneHot,3,0.2979768234491348,0.1301320740580558,0.1000378003716468,0.8290625,0.8453125,1.052272893190384,1.0340457880496978,0.0218304286978673,,,,
42,2,OneHot,4,0.2639765825867652,0.1183522215485572,0.0910160261392593,0.85125,0.86625,1.2066194498538971,1.2178464198112489,0.0727339721284806,,,,
42,2,OneHot,5,0.2353905308246612,0.1053458341956138,0.0836827289313077,0.8790625,0.8796875,1.4235441398620603,1.3327473616600036,0.0070529347006231,0.8393820772403451,0.5922249718785152,0.4686563863691636,0.3839293761589323
42,2,OneHot,6,0.2261058384180069,0.1032811547815799,0.0789488312602043,0.87875,0.8921875,1.5446798872947691,1.4336390686035156,-0.0071417205035686,,,,
42,2,OneHot,7,0.2166756631433963,0.0994607061892747,0.0773430478572845,0.8796875,0.8934375,1.645083785057068,1.4570606231689454,0.0699471036065369,,,,
42,2,OneHot,8,0.2060670438408851,0.0972897458076477,0.0710569897294044,0.889375,0.9053125,1.7323445725440978,1.6042102360725403,0.0086471612937748,,,,
42,2,OneHot,9,0.2030217385292053,0.0952181901037693,0.0720748645067215,0.886875,0.8978125,1.7101864695549012,1.6332758593559265,-0.000710391420871,,,,
42,2,OneHot,10,0.1955487956106662,0.0884781273454427,0.0721129216253757,0.899375,0.9,1.827397255897522,1.6292178273200988,-0.0459391838312149,0.8557720284964381,0.6593205849268842,0.4628174419464987,0.5057164771073412
42,2,OneHot,11,0.1876606120169162,0.0878037130087614,0.0686011850833892,0.901875,0.9025,1.8061438012123108,1.6390878868103027,0.0371145143453031,,,,
42,2,OneHot,12,0.1810984170436859,0.0845780128985643,0.0668755042552948,0.9075,0.9103125,1.9233352875709533,1.6977932834625244,0.0758344034105539,,,,
42,2,OneHot,13,0.1768108393251896,0.0841723900288343,0.0636710854619741,0.90125,0.9103125,1.880114405155182,1.802248675823212,0.0721479897596873,,,,
42,2,OneHot,14,0.1654439195990562,0.0815109223872423,0.0593570525944232,0.911875,0.921875,1.9534872150421143,1.867682111263275,0.0480382411810569,,,,
42,2,OneHot,15,0.167152506262064,0.0806362529098987,0.0604330541193485,0.9109375,0.91625,1.9569443988800048,1.8476860904693604,0.0027685413509607,0.8781492313460817,0.6401169853768279,0.6075746057583965,0.5763400223310857
42,2,OneHot,16,0.17002550303936,0.0799171756207943,0.0627953764423728,0.9121875,0.9121875,1.96195782661438,1.9200415349006648,0.0266749923070892,,,,
42,2,OneHot,17,0.1572913916409015,0.0750283881276845,0.0591914638131856,0.919375,0.918125,2.032246277332306,1.8882198667526244,-0.0176042995229363,,,,
42,2,OneHot,18,0.1559913259744644,0.0736610972881317,0.0585866017639637,0.92375,0.9175,2.041348533630371,1.937820782661438,-0.0164606850966811,,,,
42,2,OneHot,19,0.1574988758563995,0.0767549663782119,0.056818545423448,0.9209375,0.92375,2.04729296207428,1.9811651301383968,0.0506590363406576,,,,
42,2,OneHot,20,0.1574001228809356,0.0737998839467763,0.0579662900045514,0.9234375,0.924375,2.0591085171699524,1.99216014623642,0.0309056121017783,0.8806149231346081,0.6880929883764529,0.4586004265301298,0.7604801729661302
42,2,OneHot,21,0.1561468787491321,0.0742676328867673,0.0582968679070472,0.9265625,0.914375,2.0860484933853147,2.0015377831459045,0.0248911449918523,,,,
42,2,OneHot,22,0.1523906876146793,0.0734815073758363,0.0563012827932834,0.925,0.920625,2.061007900238037,2.0472811698913573,-0.0004384392040083,,,,
42,2,OneHot,23,0.1473307478427886,0.0703584112972021,0.0554286947101354,0.925,0.9253125,2.094912691116333,2.0811216616630555,0.0330034062534105,,,,
42,2,OneHot,24,0.1438261352479458,0.070193295404315,0.054102511703968,0.9265625,0.9275,2.1570952486991883,2.0797862362861634,0.0809186638286337,,,,
42,2,OneHot,25,0.1447373937070369,0.070222030878067,0.0539681941643357,0.924375,0.9246875,2.152360000610352,2.1531337451934816,-0.0337957727350294,0.8855343082114737,0.6612643419572554,0.3855325247965051,0.6193141658082207
42,3,ESM2,1,0.8937888491153717,0.2368152084946632,0.1919704103469848,0.516875,0.499375,-0.0124737173318862,-0.0033322882652282,-0.0025710844551213,,,,
42,3,ESM2,2,0.8112464964389801,0.2254110935330391,0.1779079318046569,0.519375,0.535,0.0049586928356438,0.0324956617504358,0.0374964753165841,,,,
42,3,ESM2,3,0.7597374796867371,0.2193439683318138,0.1743646189570427,0.52625,0.5634375,0.0369412318244576,0.0625561430305242,0.0433025256823748,,,,
42,3,ESM2,4,0.6339151722192764,0.2111118793487549,0.1638066610693931,0.5834375,0.6259375,0.1004374036192893,0.1786151704937219,0.0548039977997541,,,,
42,3,ESM2,5,0.4940724962949753,0.1936163228750229,0.144574044495821,0.65375,0.7196875,0.2574629410356283,0.3396915546059608,0.1433362600766122,0.7135958005249345,0.5814443194600675,0.5113131192347424,0.5759346058831882
42,3,ESM2,6,0.4125537645816803,0.1758535146713256,0.1267245104908943,0.7121875,0.784375,0.4346837723255157,0.5556354880332947,0.1615742624923586,,,,
42,3,ESM2,7,0.3720605206489563,0.1655594143271446,0.1147728377580642,0.755625,0.8209375,0.5681704276800156,0.7152126610279084,0.1466247414168901,,,,
42,3,ESM2,8,0.332450068295002,0.1522131399810314,0.1044943931698799,0.7865625,0.8421875,0.7160891354084015,0.8659194684028626,0.2066282968362793,,,,
42,3,ESM2,9,0.3227503675222397,0.1519237685203552,0.0997253549098968,0.7903125,0.855625,0.7313464665412903,0.9318862283229828,0.1826106833480298,,,,
42,3,ESM2,10,0.3095620000362396,0.1441673865914344,0.0977154377102851,0.803125,0.8578125,0.8214308190345764,0.9590442109107972,0.143899249099195,0.8376302962129735,0.6184896887889014,0.6520965569812154,0.5515285357197588
42,3,ESM2,11,0.3000384396314621,0.1416437691450119,0.0943128608912229,0.810625,0.8628125,0.8237555897235871,1.0372089052200315,0.1248686534701846,,,,
42,3,ESM2,12,0.2960400885343551,0.1360176758468151,0.0962136362493038,0.81875,0.863125,0.8725154042243958,1.0184689021110536,0.2117389579536393,,,,
42,3,ESM2,13,0.2887375870347023,0.1353808444738388,0.0921639674901962,0.8196875,0.8709375,0.9289698946475984,1.0704213976860046,0.1523748125974089,,,,
42,3,ESM2,14,0.2773474523425102,0.1309330335259437,0.0901112352311611,0.830625,0.87625,0.9522171974182128,1.1107193100452424,0.1340480108140036,,,,
42,3,ESM2,15,0.275743248462677,0.1318271267414093,0.08708051815629,0.8309375,0.8778125,0.981438238620758,1.1964328324794768,0.1248950468376279,0.86498687664042,0.6240629921259844,0.6709109334542463,0.5679073602148178
42,3,ESM2,16,0.2764641341567039,0.1313927169144153,0.0891199950128793,0.8303125,0.87125,0.9600387597084046,1.1786746978759766,0.1810044169798493,,,,
42,3,ESM2,17,0.2673029807209968,0.1256671418249607,0.0871301792562007,0.8378125,0.8759375,1.017961094379425,1.199706814289093,0.0292097748629748,,,,
42,3,ESM2,18,0.2573703414201736,0.1204618118703365,0.08651086948812,0.846875,0.8784375,1.0782332921028135,1.1992367339134216,0.0987454723127302,,,,
42,3,ESM2,19,0.2572712349891662,0.1238248662650585,0.0843909291923046,0.8384375,0.8815625,1.0719851291179656,1.2370917224884033,0.2054078989382833,,,,
42,3,ESM2,20,0.2471641427278518,0.1177554713189601,0.0816807639598846,0.848125,0.8896875,1.1270965111255646,1.333150532245636,0.069929215114098,0.8797570303712036,0.6078470191226096,0.6228207384175767,0.5879349327409543
42,3,ESM2,21,0.2512095749378204,0.1200054904818534,0.0824100342392921,0.8521875,0.8878125,1.0844062900543212,1.2785679686069489,0.0770616788999177,,,,
42,3,ESM2,22,0.2428949174284935,0.1173271007835865,0.0804487657546997,0.855625,0.888125,1.139827800989151,1.339567539691925,0.1498668523319065,,,,
42,3,ESM2,23,0.2486925965547561,0.1174188508093357,0.0826822433620691,0.8534375,0.884375,1.1953813016414645,1.2951794946193695,0.1571250607259571,,,,
42,3,ESM2,24,0.2444426599144935,0.1158724491298198,0.0818080431222915,0.85625,0.885,1.2084840714931488,1.3282221937179566,0.1040100995730608,,,,
42,3,ESM2,25,0.2407256415486335,0.1155854332447052,0.0802902301400899,0.856875,0.889375,1.1922440373897552,1.3447090792655945,0.1361258115852251,0.8961769778777654,0.617607799025122,0.768469963182937,0.5263116326605343
42,3,Fusion-ESM2,1,0.7613666224479675,0.2386289516091346,0.1804507780075073,0.5353125,0.595,0.0668495310097932,0.1803354589641094,0.0023395236302167,,,,
42,3,Fusion-ESM2,2,0.443292880654335,0.175654709637165,0.135401753783226,0.71,0.7384375,0.432975962460041,0.6126126289367676,0.0696045498119201,,,,
42,3,Fusion-ESM2,3,0.3195199811458588,0.1421239167451858,0.1035005261003971,0.8034375,0.831875,0.7950065606832504,0.9984778356552124,0.1350104181468486,,,,
42,3,Fusion-ESM2,4,0.2800094443559646,0.1247677497565746,0.0958372598886489,0.8425,0.856875,1.043851730823517,1.1909723675251007,0.0610716355592012,,,,
42,3,Fusion-ESM2,5,0.2642697295546531,0.1188993270695209,0.0909032087028026,0.8540625,0.86625,1.2028367924690246,1.3047929871082309,0.1360896975640207,0.8740817397825272,0.5947686539182603,0.5876248789809585,0.4700398296923613
42,3,Fusion-ESM2,6,0.2361327132582664,0.1081062582880258,0.0833174487203359,0.87875,0.8784375,1.2613716578483585,1.351121814250946,0.0549576750956475,,,,
42,3,Fusion-ESM2,7,0.2161755871772766,0.1007388720661401,0.0763063932955265,0.8865625,0.894375,1.4202829933166503,1.503792622089386,0.0690337981785705,,,,
42,3,Fusion-ESM2,8,0.2175151987373829,0.0983527800440788,0.0790587670356035,0.8890625,0.8875,1.433108944892883,1.5306226098537443,0.0547540074819698,,,,
42,3,Fusion-ESM2,9,0.1987759646773338,0.0912573191523551,0.0728052603453397,0.8990625,0.9009375,1.518127202987671,1.6019452595710757,0.0565900522191077,,,,
42,3,Fusion-ESM2,10,0.1980501995980739,0.0896523524820804,0.0723345496505498,0.903125,0.890625,1.627092432975769,1.669310622215271,0.0560510795740992,0.849010873640795,0.6331818522684666,0.4670344573628677,0.4740129108817568
42,3,Fusion-ESM2,11,0.1854774932563304,0.0875326959788799,0.0669072654098272,0.90375,0.9040625,1.695995924472809,1.7212993550300597,0.0425998963299207,,,,
42,3,Fusion-ESM2,12,0.190535556524992,0.0875291059166193,0.0700727920234203,0.9021875,0.90375,1.7063284492492676,1.718585033416748,0.0812547571212053,,,,
42,3,Fusion-ESM2,13,0.1817178635299206,0.0837599001079797,0.0670683435350656,0.9109375,0.9059375,1.8065035247802732,1.778921434879303,-0.0079127735225483,,,,
42,3,Fusion-ESM2,14,0.1741978377103805,0.0838448314368724,0.0616789082810282,0.9090625,0.9153125,1.8271972680091857,1.859415616989136,0.0049486667569726,,,,
42,3,Fusion-ESM2,15,0.1788559976220131,0.087050200253725,0.064924648553133,0.9075,0.914375,1.8535379981994629,1.7989412808418277,0.0569434013683348,0.8529583802024747,0.6527214098237721,0.5063662357655403,0.5916647640616112
42,3,Fusion-ESM2,16,0.1718483687937259,0.0835272548347711,0.0622073759138584,0.9121875,0.913125,1.820139274597168,1.8628453040122983,0.0738068272580858,,,,
42,3,Fusion-ESM2,17,0.165619441717863,0.0790391790866851,0.061168797314167,0.910625,0.9178125,1.855652666091919,1.9063718223571775,0.0392737918504281,,,,
42,3,Fusion-ESM2,18,0.1693019907176494,0.0800612253695726,0.0619789659231901,0.914375,0.91125,1.8951597476005555,1.894006397724152,0.0311873823779751,,,,
42,3,Fusion-ESM2,19,0.1618357479572296,0.0779844907671213,0.0596779015287756,0.9171875,0.915625,1.959211857318878,1.9763911771774287,0.0734610171453096,,,,
42,3,Fusion-ESM2,20,0.1606811252236366,0.0765841324627399,0.0598726664483547,0.9184375,0.91375,1.870759098529816,1.97079763174057,0.0758395428583025,0.8609193850768655,0.6784521934758155,0.4265673286557883,0.5825023523391277
42,3,Fusion-ESM2,21,0.1580814892053604,0.0760743297636508,0.0580378007888793,0.9190625,0.9228125,1.9638120198249815,1.997317855358124,0.0272854401357471,,,,
42,3,Fusion-ESM2,22,0.1568165849149227,0.0728378454595804,0.0600352482125163,0.9259375,0.9165625,2.0095860314369203,1.9797500085830688,0.0724673370830714,,,,
42,3,Fusion-ESM2,23,0.1571588689088821,0.0752604863047599,0.0577578756213188,0.9190625,0.9209375,1.985723042488098,2.0844266772270204,0.0191505646705627,,,,
42,3,Fusion-ESM2,24,0.1582740515470505,0.0762151112407445,0.0583643768727779,0.9175,0.9203125,2.0131096386909486,2.040863060951233,0.0369230586988851,,,,
42,3,Fusion-ESM2,25,0.1537925029546022,0.0747939328104257,0.0564847898110747,0.925625,0.9246875,2.034518620967865,2.09488463640213,0.0904113566037267,0.8465271841019874,0.6484499437570304,0.5399401661958628,0.5345010449080638
42,3,OneHot,1,0.7366719907522201,0.230923598408699,0.1879704093933105,0.5959375,0.5590625,0.0889600913226604,0.1398362869024276,0.0612670755758881,,,,
42,3,OneHot,2,0.4378552109003067,0.1737967103719711,0.1402728141844272,0.746875,0.7190625,0.5325464418530464,0.4929309013485908,0.062940465263091,,,,
42,3,OneHot,3,0.3026080375909805,0.1284142737090587,0.1082848288118839,0.834375,0.8346875,1.0268668341636658,0.8495631897449494,0.0378157718107104,,,,
42,3,OneHot,4,0.2765317055583,0.1208845522999763,0.0966223464161157,0.8503125,0.8653125,1.2271953916549685,1.0767260253429414,0.0224684066139161,,,,
42,3,OneHot,5,0.2526492071151733,0.1130861547589302,0.0895444460213184,0.8603125,0.8771875,1.3487725615501405,1.1488961040973664,0.0025107638910412,0.8460592425946757,0.5497082864641921,0.5696214670110753,-0.0368928967586724
42,3,OneHot,6,0.2300561007857322,0.1036676223576068,0.0838435965776443,0.8715625,0.8796875,1.4895583891868591,1.2489420199394226,0.0545777107123285,,,,
42,3,OneHot,7,0.2257021343708038,0.1053559332340955,0.0797995898127555,0.8759375,0.8896875,1.4718909525871278,1.3813728952407838,0.0426804447593167,,,,
42,3,OneHot,8,0.2104478979110717,0.0955233053863048,0.0764417026937007,0.89375,0.8959375,1.6080850195884704,1.4264968764781951,0.0724632374569773,,,,
42,3,OneHot,9,0.2017559513449668,0.0933206135779619,0.0728793478012085,0.89,0.9015625,1.63792427778244,1.4904185128211975,0.0286843544989824,,,,
42,3,OneHot,10,0.1997344434261322,0.0936764518171548,0.0711292137950658,0.894375,0.9046875,1.612157118320465,1.582223675251007,0.0153344659693539,0.8735298087739034,0.6086029246344208,0.6867247412656301,0.3394957334693663
42,3,OneHot,11,0.1934662340581417,0.0892367446422576,0.0704538808017969,0.9021875,0.8978125,1.737927963733673,1.6462317323684692,0.0089762369194068,,,,
42,3,OneHot,12,0.1814663565158843,0.0874265620857477,0.0651250573992729,0.899375,0.90875,1.7695211029052735,1.65725834608078,0.0115402134973555,,,,
42,3,OneHot,13,0.1865130142867565,0.0875438410788774,0.0670092893391847,0.9034375,0.9078125,1.7890143299102783,1.7369397616386413,-0.0232363965315744,,,,
42,3,OneHot,14,0.1753027017414569,0.0816955514252185,0.0652815625071525,0.9078125,0.9078125,1.8582395696640013,1.7162273502349854,0.0280681005306541,,,,
42,3,OneHot,15,0.1761240546405315,0.084589602202177,0.0637913346290588,0.9075,0.910625,1.88414719581604,1.795678560733795,0.0389628597907722,0.8919415073115862,0.650705661792276,0.5601331823242451,0.5409877080744239
42,3,OneHot,16,0.1754300354421138,0.0835501732304692,0.0643230767548084,0.9040625,0.9078125,1.8211026859283448,1.845219407081604,0.0714396344870328,,,,
42,3,OneHot,17,0.1627002349495887,0.0744554342329502,0.0616513131558895,0.924375,0.9178125,1.9935886406898495,1.8885026526451112,0.0227206428916542,,,,
42,3,OneHot,18,0.1652123112976551,0.0769461364299058,0.0624547136574983,0.9153125,0.9125,1.9922553610801697,1.846747040748596,0.0616515047475695,,,,
42,3,OneHot,19,0.1586222165822982,0.0761120737344026,0.0589773102477192,0.920625,0.92125,1.977262670993805,1.916459264755249,0.0630152784055098,,,,
42,3,OneHot,20,0.159373879134655,0.0775183223932981,0.0582882181555032,0.9175,0.921875,1.9841004347801208,2.005107593536377,0.0262254451960325,0.8760254968128984,0.6352155980502439,0.5969509707671592,0.5190952198879588
42,3,OneHot,21,0.1497972357273101,0.0705986355245113,0.0571048411726951,0.9290625,0.9225,2.044629895687103,1.977811143398285,0.0493289669044315,,,,
42,3,OneHot,22,0.1503453390300274,0.0728632450103759,0.0553679812699556,0.9271875,0.925,2.076762471199036,2.0950328159332274,0.0576711219083517,,,,
42,3,OneHot,23,0.1581483016908168,0.0759901597350835,0.0574219600483775,0.925,0.923125,2.019152660369873,2.0557518100738523,-0.010403064424172,,,,
42,3,OneHot,24,0.1508770695328712,0.075153265222907,0.0547230325639247,0.9153125,0.926875,2.023316161632538,2.0774897289276124,0.0268593159364536,,,,
42,3,OneHot,25,0.1509825564920902,0.0728721077740192,0.0560006492957472,0.9265625,0.925625,2.0486592483520507,2.121731026172638,0.0419888889929279,0.8721259842519686,0.6347716535433071,0.5918418943973275,0.5608531140214013
42,4,ESM2,1,0.8429694902896882,0.2281394210457802,0.1800721850991249,0.4884375,0.5146875,0.0030142981279641,0.0103668061271309,0.0267305984278209,,,,
42,4,ESM2,2,0.790945897102356,0.219444118142128,0.1754761731624603,0.5234375,0.5353125,0.019466458344832,0.0345917314291,0.011458840034902,,,,
42,4,ESM2,3,0.7221255135536194,0.2155755180120468,0.1736687722802162,0.551875,0.56375,0.0365625101327896,0.0956148552894592,0.0297430903377244,,,,
42,4,ESM2,4,0.5657516890764236,0.2034675738215446,0.1570804969966411,0.609375,0.659375,0.1467672249162569,0.2518662875890732,0.1002666378760477,,,,
42,4,ESM2,5,0.43328105032444,0.1814485320448875,0.1333995643258095,0.695,0.7509375,0.3606402027606964,0.4818280524015426,0.1220355877652764,0.7655373078365205,0.5852058492688416,0.6109806566716176,0.5075003094780903
42,4,ESM2,6,0.3778644955158233,0.1632602930068969,0.1229618427157402,0.7575,0.7959375,0.5667513334751129,0.6284335964918136,0.2560039500053972,,,,
42,4,ESM2,7,0.3366649043560028,0.1511207680404186,0.1094049823284149,0.7840625,0.8296875,0.688467675447464,0.7855462908744812,0.118831645315513,,,,
42,4,ESM2,8,0.3241391342878341,0.1473047588765621,0.1047612629830837,0.79875,0.8434375,0.762213476896286,0.8739938151836395,0.1281082732416689,,,,
42,4,ESM2,9,0.3004939797520637,0.1391790552437305,0.0975343017280101,0.8090625,0.8584375,0.8374567067623139,0.982095069885254,0.1117898419313132,,,,
42,4,ESM2,10,0.2902554887533188,0.1354885201156139,0.0946245598793029,0.819375,0.8703125,0.8999427741765976,1.0151716244220734,0.0922736932756379,0.850408698912636,0.6049133858267717,0.6728572482618014,0.6082057551358293
42,4,ESM2,11,0.2759002041816711,0.1308526389300823,0.0906436151266098,0.8190625,0.873125,0.982547413110733,1.0671066522598267,0.0595415592379868,,,,
42,4,ESM2,12,0.2849566623568534,0.13287443369627,0.0929874785244464,0.8178125,0.8690625,0.9789456450939178,1.0553457629680634,0.1163429404911585,,,,
42,4,ESM2,13,0.2764947262406349,0.1285306441783905,0.0919233221560716,0.8209375,0.87125,1.0197552382946014,1.110275478363037,0.0725025625061243,,,,
42,4,ESM2,14,0.2721032691001892,0.1249202363193035,0.0923240479826927,0.833125,0.8646875,1.0218792259693146,1.1012965047359466,0.1352098097745329,,,,
42,4,ESM2,15,0.2672699856758118,0.1228297208249569,0.0902366849780082,0.8371875,0.8671875,1.082550791501999,1.1256187915802005,0.1792870542965829,0.8661207349081366,0.6035875515560555,0.6878600915700371,0.4867429873457382
42,4,ESM2,16,0.2669381177425384,0.1242784638702869,0.089498623162508,0.84,0.8734375,1.097825850248337,1.1339614033699037,0.1400499066151678,,,,
42,4,ESM2,17,0.2546098047494888,0.1208216568827629,0.0847457554936409,0.8440625,0.879375,1.117100067138672,1.21249284863472,0.1246977136284113,,,,
42,4,ESM2,18,0.2471424433588981,0.116904898583889,0.0836364051699638,0.84625,0.8840625,1.1684797310829165,1.2295893824100494,0.1212053216807544,,,,
42,4,ESM2,19,0.2505546674132347,0.1177134954929351,0.0856764955818653,0.8459375,0.8828125,1.204984130859375,1.242799379825592,0.2017330256290734,,,,
42,4,ESM2,20,0.2397340279817581,0.1135644464194774,0.0814645313471555,0.855,0.889375,1.2322093057632446,1.2621935427188873,0.0609265613660682,0.8816107986501688,0.5847019122609675,0.7335984895475781,0.3393335668902074
42,4,ESM2,21,0.2346806141734123,0.1112650288641452,0.0808421090990305,0.8575,0.8878125,1.2531025862693788,1.307857005596161,0.153716202765936,,,,
42,4,ESM2,22,0.2395165982842445,0.11342483446002,0.0804003615677356,0.8521875,0.8865625,1.275122151374817,1.3370766711235047,0.1239564397186041,,,,
42,4,ESM2,23,0.242513612806797,0.1116297248005867,0.084452978670597,0.86,0.88375,1.3051248323917388,1.2895685958862304,0.1005592324584722,,,,
42,4,ESM2,24,0.2327368772029876,0.1073443090915679,0.0818374624848365,0.865625,0.8884375,1.3396072244644166,1.3149786138534545,0.1289361673872918,,,,
42,4,ESM2,25,0.2344140654802322,0.1094443808495998,0.0805221978574991,0.865,0.8865625,1.344312434196472,1.3447783160209656,0.1506448841467499,0.8765714285714287,0.6032995875515561,0.5890035186363098,0.4619315007344113
42,4,Fusion-ESM2,1,0.716884930729866,0.2160099324584007,0.1814860190451145,0.58875,0.594375,0.134986415989697,0.1724593457207083,0.0420359641383402,,,,
42,4,Fusion-ESM2,2,0.3853587430715561,0.1599171657860279,0.1239596243202686,0.7690625,0.7865625,0.5906897401809692,0.6813534373044967,0.0789571012742817,,,,
42,4,Fusion-ESM2,3,0.2902367135882377,0.1313461230695247,0.0973764193058013,0.84,0.8565625,0.911545444726944,1.0591380059719089,0.0439530930016189,,,,
42,4,Fusion-ESM2,4,0.2691948375105857,0.119429326057434,0.094287512153387,0.8646875,0.860625,1.0414508128166198,1.1553135132789611,0.0566511268168687,,,,
42,4,Fusion-ESM2,5,0.2358533573150635,0.1071609103679657,0.0839781975001096,0.8778125,0.8765625,1.228961546421051,1.326128149032593,0.0400853905174881,0.8624311961004877,0.6093408323959505,0.5774067262412951,0.3825509602360808
42,4,Fusion-ESM2,6,0.2291526156663894,0.104156530201435,0.0815323168039321,0.88375,0.888125,1.272344777584076,1.394386122226715,0.0344409667886793,,,,
42,4,Fusion-ESM2,7,0.2195496383309364,0.1001499943435192,0.0793763046711683,0.89375,0.886875,1.378672080039978,1.427604420185089,0.04086425377056,,,,
42,4,Fusion-ESM2,8,0.2057510882616043,0.0930106402188539,0.0760568746179342,0.8965625,0.894375,1.4677037596702576,1.5466572284698483,0.1000726545648649,,,,
42,4,Fusion-ESM2,9,0.2012088710069656,0.0930680295079946,0.0732724311947822,0.894375,0.8971875,1.5571601748466493,1.5751922273635863,0.0431377039011567,,,,
42,4,Fusion-ESM2,10,0.2013167157769203,0.0930619501322507,0.0726059662550687,0.8971875,0.9025,1.5925993943214416,1.6530415034294128,0.0576268739934312,0.8483569553805775,0.6653978252718411,0.5812182594060902,0.5775562716747783
42,4,Fusion-ESM2,11,0.1907720136642456,0.0899561417847871,0.0679939547926187,0.9015625,0.90875,1.604191370010376,1.7061354279518128,0.0230513294413685,,,,
42,4,Fusion-ESM2,12,0.1813146179914474,0.0854767915606498,0.0665328586101531,0.913125,0.90625,1.7068903994560245,1.7244155764579774,0.1002861568215303,,,,
42,4,Fusion-ESM2,13,0.1751362876594066,0.0849393267929554,0.0629169698059558,0.9025,0.9134375,1.7544963026046754,1.780670440196991,0.0140405258582904,,,,
42,4,Fusion-ESM2,14,0.1696704076230526,0.0795555184781551,0.0629878490418195,0.9134375,0.9140625,1.7640721464157103,1.8194018244743344,0.0188901789559167,,,,
42,4,Fusion-ESM2,15,0.1812273579835891,0.0839763620495796,0.0681288224458694,0.909375,0.9084375,1.7449100089073182,1.7649629426002502,0.0823892403766512,0.849766779152606,0.674018747656543,0.6191713981534113,0.6091787546107833
42,4,Fusion-ESM2,16,0.1741978628933429,0.0823289260268211,0.0647686478495597,0.909375,0.911875,1.7793345332145691,1.846940803527832,0.0581332180742174,,,,
42,4,Fusion-ESM2,17,0.1714553798735141,0.0796563408523798,0.0635939318686723,0.9171875,0.9140625,1.8504889798164368,1.8628976774215695,0.0281025248719379,,,,
42,4,Fusion-ESM2,18,0.166798533052206,0.0771773526072502,0.0642534363269805,0.9190625,0.9071875,1.888896851539612,1.8971352553367613,0.0633020027680322,,,,
42,4,Fusion-ESM2,19,0.1696766953170299,0.0795101574808359,0.063725865855813,0.9140625,0.915625,1.887630743980408,1.9239189076423644,0.0867206615861505,,,,
42,4,Fusion-ESM2,20,0.1608961115777492,0.0756902796402573,0.0600877493992447,0.9234375,0.920625,1.977823362350464,1.9020320892333984,-0.0069625694368005,0.8565759280089988,0.6588346456692914,0.5763524723872028,0.5439067064992859
42,4,Fusion-ESM2,21,0.155806490778923,0.072485631108284,0.0592058683931827,0.9278125,0.921875,2.0208506894111635,1.9641639804840088,-0.0100601444952189,,,,
42,4,Fusion-ESM2,22,0.1572615705430507,0.0741301251947879,0.0596287775039672,0.9228125,0.9184375,2.0089226746559143,1.8965460014343265,0.0208487933594733,,,,
42,4,Fusion-ESM2,23,0.1500435358285904,0.0704672253131866,0.0573488711938262,0.9259375,0.9253125,2.0689702248573303,1.986536054611206,0.0388869211170822,,,,
42,4,Fusion-ESM2,24,0.1522951844334602,0.0724192821234464,0.0573836055397987,0.92,0.9215625,2.0094328713417053,2.005196347236633,0.0359123975504189,,,,
42,4,Fusion-ESM2,25,0.1559208332002163,0.0740829113125801,0.0585965247452259,0.9190625,0.923125,1.9912469601631164,2.008356506824493,0.0364499051123857,0.8722159730033747,0.6746666666666667,0.7526561553715533,0.5636099458671042
42,4,OneHot,1,0.7904255628585816,0.2291549369692802,0.1858147755265236,0.4846875,0.5540625,0.0364480372145772,0.0795077669620513,0.0440865075308829,,,,
42,4,OneHot,2,0.5026314216852188,0.1897934699058532,0.1451543509960174,0.665,0.7053125,0.2606894827634096,0.4185096351802349,0.0483922924660146,,,,
42,4,OneHot,3,0.3477495601773262,0.1498415929079055,0.114700421988964,0.7896875,0.8146875,0.6299015611410141,0.8044127142429351,0.0540648310352116,,,,
42,4,OneHot,4,0.2802892559766769,0.1247609473764896,0.0978823082149028,0.848125,0.8575,0.855181792974472,1.0694510638713837,0.0205220995796844,,,,
42,4,OneHot,5,0.255640444457531,0.113288071155548,0.0908111710101366,0.87125,0.8671875,1.044883953332901,1.218336979150772,0.0304778047371655,0.8242159730033748,0.6229651293588302,-0.0610656270870358,0.5696101092959873
42,4,OneHot,6,0.2347461155056953,0.1059298904240131,0.0839083586633205,0.8809375,0.88,1.1740114080905917,1.3208327960968018,-0.012706317625707,,,,
42,4,OneHot,7,0.2224963071942329,0.1024365337193012,0.0800913675129413,0.885,0.885625,1.2474058842658995,1.4203081679344178,-0.0004651945084333,,,,
42,4,OneHot,8,0.207876033782959,0.0940045876801013,0.0759578389674425,0.89875,0.8984375,1.3507316493988035,1.5404727578163149,0.052905801681336,,,,
42,4,OneHot,9,0.1966253998875618,0.0892058151960372,0.0732281223684549,0.9078125,0.8996875,1.4693947100639344,1.5411131119728088,0.0440954358689487,,,,
42,4,OneHot,10,0.1898178400099277,0.0848821069300174,0.0720059878379106,0.9115625,0.8990625,1.5355791473388671,1.6337429571151734,-0.0034542297385632,0.8030386201724785,0.6192155980502438,0.2957587542980341,0.2934404249882104
42,4,OneHot,11,0.1924016135931015,0.0914333476871252,0.068791801854968,0.899375,0.9059375,1.5165706706047055,1.644407868385315,0.0094110471475869,,,,
42,4,OneHot,12,0.1808659319579601,0.0866885705292224,0.0648498281091451,0.910625,0.9121875,1.5896539187431336,1.746073215007782,0.0097529656626284,,,,
42,4,OneHot,13,0.1749570763111114,0.0813569077849388,0.0651708260923624,0.918125,0.9059375,1.6784097743034363,1.8076430130004884,0.0056624638242647,,,,
42,4,OneHot,14,0.1734015181660652,0.0803763755410909,0.0652033651620149,0.92125,0.911875,1.6854683780670163,1.7794053268432617,0.014033981822431,,,,
42,4,OneHot,15,0.170681739449501,0.0784298632293939,0.0645057716965675,0.9159375,0.9115625,1.7337978386878967,1.8222993159294127,0.0137975650653243,0.8496707911511062,0.6541732283464567,0.5649989693431324,0.7051813694729112
42,4,OneHot,16,0.1715492525696754,0.079732037782669,0.0653596810251474,0.9159375,0.9053125,1.777519655227661,1.850960071086884,0.0438870311528444,,,,
42,4,OneHot,17,0.1699938330054283,0.0785796550661325,0.0641505932807922,0.916875,0.9121875,1.7826562070846557,1.8845476841926572,0.0534752977127209,,,,
42,4,OneHot,18,0.1670385462045669,0.0796613974869251,0.0619015835598111,0.915,0.919375,1.8026752305030824,1.930735204219818,0.050455280188471,,,,
42,4,OneHot,19,0.162769619077444,0.0756775936111807,0.0624425306916236,0.9225,0.9115625,1.8761617016792296,1.8724903225898744,0.0247211252432316,,,,
42,4,OneHot,20,0.1579182260483503,0.0770972871035337,0.0577579994872212,0.9190625,0.91875,1.858144257068634,1.97761825799942,0.0083160758018493,0.8462692163479566,0.6372073490813649,0.4924987427617114,0.5212033854170257
42,4,OneHot,21,0.1551706086099147,0.074590944647789,0.057559759542346,0.924375,0.923125,1.870190908908844,2.0423411440849306,0.042463333052583,,,,
42,4,OneHot,22,0.1553183127939701,0.0740868757665157,0.0583732017874717,0.923125,0.91625,1.9250499749183652,2.0064503240585325,0.0540943700098432,,,,
42,4,OneHot,23,0.1496669019758701,0.0710938639193773,0.0568079977855086,0.9290625,0.9209375,1.9841599774360656,2.033312351703644,0.041781398858875,,,,
42,4,OneHot,24,0.1508558732271194,0.0706889836117625,0.0573227875679731,0.9265625,0.9215625,1.972265145778656,2.062119827270508,0.0063197515625506,,,,
42,4,OneHot,25,0.1488274037837982,0.0714953845739364,0.0562412836402654,0.9278125,0.92125,1.9948548460006716,2.099790639877319,0.0368856062740087,0.8532583427071616,0.6638320209973755,0.5906254476426057,0.5769886886477218
42,5,ESM2,1,0.9702302861213684,0.2472308054566383,0.235459534227848,0.4965625,0.518125,0.0032230550236999,0.0509202795475721,-0.0141154897847445,,,,
42,5,ESM2,2,0.8053794085979462,0.2294740277528763,0.184911039173603,0.525625,0.55125,0.0310869070561602,0.092605660483241,-0.0129779394716024,,,,
42,5,ESM2,3,0.681411269903183,0.2198768281936645,0.1691395142674446,0.545625,0.6065625,0.0569642737321555,0.1962151652574539,0.0535479451250284,,,,
42,5,ESM2,4,0.5436775147914886,0.2029046607017517,0.1506850020587444,0.63,0.689375,0.187643374055624,0.3507980005443096,0.1138552218442782,,,,
42,5,ESM2,5,0.4224626815319061,0.1790488097071647,0.1262136177718639,0.7146875,0.77875,0.4246834003925323,0.6372527241706848,0.1422627493552863,0.7510491188601425,0.5899332583427072,0.5447248567644353,0.5655559448170123
42,5,ESM2,6,0.3700799316167831,0.1631741532683372,0.1130112098157405,0.7553125,0.81625,0.5720059630274773,0.8292186665534973,0.161889648605138,,,,
42,5,ESM2,7,0.3495079439878463,0.1575582315027713,0.1078669102489948,0.7690625,0.825625,0.6808188247680664,0.9504983329772948,0.2494400904001668,,,,
42,5,ESM2,8,0.3322252669930458,0.1527159720659256,0.0999165502190589,0.7765625,0.85125,0.7401179093122482,1.076134432554245,0.1200580316758714,,,,
42,5,ESM2,9,0.3128346052765846,0.1452411331236362,0.0968277968466281,0.79125,0.8546875,0.8308571159839631,1.1493051934242249,0.2196941550215706,,,,
42,5,ESM2,10,0.3040202921628952,0.142456434071064,0.0943635495007038,0.790625,0.859375,0.830951737165451,1.1598169302940369,0.1514789521903731,0.831199100112486,0.5994780652418448,0.5984918033231401,0.6110436702711117
42,5,ESM2,11,0.2905025631189346,0.1384768202900886,0.0908348646759986,0.8040625,0.8671875,0.8790631401538849,1.2173289668560028,0.1169407719094306,,,,
42,5,ESM2,12,0.2876760500669479,0.1336494867503643,0.0910486136376857,0.815625,0.86875,0.9542439234256744,1.2712455713748931,0.1107877616584301,,,,
42,5,ESM2,13,0.2769685572385787,0.1328172321617603,0.0859359469264745,0.8140625,0.8821875,1.0000040686130525,1.3804889869689942,0.1938825571537017,,,,
42,5,ESM2,14,0.2731332302093506,0.1297866886854171,0.0866574797779321,0.8165625,0.8721875,1.0085089099407196,1.313974883556366,0.2403552663512528,,,,
42,5,ESM2,15,0.2728922796249389,0.1274636469781399,0.0867959385365247,0.8265625,0.874375,1.0643711352348328,1.3604850244522095,0.0563259440660476,0.858729658792651,0.629504311961005,0.6861570661134266,0.6695858053475108
42,5,ESM2,16,0.2753748920559883,0.1287641225755214,0.088807328119874,0.8253125,0.875625,1.078551949262619,1.3152629446983335,0.2232405562698841,,,,
42,5,ESM2,17,0.2603628027439117,0.1235403989255428,0.0837797679007053,0.829375,0.87875,1.108562958240509,1.358676733970642,0.0961873446404933,,,,
42,5,ESM2,18,0.2543524420261383,0.1205262780189514,0.0819913393259048,0.8334375,0.885625,1.1344397974014282,1.4076760292053223,0.0924354821722954,,,,
42,5,ESM2,19,0.2562496984004974,0.1224227330088615,0.0815527295321226,0.8359375,0.8825,1.152755740880966,1.4404516863822936,0.1601796631189063,,,,
42,5,ESM2,20,0.2584738671779633,0.1229782627522945,0.0847447808086872,0.8303125,0.8796875,1.1587969756126404,1.376601710319519,0.1325569671392441,0.8577577802774654,0.6201754780652419,0.6502313386239753,0.6866132961592057
42,5,ESM2,21,0.2496498709917068,0.1190079586207866,0.0814170283824205,0.844375,0.885,1.19573184967041,1.4155389976501465,0.1191472725337371,,,,
42,5,ESM2,22,0.2445855331420898,0.1146674101054668,0.0820508260279893,0.8540625,0.8840625,1.219149957895279,1.413259744644165,0.1315837015304714,,,,
42,5,ESM2,23,0.246412926018238,0.1161085097491741,0.0818913622200489,0.8475,0.8859375,1.253144989013672,1.4676544547080994,0.1330940264486707,,,,
42,5,ESM2,24,0.239190017580986,0.1138680365681648,0.0791557057201862,0.85125,0.888125,1.2948143362998965,1.4756260442733764,0.0839999618381261,,,,
42,5,ESM2,25,0.2433825729787349,0.1178457681834697,0.0788750541955232,0.8403125,0.8846875,1.2355721557140351,1.5630071759223938,0.1418268421059474,0.8800029996250469,0.6261747281589801,0.6849406193587048,0.6890457948465907
42,5,Fusion-ESM2,1,0.8255199468135834,0.2967859518527984,0.1820158874988555,0.6103125,0.6034375,0.0487330090999603,0.21750532053411,-0.0172431129612959,,,,
42,5,Fusion-ESM2,2,0.4497926622629166,0.1849165251851081,0.1300429980456829,0.711875,0.7603125,0.4110466432571411,0.7177716028690339,0.0436499875085428,,,,
42,5,Fusion-ESM2,3,0.3089853376150131,0.1422965994477272,0.0980505599826574,0.8165625,0.84625,0.8869265806674957,1.1585987961292268,0.0626064578443765,,,,
42,5,Fusion-ESM2,4,0.2650623542070389,0.1225258247554302,0.0886454200744629,0.845,0.8721875,1.142336585521698,1.2782928252220154,0.0397725805453956,,,,
42,5,Fusion-ESM2,5,0.2525009706616402,0.1155247278511524,0.0862426168471574,0.8584375,0.871875,1.2480659198760986,1.3984964442253114,0.0432730649411678,0.8479430071241095,0.5895613048368955,0.5036900529051522,0.6956946245921097
42,5,Fusion-ESM2,6,0.2319871667027473,0.107749131321907,0.0799445826560258,0.8721875,0.889375,1.386493375301361,1.479199357032776,0.06065909917932,,,,
42,5,Fusion-ESM2,7,0.2141821157932281,0.1001004344224929,0.0755533835291862,0.88375,0.8921875,1.5110420131683349,1.619770040512085,0.0512707767728716,,,,
42,5,Fusion-ESM2,8,0.2132819558680057,0.100186695381999,0.0742410673946142,0.8884375,0.8946875,1.5414289045333862,1.6143058252334594,0.0488593382947146,,,,
42,5,Fusion-ESM2,9,0.1970496825873851,0.0919813877344131,0.0709481590241193,0.896875,0.900625,1.7033691358566283,1.7628360557556153,0.0730595047399401,,,,
42,5,Fusion-ESM2,10,0.197642094194889,0.0926971696317195,0.0713126872479915,0.90125,0.8940625,1.7101994466781616,1.728642485141754,0.0953286921404651,0.8722339707536559,0.6324199475065617,0.4945261540195811,0.6037461742089568
42,5,Fusion-ESM2,11,0.1978050048649311,0.0915041846036911,0.0711181112378835,0.9003125,0.9040625,1.7029184913635254,1.7717078065872192,0.0236044422071427,,,,
42,5,Fusion-ESM2,12,0.1883762046694755,0.0857505716383457,0.0709564797580242,0.90625,0.900625,1.8012434434890747,1.811882700920105,0.0656068397033959,,,,
42,5,Fusion-ESM2,13,0.1792102487385273,0.085810081064701,0.0652029218524694,0.906875,0.9053125,1.7712022471427915,1.8644768691062927,0.0616911137290298,,,,
42,5,Fusion-ESM2,14,0.1823889724910259,0.086757491454482,0.0662388004362583,0.901875,0.9040625,1.8322651338577272,1.883789498806,0.0562642308697104,,,,
42,5,Fusion-ESM2,15,0.1799091905355453,0.0849619741737842,0.0659147783368825,0.910625,0.9075,1.8602678608894347,1.8659641575813293,0.0178408235311508,0.8475530558680165,0.6340817397825272,0.3623389400064756,0.6293684937160787
42,5,Fusion-ESM2,16,0.1756222406029701,0.0825751549005508,0.0648326133191585,0.9134375,0.906875,1.9060161876678468,1.879346415996552,0.1362429048353806,,,,
42,5,Fusion-ESM2,17,0.1762953133881092,0.0844871863722801,0.062797504030168,0.9096875,0.9125,1.8559031939506527,1.9388875484466552,0.0535036773857427,,,,
42,5,Fusion-ESM2,18,0.168529080748558,0.0784266161173582,0.0623516763746738,0.92375,0.911875,1.8940595626831052,1.9551240038871764,0.0095629508700221,,,,
42,5,Fusion-ESM2,19,0.1651204122602939,0.0763038955628871,0.0615551269426941,0.9221875,0.915625,2.006171157360077,2.051479313373566,0.0560386236384511,,,,
42,5,Fusion-ESM2,20,0.1659789851307869,0.0806999742984771,0.0604176162555813,0.9140625,0.9096875,1.923498077392578,2.034293973445892,0.0669531617255415,0.8675485564304463,0.6539452568428947,0.469224061521367,0.6853970468155133
42,5,Fusion-ESM2,21,0.1684361016750335,0.0784827856346964,0.0636497175693512,0.9196875,0.910625,1.9271223998069764,1.9999723839759824,0.0380577572900801,,,,
42,5,Fusion-ESM2,22,0.1634087590873241,0.0776239252835512,0.0603917889297008,0.915625,0.9184375,1.92405033826828,2.0532928943634032,0.024813117008889,,,,
42,5,Fusion-ESM2,23,0.1675027376413345,0.0802880337834358,0.0607883193716406,0.9146875,0.9190625,1.9141100811958316,2.0641249203681946,0.0494090100377798,,,,
42,5,Fusion-ESM2,24,0.1608327353000641,0.0747992662340402,0.0611367563158273,0.9259375,0.9153125,2.01851557970047,2.027597043514252,0.0718114784080535,,,,
42,5,Fusion-ESM2,25,0.1568243484199047,0.0745454359799623,0.0586301698163151,0.92375,0.91875,1.9661995077133176,2.0955162262916565,0.0121770751103758,0.8625811773528309,0.6493018372703413,0.4486255631414108,0.6808563825990611
42,5,OneHot,1,0.7536543738842011,0.2326364642381668,0.1796053713560104,0.549375,0.59125,0.0665089447516948,0.1519473229348659,0.0021071408246643,,,,
42,5,OneHot,2,0.4372472411394119,0.1738314597308635,0.1331526796519756,0.72,0.7490625,0.5353092208504677,0.6186481428146362,0.133825836405158,,,,
42,5,OneHot,3,0.312099352478981,0.135714313685894,0.1036443656682968,0.819375,0.8346875,0.9607705187797546,1.0275214779376984,0.0215917788469232,,,,
42,5,OneHot,4,0.2615412348508835,0.1149806757271289,0.0913084658980369,0.854375,0.86125,1.2374937915802002,1.228634986877441,0.0722021720814518,,,,
42,5,OneHot,5,0.2436876362562179,0.1052059488743543,0.0879021249711513,0.8740625,0.873125,1.3893174505233763,1.2993343305587768,0.0398772478476166,0.859623547056618,0.566992125984252,0.4787123462081973,0.3929296213022568
42,5,OneHot,6,0.2240321612358093,0.1004089964926242,0.0806623119115829,0.878125,0.8803125,1.462446966171265,1.3890872502326963,0.0233011583192273,,,,
42,5,OneHot,7,0.2059806005656719,0.0951902436465025,0.0752652708441019,0.88625,0.891875,1.6456788420677184,1.4950145649909974,0.0494541257948731,,,,
42,5,OneHot,8,0.2049082426726818,0.0928333257138729,0.0744222440570592,0.89625,0.8965625,1.6381281065940856,1.5567798972129825,0.048092955360189,,,,
42,5,OneHot,9,0.2021630537509918,0.0902079413831234,0.0753728648275137,0.8984375,0.89125,1.7007019662857057,1.5185785007476806,0.0015298593521583,,,,
42,5,OneHot,10,0.1962949162721634,0.0898363725841045,0.0720641909539699,0.8984375,0.9009375,1.738272876739502,1.575854904651642,0.0167666098102927,0.8659947506561682,0.6439145106861642,0.5550241059544134,0.5709885252188387
42,5,OneHot,11,0.1784400889277458,0.0832126607373356,0.0665491586923599,0.9078125,0.9084375,1.8536681675910949,1.7328285431861878,-0.0007116651162505,,,,
42,5,OneHot,12,0.180957451313734,0.0853140395134687,0.0663568841665983,0.901875,0.9103125,1.853308687210083,1.7469432044029236,-0.0040041230618953,,,,
42,5,OneHot,13,0.1738161896169185,0.0826057364791631,0.0638134239614009,0.905625,0.91,1.882555191516876,1.7837156796455382,0.0808138689678162,,,,
42,5,OneHot,14,0.1735503935813903,0.0795103857666254,0.0665957390516996,0.9159375,0.903125,1.9075117921829223,1.7668269109725951,3.039580915356055e-05,,,,
42,5,OneHot,15,0.1752278120815754,0.0809704668074846,0.0652572611719369,0.9109375,0.910625,1.9364399766922,1.8160974168777464,0.0555173282511532,0.8344506936632922,0.6320419947506563,0.3219529077497108,0.5211223021274463
42,5,OneHot,16,0.1662580871582031,0.0769753570109605,0.0628230895102024,0.9153125,0.920625,1.9602926993370056,1.866692585945129,0.0808833275921642,,,,
42,5,OneHot,17,0.166944411098957,0.078056902103126,0.0622803401201963,0.9128125,0.91125,2.015498993396759,1.826019787788391,0.0384484745655208,,,,
42,5,OneHot,18,0.1668446953594684,0.078654073998332,0.0610905198007822,0.9153125,0.9225,1.9550523328781129,1.919096074104309,0.0393521709367632,,,,
42,5,OneHot,19,0.1591244812309742,0.0727676883339882,0.0612212327122688,0.91625,0.9165625,2.018329768180847,1.914066905975342,0.0472964275069534,,,,
42,5,OneHot,20,0.1563277943432331,0.0748579353094101,0.058548838533461,0.9225,0.921875,2.069730668067932,1.9371591711044311,0.0504194198269397,0.8717180352455943,0.6905346831646044,0.4740898485402544,0.7678587523178647
42,5,OneHot,21,0.1493044979870319,0.0717799063026905,0.0559179296717047,0.926875,0.925,2.1045251798629763,2.000742163658142,0.0602087102131918,,,,
42,5,OneHot,22,0.1539292025566101,0.0731747451052069,0.0578721782565116,0.921875,0.92375,2.0547262048721318,1.9659934973716733,0.0268135908059775,,,,
42,5,OneHot,23,0.1484717170894146,0.0693875885009765,0.0579137108474969,0.9246875,0.9171875,2.1253201222419738,1.991666226387024,0.0145337906107306,,,,
42,5,OneHot,24,0.151086628884077,0.0695721647888422,0.0580704981461167,0.9246875,0.925625,2.130630793571472,2.018477861881256,0.0476015023887157,,,,
42,5,OneHot,25,0.1470315110683441,0.0717690135911107,0.0546440797671675,0.9253125,0.9303125,2.100702764987945,2.065545926094055,0.0491721898596733,0.8639130108736408,0.6484499437570304,0.4011841397072593,0.6103950039544758
123,1,ESM2,1,0.9981856763362884,0.2793373322486877,0.215516223013401,0.5296875,0.503125,-0.0386274498701095,0.0041863204538822,-0.0157573135197162,,,,
123,1,ESM2,2,0.8335399830341339,0.2307606601715087,0.1798684066534042,0.5521875,0.5165625,0.0443516251444816,0.0183722569234669,0.0129180427954997,,,,
123,1,ESM2,3,0.7387109291553497,0.2211139625310897,0.1727467253804206,0.575,0.576875,0.0641709825210273,0.0794058562070131,0.0725248666480183,,,,
123,1,ESM2,4,0.555502074956894,0.2048453029990196,0.153485726416111,0.655625,0.6934375,0.2330777059495449,0.2822274094820022,0.134571673135506,,,,
123,1,ESM2,5,0.4257500582933426,0.1747774079442024,0.1320644171535968,0.736875,0.768125,0.4912690621614456,0.5194592547416687,0.1487936511449515,0.7616197975253094,0.6108826396700413,0.5565649385103945,0.6154221679084048
123,1,ESM2,6,0.3676506042480468,0.1636639496684074,0.1140264020860195,0.7621875,0.8153125,0.6593439853191376,0.7412566643953323,0.1452862152550369,,,,
123,1,ESM2,7,0.3468977111577987,0.1579170480370521,0.1060610815882682,0.7759375,0.836875,0.7306544208526611,0.9072413289546968,0.2157118430174887,,,,
123,1,ESM2,8,0.3203089487552643,0.1487252968549728,0.0984908969700336,0.79,0.84875,0.8202505135536193,1.0662258183956146,0.1783645533770322,,,,
123,1,ESM2,9,0.3026094922423363,0.141308312267065,0.0941294904798269,0.8040625,0.861875,0.8780381059646607,1.0948392701148988,0.1423809280991554,,,,
123,1,ESM2,10,0.3036559921503067,0.1394729942083358,0.0965986008942127,0.809375,0.8628125,0.938547465801239,1.0567060792446137,0.0823090225365012,0.8438875140607425,0.6118965129358831,0.6401753787849415,0.4807428239168553
123,1,ESM2,11,0.2893960130214691,0.1359584099054336,0.0922197987139225,0.8128125,0.865,0.935057406425476,1.1265048611164092,0.0676874999376013,,,,
123,1,ESM2,12,0.2876021367311477,0.1348604041337966,0.0899334386736154,0.8175,0.8684375,1.0193930661678314,1.2287602710723875,0.0817471574619412,,,,
123,1,ESM2,13,0.2785594594478607,0.1303267569839954,0.0903439006954431,0.8259375,0.85875,1.0589080047607422,1.2194368588924407,0.1296988682914525,,,,
123,1,ESM2,14,0.2697594365477562,0.1271368207037448,0.086623256355524,0.833125,0.8775,1.0597332072257997,1.279627525806427,0.061013438552618,,,,
123,1,ESM2,15,0.2643146869540214,0.1229958061873912,0.0868452617526054,0.8375,0.8771875,1.197858817577362,1.2691445112228394,0.1236407179338857,0.8782452193475817,0.6165039370078741,0.7013221023222922,0.4408498454437413
123,1,ESM2,16,0.2551566568017006,0.1210528676211833,0.0831114809215068,0.8434375,0.884375,1.1709568178653718,1.3521635150909423,0.119624907951802,,,,
123,1,ESM2,17,0.2643131357431412,0.1269879712164402,0.0846256946027279,0.83125,0.8784375,1.1180494153499605,1.346494505405426,0.1753373306128196,,,,
123,1,ESM2,18,0.264421184360981,0.1235693450272083,0.0861906063556671,0.8396875,0.8771875,1.1171918308734894,1.338330456018448,0.0689900074154138,,,,
123,1,ESM2,19,0.2486659821867942,0.1167823322117328,0.0827259872853756,0.8571875,0.8878125,1.2477809834480285,1.3416043782234193,0.0848205867345677,,,,
123,1,ESM2,20,0.2490695458650589,0.1188083477318286,0.0818547546118497,0.8478125,0.8840625,1.2434066092967988,1.3837459921836852,0.1558596236631274,0.8731818522684665,0.6239070116235471,0.6941045182442759,0.5538799511175643
123,1,ESM2,21,0.2383991372585296,0.1146814431250095,0.0796785818040371,0.84875,0.8809375,1.3219368958473203,1.3781912350654602,0.0773017445998266,,,,
123,1,ESM2,22,0.2354448786377906,0.1106946708261966,0.0796218901127576,0.8628125,0.883125,1.3568232893943786,1.41384850025177,0.0755634778412059,,,,
123,1,ESM2,23,0.23902422696352,0.1115986704081297,0.0801917076855898,0.8578125,0.8828125,1.385723363161087,1.4408872890472413,0.0906767628714442,,,,
123,1,ESM2,24,0.2304314655065536,0.1075508866459131,0.080003962367773,0.8678125,0.88,1.3504298424720764,1.399080102443695,0.0785162833239883,,,,
123,1,ESM2,25,0.22567182213068,0.1050592148303985,0.0779779314249753,0.8703125,0.890625,1.4290066504478454,1.5021376562118531,0.0512144742906093,0.8942152230971129,0.619989501312336,0.6559080901460106,0.4509041733515992
123,1,Fusion-ESM2,1,0.8874203169345856,0.2263299682736397,0.2227331766486168,0.5509375,0.5453125,0.0533501671394333,0.1255273658037185,-0.0279276301129721,,,,
123,1,Fusion-ESM2,2,0.5085407298803329,0.1875116544961929,0.147270541191101,0.671875,0.7128125,0.3224029336869716,0.683013045489788,0.0582711538113653,,,,
123,1,Fusion-ESM2,3,0.3475101169943809,0.1460187095403671,0.1119989876449108,0.8053125,0.81875,0.7403338444232941,1.199070568084717,0.09962439739611,,,,
123,1,Fusion-ESM2,4,0.2902461740374565,0.1260153922438621,0.0979487515985965,0.839375,0.8490625,0.9711340224742888,1.3307711279392245,0.0787240203563123,,,,
123,1,Fusion-ESM2,5,0.2578553214669227,0.1155440780520439,0.0892251848429441,0.85625,0.868125,1.1344132709503174,1.4187039041519165,0.0015533087338008,0.8848923884514437,0.5978822647169104,0.294299018192368,0.6404769043884703
123,1,Fusion-ESM2,6,0.2506883862614631,0.1089912408590316,0.0885040754824876,0.869375,0.866875,1.2962963771820069,1.5602873110771178,0.073621006924659,,,,
123,1,Fusion-ESM2,7,0.2299286779761314,0.1035077695548534,0.0816298913955688,0.8815625,0.8859375,1.384642152786255,1.5466329526901246,0.1092555513395927,,,,
123,1,Fusion-ESM2,8,0.2209283292293548,0.1023012726008892,0.0779536087810993,0.8753125,0.8859375,1.37629154920578,1.6458073115348817,0.0972937413305044,,,,
123,1,Fusion-ESM2,9,0.2017682434618473,0.0965329277515411,0.0693581302091479,0.886875,0.8971875,1.5138364815711975,1.8224011659622192,0.0303016679699067,,,,
123,1,Fusion-ESM2,10,0.205038860142231,0.0950944878160953,0.0732232325524091,0.8903125,0.8903125,1.5464137148857118,1.8092395877838132,0.0633371904119849,0.8640149981252344,0.6089688788901388,0.175330525580573,0.4734453278547003
123,1,Fusion-ESM2,11,0.1959564509987831,0.0904269005358219,0.0703622748702764,0.9015625,0.8975,1.6603759980201722,1.8259655475616452,0.0393262677174061,,,,
123,1,Fusion-ESM2,12,0.1824735531210899,0.0856094613671302,0.0656755462288856,0.90875,0.9078125,1.7096340537071228,1.9120867490768432,0.0106777442619204,,,,
123,1,Fusion-ESM2,13,0.1854930864274502,0.0846352785080671,0.0689105662703514,0.90875,0.9075,1.718768548965454,1.910312361717224,0.0869311385846231,,,,
123,1,Fusion-ESM2,14,0.1834575064480304,0.0847544917464256,0.0678304282203316,0.9075,0.904375,1.7433593463897703,1.875089716911316,0.0766167420987039,,,,
123,1,Fusion-ESM2,15,0.1760245470702648,0.0835442349314689,0.063806424178183,0.9065625,0.91,1.779882211685181,1.9553705310821532,0.0767539374157786,0.863337082864642,0.6398890138732659,0.224069492219761,0.6639099750769457
123,1,Fusion-ESM2,16,0.1682385249435901,0.080358710438013,0.0611491836979985,0.9146875,0.9184375,1.866099047660828,2.0600659084320068,0.059248717483133,,,,
123,1,Fusion-ESM2,17,0.1688306136429309,0.0796865253895521,0.0620481473952531,0.9109375,0.9159375,1.846169180870056,2.038486993312836,0.0272961998358368,,,,
123,1,Fusion-ESM2,18,0.1718763308227062,0.0820028121769428,0.0632182569801807,0.9125,0.91125,1.8333392667770383,2.001834678649902,0.1025358436070382,,,,
123,1,Fusion-ESM2,19,0.163799709379673,0.0800773999094963,0.0588932612165808,0.914375,0.915625,1.96606879234314,2.0653304433822632,0.014179075974971,,,,
123,1,Fusion-ESM2,20,0.1659439320862293,0.0797520448267459,0.0602098574489355,0.9171875,0.918125,1.9183480906486512,2.073988401889801,0.0165949147602077,0.8864341957255343,0.6572088488938883,0.7043226709839394,0.6785049672012557
123,1,Fusion-ESM2,21,0.158750809431076,0.0757523006945848,0.0590984294191002,0.924375,0.9165625,1.9175400853157043,2.128401527404785,0.015513226998737,,,,
123,1,Fusion-ESM2,22,0.157323290258646,0.0768632660806179,0.0569454499334096,0.9184375,0.9221875,1.9478889274597169,2.226022338867188,0.0045635135099291,,,,
123,1,Fusion-ESM2,23,0.1621328756213188,0.0776840371638536,0.0600854125618934,0.915625,0.9115625,1.9800871157646176,2.067873251438141,0.0451736426353454,,,,
123,1,Fusion-ESM2,24,0.1556420336663723,0.0759621118754148,0.0568593262135982,0.9196875,0.9209375,1.914738669395447,2.171079566478729,0.0544958516396582,,,,
123,1,Fusion-ESM2,25,0.155165403932333,0.0748497149348259,0.0574072355031967,0.9203125,0.9175,2.0574337148666384,2.2555495262146,0.0266367602022364,0.8660607424071992,0.6429306336707913,0.5315061353631249,0.7376957685942906
123,1,OneHot,1,0.7438368356227875,0.2359090253710746,0.17572389960289,0.5665625,0.5709375,0.1023231032863259,0.115405925810337,-0.0377391698793508,,,,
123,1,OneHot,2,0.4302961033582687,0.1730932323634624,0.1373406054079532,0.73625,0.7503125,0.5672995546460151,0.4329809761047363,0.066556670051068,,,,
123,1,OneHot,3,0.3080213376879692,0.1321719844639301,0.1118572768568992,0.828125,0.8446875,1.0290740311145783,0.6888497650623322,0.0149613900482654,,,,
123,1,OneHot,4,0.2819782540202141,0.1189268833398819,0.1046826966106891,0.851875,0.8565625,1.2564117074012755,0.8053356301784516,0.067865504293004,,,,
123,1,OneHot,5,0.243697403371334,0.1037546476721763,0.0942285840213298,0.88125,0.8765625,1.462488033771515,0.9501424908638,0.0523021227307617,0.8555020622422198,0.6326959130108737,0.6190903017030964,0.4947702330141088
123,1,OneHot,6,0.2309795677661895,0.1004217660427093,0.0886178635060787,0.885625,0.885,1.551615355014801,1.055569759607315,0.0423021208448335,,,,
123,1,OneHot,7,0.2225383678078651,0.0985818284749984,0.0843145586550235,0.8846875,0.89,1.6008209919929504,1.117623472213745,0.0095725246705114,,,,
123,1,OneHot,8,0.2166465625166893,0.0988067583739757,0.0802030623704195,0.89125,0.9065625,1.6351981830596924,1.1878639817237855,0.0262804585322737,,,,
123,1,OneHot,9,0.2064699085056781,0.0941225806623697,0.0766656766831874,0.890625,0.904375,1.6909780931472778,1.283868489265442,0.057681153640151,,,,
123,1,OneHot,10,0.1979671514034271,0.0909713228791952,0.0746628994494676,0.8946875,0.9071875,1.7731409239768985,1.346962640285492,0.0971192745771259,0.8727439070116236,0.6644979377577804,0.6953209649989978,0.6242602464725702
123,1,OneHot,11,0.1919245532155037,0.0879911508411169,0.0720173609256744,0.906875,0.9034375,1.7850765466690064,1.4016826009750367,0.1133877857308834,,,,
123,1,OneHot,12,0.1851531352102756,0.0878698855638504,0.0683784712851047,0.901875,0.909375,1.8146949744224548,1.4490139961242676,0.0142438777606002,,,,
123,1,OneHot,13,0.1855016891658306,0.0843803018331527,0.0710436690598726,0.90875,0.90375,1.840049879550934,1.49508376121521,0.0357212090212851,,,,
123,1,OneHot,14,0.1825640986859798,0.0823734150826931,0.070128256380558,0.9159375,0.9071875,1.933784840106964,1.5019477367401124,0.0447625443246215,,,,
123,1,OneHot,15,0.178352233916521,0.080522563830018,0.0680683030188083,0.910625,0.909375,1.9707654857635497,1.5472993493080138,0.0015853048861026,0.8682084739407575,0.6957120359955006,0.6238749922716691,0.7014515381522543
123,1,OneHot,16,0.1692591206729412,0.0793348457664251,0.0642558166384697,0.9134375,0.9146875,1.973861484527588,1.6187459754943847,0.0256063562945928,,,,
123,1,OneHot,17,0.1627030779421329,0.0759248293936252,0.0623356837034225,0.921875,0.9171875,2.0827067041397096,1.6678275609016415,0.0233928935043513,,,,
123,1,OneHot,18,0.1629813431203365,0.0752151326835155,0.0621324645355343,0.9253125,0.9228125,1.9991141581535337,1.7317277097702026,0.0234022434148937,,,,
123,1,OneHot,19,0.1637410558760166,0.075653611421585,0.0629181878268718,0.9221875,0.9153125,2.0709077858924867,1.70952410697937,0.0188083646126324,,,,
123,1,OneHot,20,0.1633891014754772,0.0773970118910074,0.0610695961117744,0.91625,0.916875,2.0560905265808107,1.8092024159431457,-0.0118513855361379,0.869090363704537,0.6773483314585678,0.4878762450937685,0.6736399698264858
123,1,OneHot,21,0.1540846838057041,0.0728256759420037,0.0593639489263296,0.9196875,0.9171875,2.058506007194519,1.7897050261497498,0.031632424518466,,,,
123,1,OneHot,22,0.1583660070598125,0.0716905422508716,0.062237950079143,0.9221875,0.916875,2.0828147435188296,1.8012187123298644,0.0179801284475252,,,,
123,1,OneHot,23,0.1539094388484954,0.0730221651494503,0.0581399524956941,0.9278125,0.9265625,2.0992161011695862,1.8970606112480164,0.0365400641690939,,,,
123,1,OneHot,24,0.151494018882513,0.0729950872808694,0.0574143460392952,0.9190625,0.9178125,2.083733756542206,1.866383535861969,0.0405260155908763,,,,
123,1,OneHot,25,0.15287098929286,0.0734725337103009,0.0579908154904842,0.92625,0.9215625,2.190880663394928,1.920631377696991,0.0223325988586293,0.8676265466816648,0.679910011248594,0.3494446044064242,0.4500122571662248
123,2,ESM2,1,0.9238128864765168,0.2372622203826904,0.2155456194281578,0.5403125,0.5021875,0.0283028779923915,-0.0124974399805068,-0.0763015705486759,,,,
123,2,ESM2,2,0.8393130218982696,0.2258053258061409,0.187157761156559,0.5190625,0.5178125,0.0175345539767295,0.0210018078237772,-0.0156659389194101,,,,
123,2,ESM2,3,0.7610168075561523,0.2190237912535667,0.1748411440849304,0.551875,0.5621875,0.0308178727421909,0.0679051953181624,0.0476813919784035,,,,
123,2,ESM2,4,0.636985267996788,0.2108884140849113,0.1633575540781021,0.5878125,0.625,0.0793680798821151,0.1862122744321823,0.1334206896089017,,,,
123,2,ESM2,5,0.4774996155500412,0.1886223366856575,0.1424772396683692,0.6828125,0.7171875,0.2752076601982117,0.3812481392920017,0.1139165047835558,0.7575823022122236,0.596058492688414,0.5903010618413465,0.6086922548733061
123,2,ESM2,6,0.4001782262325287,0.1692632257938385,0.1253387306630611,0.7365625,0.7846875,0.479043165743351,0.5702957338094712,0.1130536547861993,,,,
123,2,ESM2,7,0.3543219631910324,0.1556927442550659,0.1119384415447712,0.7721875,0.83,0.6628025966882706,0.7641984808444977,0.1549661819869652,,,,
123,2,ESM2,8,0.3250442305207252,0.1496699365973472,0.1024788647890091,0.791875,0.845625,0.7108391815423966,0.8687800300121308,0.1764055174123495,,,,
123,2,ESM2,9,0.3078204518556595,0.1431691713631153,0.0968680652976036,0.803125,0.863125,0.7952218675613403,0.9693371295928956,0.1309983694553375,,,,
123,2,ESM2,10,0.3004158282279968,0.1396562312543392,0.0956197039783001,0.809375,0.8659375,0.892161889076233,0.971703997850418,0.0929218294844031,0.8412478440194976,0.590719160104987,0.4564108223716305,0.5630423628400477
123,2,ESM2,11,0.2903295123577118,0.1360475125908851,0.0938583114743232,0.81375,0.8703125,0.9044345712661744,1.003940763473511,0.1525059690326452,,,,
123,2,ESM2,12,0.2962317821383476,0.1378722064197063,0.0944229643791914,0.815,0.8671875,0.8822081780433655,1.0628480470180512,0.1396376714296639,,,,
123,2,ESM2,13,0.2761310687661171,0.131369648873806,0.0894109542667865,0.8215625,0.8775,0.968398449420929,1.0919135296344755,0.1128456869721412,,,,
123,2,ESM2,14,0.2777726274728775,0.1318156853318214,0.0889419420063495,0.82125,0.874375,1.0055592799186706,1.1319862592220309,0.1476960359886288,,,,
123,2,ESM2,15,0.2744186010956764,0.1301276932656765,0.0892927910387516,0.826875,0.8746875,0.9928813827037812,1.1375462710857391,0.1557031598314643,0.8541762279715037,0.6064071991001125,0.6510423031271232,0.5246088835793649
123,2,ESM2,16,0.2616676005721092,0.1261139117181301,0.0841574735194444,0.8353125,0.885,1.0329257297515868,1.224969584941864,0.1400463764858432,,,,
123,2,ESM2,17,0.2655449205636978,0.1259500524401664,0.0862808109819889,0.839375,0.884375,1.0651329791545867,1.193283519744873,0.0682424217369407,,,,
123,2,ESM2,18,0.2503259345889091,0.1202478031814098,0.08147380374372,0.8509375,0.8890625,1.130914286375046,1.2807515454292298,0.086739635951817,,,,
123,2,ESM2,19,0.2529605811834335,0.1191306947171688,0.0836167837679386,0.8515625,0.8825,1.17065411567688,1.2815924286842346,0.1371040402725339,,,,
123,2,ESM2,20,0.2520662349462509,0.1198526825010776,0.0819897658377885,0.8465625,0.890625,1.1468972325325013,1.3421796560287476,0.1905600853892974,0.8646809148856395,0.6237810273715786,0.7002678484681999,0.5810428531266968
123,2,ESM2,21,0.2487780559062958,0.116529124751687,0.0826512360572814,0.853125,0.8840625,1.2143553805351257,1.318015434741974,0.1385928026400506,,,,
123,2,ESM2,22,0.2418172040581703,0.1192296096682548,0.0776317260414362,0.850625,0.8903125,1.1879676151275635,1.3758863019943235,0.0582672556582838,,,,
123,2,ESM2,23,0.2429188874363899,0.1166062578558921,0.079391006603837,0.8575,0.8909375,1.1813969218730926,1.3505351305007935,0.145948879988864,,,,
123,2,ESM2,24,0.2328662544488907,0.1122587920725345,0.0770427371561527,0.8571875,0.8959375,1.2505386328697206,1.4325342512130737,0.0719315513968467,,,,
123,2,ESM2,25,0.2338315856456756,0.1129193869233131,0.0768093599379062,0.8603125,0.894375,1.300078545808792,1.442892928123474,0.0890935279754921,0.8746216722909638,0.6300802399700038,0.729381474131209,0.5368524603058693
123,2,Fusion-ESM2,1,0.7677453595399857,0.2405173254013061,0.19135672301054,0.6021875,0.5571875,0.0690076564252376,0.1340889152884483,0.0220336694829165,,,,
123,2,Fusion-ESM2,2,0.4457452636957169,0.1836131617426872,0.1338847608864307,0.71875,0.755625,0.4592854049801826,0.4988542714715004,0.0963538395985961,,,,
123,2,Fusion-ESM2,3,0.3116188716888428,0.1373074306547641,0.1056571628153324,0.8178125,0.8378125,0.9463760566711426,0.8495317673683167,0.0189674613345414,,,,
123,2,Fusion-ESM2,4,0.2813257464766502,0.1239283592998981,0.0976794833689928,0.84625,0.85125,1.143406765460968,1.0214125311374664,0.0970315811317414,,,,
123,2,Fusion-ESM2,5,0.2533686804771423,0.1139859932661056,0.0891149117052555,0.8528125,0.8821875,1.2625923645496369,1.1195339560508728,0.0281438283924944,0.8245519310086239,0.62814848143982,0.2063093696008223,0.7275603573968532
123,2,Fusion-ESM2,6,0.2264335036277771,0.1042632043361663,0.080470168069005,0.876875,0.8878125,1.4346021485328675,1.311413037776947,-0.001518923016265,,,,
123,2,Fusion-ESM2,7,0.2206582182645797,0.1040931319445371,0.0769439961016178,0.8753125,0.895,1.4616574883460998,1.3892585611343384,0.0417908166348934,,,,
123,2,Fusion-ESM2,8,0.2091621059179306,0.0951390840858221,0.0771142586320638,0.8896875,0.891875,1.5649032735824584,1.40561128616333,0.0481987995747476,,,,
123,2,Fusion-ESM2,9,0.2047062660753727,0.0953097523003816,0.0730563224107027,0.8915625,0.9025,1.5948313164711,1.519548511505127,0.0101384315267205,,,,
123,2,Fusion-ESM2,10,0.210741054713726,0.096709232404828,0.0758045722544193,0.8903125,0.893125,1.6818851518630982,1.4901092672348022,0.0543357223644852,0.8558920134983128,0.641970753655793,0.4997974232900423,0.6867754627383647
123,2,Fusion-ESM2,11,0.1963536801934242,0.09071562692523,0.07116624571383,0.8978125,0.9028125,1.7098319482803346,1.5792834377288818,0.0272069679433479,,,,
123,2,Fusion-ESM2,12,0.1921475325524807,0.0897000786662101,0.0703460473939776,0.9059375,0.904375,1.794117200374603,1.5947017931938172,0.0617118372023105,,,,
123,2,Fusion-ESM2,13,0.1862364992499351,0.0855149993300437,0.0687003409862518,0.91,0.9071875,1.7823413920402529,1.6485807037353517,0.0484036153135821,,,,
123,2,Fusion-ESM2,14,0.1789083528518676,0.0861906057968735,0.0638525500893592,0.91125,0.91125,1.848759860992432,1.7561754846572877,0.0308332481607794,,,,
123,2,Fusion-ESM2,15,0.1869131298363208,0.0875050368905067,0.0683829966932535,0.9003125,0.9053125,1.8389441919326783,1.7035080003738403,0.0445207162527367,0.8816887889013874,0.6417127859017624,0.7028629348782732,0.7901566569522271
123,2,Fusion-ESM2,16,0.1739319957792759,0.0826238779723644,0.0623674811050295,0.9078125,0.9175,1.872327296733856,1.875798890590668,-0.0375772942882031,,,,
123,2,Fusion-ESM2,17,0.1706539124250412,0.0821868747472763,0.0606655150651931,0.9159375,0.923125,1.908609969615936,1.9062259483337405,0.0130697867088019,,,,
123,2,Fusion-ESM2,18,0.1677933487296104,0.0810267893970012,0.0621479328721761,0.9090625,0.9134375,1.932379243373871,1.8325116991996768,0.1006567994970828,,,,
123,2,Fusion-ESM2,19,0.1650477521121502,0.0765506252646446,0.0621083657443523,0.9190625,0.9159375,2.0124068784713747,1.8735500502586364,-0.0021201889077201,,,,
123,2,Fusion-ESM2,20,0.1635849766433239,0.0797083758562803,0.0590039953589439,0.9209375,0.9196875,1.9889149141311648,1.9116372919082645,0.0070299723459174,0.8785151856017999,0.6224611923509562,0.6761822027247077,0.6736399698264858
123,2,Fusion-ESM2,21,0.1619801317155361,0.0792482580244541,0.0579587597772479,0.920625,0.9234375,1.983586905002594,1.8935371017456053,0.0700065463897772,,,,
123,2,Fusion-ESM2,22,0.1579212607443332,0.075475856848061,0.0585498274117708,0.9259375,0.9171875,2.031097891330719,1.950845980644226,0.0119675748609006,,,,
123,2,Fusion-ESM2,23,0.1586585743725299,0.0767001516371965,0.0579617748409509,0.92,0.9246875,1.9420532774925232,1.937293009757996,0.0092796756094321,,,,
123,2,Fusion-ESM2,24,0.1519433013349771,0.0752321521937847,0.0540999181568622,0.9259375,0.92625,2.0271769094467165,2.030618896484375,-0.0261836750619113,,,,
123,2,Fusion-ESM2,25,0.1517652113735675,0.0724842244386673,0.0567295241728425,0.9296875,0.924375,2.039390337467194,2.069899866580963,0.0313843498658388,0.8746216722909638,0.6648998875140608,0.6254158248276499,0.7025867042063672
123,2,OneHot,1,0.7649554628133773,0.2319594636559486,0.1904955461621284,0.5790625,0.5971875,0.1653465460985899,0.2105182442069053,-0.0114103349344804,,,,
123,2,OneHot,2,0.4027894085645676,0.1619160479307174,0.1256687170267105,0.7509375,0.775,0.658206934928894,0.7541497904062271,0.0524523737328127,,,,
123,2,OneHot,3,0.2911385428905487,0.1256406356394291,0.0985081386566162,0.83625,0.8378125,1.09311075091362,1.1746567845344544,0.0238021656125783,,,,
123,2,OneHot,4,0.2532747632265091,0.1143161536753177,0.086577299311757,0.865,0.87375,1.2634108686447143,1.385578305721283,0.0825812918692827,,,,
123,2,OneHot,5,0.2283604854345321,0.1033025315403938,0.0804449472576379,0.8790625,0.88375,1.4268995714187622,1.478948678970337,-0.0106173479650169,0.7892103487064118,0.5754210723659543,0.1333225643175125,0.3622801378412059
123,2,OneHot,6,0.2152377650141716,0.0979645633697509,0.0769154817610979,0.885625,0.885625,1.5336981868743895,1.59033239364624,0.0497100736759603,,,,
123,2,OneHot,7,0.2156132315099239,0.0978366086632013,0.0767943307012319,0.89125,0.8903125,1.5313725328445436,1.5960693216323854,0.057754832515493,,,,
123,2,OneHot,8,0.206831374168396,0.094091233164072,0.0742275292426347,0.8965625,0.8921875,1.6000083041191102,1.6498735570907592,0.0315664360532537,,,,
123,2,OneHot,9,0.1973317763209343,0.0904311251640319,0.0714493152499198,0.898125,0.9034375,1.653289487361908,1.6980909609794617,0.034803490685299,,,,
123,2,OneHot,10,0.1929250518977642,0.0905216046422719,0.0687778630852699,0.8990625,0.9053125,1.6582357931137084,1.7785505890846252,0.0432713959622196,0.7996070491188603,0.5762249718785153,0.1259427873388667,0.1311927625396309
123,2,OneHot,11,0.1831375141441822,0.0848850064724683,0.0666524557769298,0.9078125,0.9084375,1.7365200734138488,1.8458819532394408,0.0169408406503498,,,,
123,2,OneHot,12,0.1788697510957718,0.0855553494393825,0.0642399930208921,0.910625,0.9140625,1.7698579001426695,1.8562814235687253,0.0374855496664531,,,,
123,2,OneHot,13,0.1833612032234668,0.0843417197465896,0.0675081617757678,0.9078125,0.90375,1.7790013217926026,1.855442690849304,0.0271704467758536,,,,
123,2,OneHot,14,0.1750034084916114,0.0804126347228884,0.0649743107706308,0.9196875,0.9140625,1.8450636053085328,1.8742108392715453,0.0501016162906307,,,,
123,2,OneHot,15,0.1702575220167637,0.0795094982534647,0.0639439378678798,0.915,0.9075,1.8441202449798584,1.9119116282463076,0.0612628373038023,0.8664386951631047,0.6378492688413948,0.6871302235172041,0.3364956517549248
123,2,OneHot,16,0.1663206326961517,0.0791844926029443,0.0608576255664229,0.91625,0.915625,1.868320128917694,1.9246206617355344,0.0472076334990561,,,,
123,2,OneHot,17,0.1580293364822864,0.0757866654545068,0.0580731791630387,0.9221875,0.9175,1.9088059854507449,2.019702994823456,0.0266407000622712,,,,
123,2,OneHot,18,0.1671145147085189,0.0799265847355127,0.0619640669226646,0.916875,0.9190625,1.918846185207367,1.932784788608551,0.0567798637785017,,,,
123,2,OneHot,19,0.1600472272932529,0.0781449395418167,0.0573634206876158,0.9171875,0.9175,1.948201129436493,2.0994649267196657,0.0693264062143862,,,,
123,2,OneHot,20,0.1494459709525108,0.0736371244490146,0.054067516438663,0.92875,0.9296875,1.972435417175293,2.0951999592781068,0.0361604388081468,0.8554660667416575,0.6169778777652793,0.6317413479522035,0.2006000584196829
123,2,OneHot,21,0.1576868133246898,0.0755972117185592,0.0576973942667245,0.9240625,0.921875,1.8841120767593384,2.095385115146637,0.0375175905507057,,,,
123,2,OneHot,22,0.1549053254723549,0.0738736933097243,0.0571267680078744,0.92625,0.9240625,2.011555519104004,2.1244547462463377,0.0482356999861076,,,,
123,2,OneHot,23,0.1527226093411445,0.0760864850133657,0.0540371283516287,0.9203125,0.926875,1.9551462483406068,2.13338360786438,-0.010461122598499,,,,
123,2,OneHot,24,0.1524507090449333,0.0721732171252369,0.0570209110900759,0.93,0.923125,2.0498526668548585,2.120804545879364,-0.0090094071812927,,,,
123,2,OneHot,25,0.1462723709642887,0.0707159782201051,0.0546116540208458,0.930625,0.92125,2.0693317079544067,2.158319189548493,0.0370385129051283,0.8410618672665917,0.6487379077615298,0.3651773157674932,0.3988487014415603
123,3,ESM2,1,0.9035730409622192,0.2571306335926056,0.2037716194987297,0.60125,0.5290625,0.0188095965236425,0.0647574037965387,-0.0402855932712554,,,,
123,3,ESM2,2,0.780164589881897,0.2186348378658294,0.1836852702498436,0.5503125,0.5509375,0.0367743780370801,0.0943662670999765,0.0729155545309186,,,,
123,3,ESM2,3,0.6119001007080078,0.2112357249855995,0.1611129748821258,0.578125,0.6490625,0.0917580160312354,0.2792932678759098,0.0019625487178564,,,,
123,3,ESM2,4,0.4894120097160339,0.1944594672322273,0.140737999677658,0.6703125,0.7234375,0.2512558006495237,0.5014073514938354,0.1467902191844768,,,,
123,3,ESM2,5,0.4018943583965301,0.1752268821001052,0.1193523627519607,0.72125,0.7925,0.4225488337874412,0.7529600429534912,0.1627998100407421,0.7577262842144733,0.606029246344207,0.5850297925708853,0.5900430982700212
123,3,ESM2,6,0.350916633605957,0.1593809860944748,0.1056975536048412,0.7596875,0.831875,0.5902164036035538,1.0022588193416595,0.2313259241264313,,,,
123,3,ESM2,7,0.3251423141360283,0.1509567640721797,0.0986137823760509,0.785625,0.84875,0.7133948194980622,1.178707137107849,0.177776166270487,,,,
123,3,ESM2,8,0.3120711436867714,0.1454771190881729,0.0961385974287986,0.796875,0.8540625,0.7439898353815079,1.1983505439758302,0.2427366141229868,,,,
123,3,ESM2,9,0.3062900683283805,0.1449087865650654,0.093020002245903,0.7853125,0.870625,0.7915893435478211,1.2885900461673736,0.1974491512030363,,,,
123,3,ESM2,10,0.2874366408586502,0.1382033434510231,0.0874554768204689,0.8096875,0.87,0.8699945449829102,1.3389688730239868,0.1181828541308641,0.8292373453318336,0.6312260967379079,0.5524290195443402,0.6185844162020053
123,3,ESM2,11,0.2808844146132469,0.1353733564913272,0.0858802612870931,0.813125,0.8784375,0.8767119920253754,1.3691617894172667,0.1091225817427039,,,,
123,3,ESM2,12,0.2802536138892174,0.134960174113512,0.0867998452484607,0.8184375,0.8696875,0.8994198453426361,1.40776762008667,0.1913169204816222,,,,
123,3,ESM2,13,0.2681699612736702,0.1302979709208011,0.0821922390908002,0.8196875,0.885,0.9796873486042024,1.4195346665382385,0.0558442581142298,,,,
123,3,ESM2,14,0.2698954275250435,0.1309352923929691,0.0826828670501709,0.8278125,0.881875,1.0343749916553495,1.430819878578186,0.1670416211523115,,,,
123,3,ESM2,15,0.2640976276993751,0.1283687177300453,0.0815085832029581,0.82375,0.8840625,1.0549045348167418,1.4270993423461915,0.0987922851368784,0.8599595050618674,0.6313400824896889,0.6246048603245021,0.5593125315193908
123,3,ESM2,16,0.2625036841630935,0.1269020402431488,0.0818576031178236,0.8375,0.881875,1.0541756069660186,1.5259736585617063,0.1378810688923113,,,,
123,3,ESM2,17,0.2557154774665832,0.1264739874005317,0.0787970482558012,0.82875,0.88625,1.0458988523483277,1.5196956944465638,0.1664821422006935,,,,
123,3,ESM2,18,0.2501058009266853,0.1191707246005535,0.0798839066177606,0.8484375,0.885625,1.148366731405258,1.6051338052749633,0.1291598780825734,,,,
123,3,ESM2,19,0.2436332255601883,0.1183734925091266,0.077189595028758,0.853125,0.8934375,1.1624453485012054,1.6236970734596252,0.0957055469672195,,,,
123,3,ESM2,20,0.2464694613218307,0.1173183403909206,0.0794739962369203,0.841875,0.89,1.231040053367615,1.5814747786521912,0.0995138597139157,0.8820307461567305,0.6412148481439821,0.7126756053663625,0.6562881458564728
123,3,ESM2,21,0.240588030219078,0.1153458246588707,0.0792940524220466,0.85125,0.886875,1.2534648823738097,1.5344600796699523,0.2035871568880975,,,,
123,3,ESM2,22,0.2393628898262977,0.1139251844584941,0.0794720831513404,0.85375,0.8809375,1.211151920557022,1.560825469493866,0.0690680540353059,,,,
123,3,ESM2,23,0.2348482185602188,0.113877045661211,0.0757660407572984,0.8578125,0.893125,1.2365967762470245,1.6138833355903626,0.1225962916761636,,,,
123,3,ESM2,24,0.2348665280640125,0.1137821234762668,0.0771149376779794,0.8540625,0.88875,1.3039472150802611,1.5848275232315063,0.1836177278682589,,,,
123,3,ESM2,25,0.2327386060357094,0.1126208597421646,0.0749432305246591,0.86625,0.89875,1.295814001560211,1.635878734588623,0.0304999298602342,0.8936812898387703,0.6366674165729285,0.6281731041383528,0.5942594293281552
123,3,Fusion-ESM2,1,0.7685032373666764,0.2273928248882293,0.1863985395431518,0.541875,0.5684375,0.0933740322850644,0.1319422187656164,0.0203476087562739,,,,
123,3,Fusion-ESM2,2,0.4393302947282791,0.1715040278434753,0.1357067869603634,0.731875,0.740625,0.4600236615538597,0.605879385471344,0.0660616056807339,,,,
123,3,Fusion-ESM2,3,0.2922004720568656,0.1314839288592338,0.0995438607037067,0.82875,0.8459375,0.8708421087265015,1.0029144310951232,0.0459567525703459,,,,
123,3,Fusion-ESM2,4,0.2564042702317238,0.1185523563623428,0.0874815391749143,0.860625,0.8715625,1.048822261095047,1.276544179916382,0.1015477883955463,,,,
123,3,Fusion-ESM2,5,0.2432643219828605,0.1071333183348178,0.0883098292350769,0.8728125,0.8675,1.209932178258896,1.3035721802711486,0.077562128980644,0.8233580802399701,0.6148061492313462,0.3693132347335474,0.6318820756930433
123,3,Fusion-ESM2,6,0.2244247506558895,0.1022077470272779,0.0793825975805521,0.8825,0.8896875,1.3016781675815583,1.4448390316963196,0.0409084251883905,,,,
123,3,Fusion-ESM2,7,0.212857469022274,0.1004049878567457,0.0746577841043472,0.885625,0.8971875,1.415861382484436,1.5868042731285097,0.0454258787678554,,,,
123,3,Fusion-ESM2,8,0.2068922559916973,0.0931497828662395,0.0751424522697925,0.89375,0.8971875,1.5555965614318847,1.5849531650543214,0.0464820151354069,,,,
123,3,Fusion-ESM2,9,0.1951728507876396,0.0910481064021587,0.0706174635142087,0.901875,0.9053125,1.60879207611084,1.6794209361076355,0.0875870847888291,,,,
123,3,Fusion-ESM2,10,0.1887123903632164,0.0891334261000156,0.0679932983964681,0.8975,0.908125,1.6301747965812683,1.736877489089966,0.0298685332946479,0.8246419197600301,0.6451083614548182,0.3436056599837594,0.6360173234615977
123,3,Fusion-ESM2,11,0.1840825462341308,0.0866785223037004,0.0661311817914247,0.904375,0.9103125,1.6490737080574036,1.8063189125061037,0.0491071396088227,,,,
123,3,Fusion-ESM2,12,0.1816529655456543,0.08593629270792,0.0660360424220562,0.8996875,0.9084375,1.6856877207756042,1.840064148902893,0.0736183447903022,,,,
123,3,Fusion-ESM2,13,0.1847197172045707,0.0852218299359083,0.0684613346308469,0.90875,0.89875,1.776446478366852,1.7319001841545103,0.0010955373942852,,,,
123,3,Fusion-ESM2,14,0.1729972486197948,0.0821556611359119,0.0628350023180246,0.9121875,0.9171875,1.8482209706306456,1.8868643355369568,0.0197105025313794,,,,
123,3,Fusion-ESM2,15,0.1749225115776062,0.0795812010020017,0.0673581739515066,0.9109375,0.9065625,1.7833283758163452,1.7842590951919557,0.0533838263805955,0.8340007499062618,0.6605804274465692,0.2761334133218553,0.7376146853047111
123,3,Fusion-ESM2,16,0.1670836666226387,0.0803011339902877,0.0596170648187398,0.9159375,0.91875,1.850135507583618,1.996786053180695,0.0693025466913241,,,,
123,3,Fusion-ESM2,17,0.1671175476908683,0.0793699569255113,0.0609007088840007,0.915,0.9221875,1.9497393488883967,1.9769739842414853,0.0935076353303156,,,,
123,3,Fusion-ESM2,18,0.1596722292900085,0.0764650139957666,0.0591250500455498,0.916875,0.9178125,1.912957317829132,2.0099500036239624,0.0640835781674832,,,,
123,3,Fusion-ESM2,19,0.1601436202228069,0.0766620594263076,0.0597424625605344,0.91875,0.918125,1.992483518123627,1.9896142339706424,0.0542359170317649,,,,
123,3,Fusion-ESM2,20,0.1605656550824642,0.0768266087770462,0.0600390444695949,0.916875,0.9109375,1.963871705532074,2.004101343154907,0.008745491872105,0.8307791526059244,0.6796100487439071,0.3858569105977643,0.7985082357789157
123,3,Fusion-ESM2,21,0.1583952231705188,0.0767068600654602,0.0583935233205556,0.9153125,0.92,1.995670654773712,2.0170305442810057,0.0333062961231917,,,,
123,3,Fusion-ESM2,22,0.1585056655108928,0.0751112947613,0.0598383745551109,0.9165625,0.916875,2.0061437940597533,2.076531128883362,0.0143842743616551,,,,
123,3,Fusion-ESM2,23,0.1692781928181648,0.0807291141897439,0.0629903922975063,0.9115625,0.9084375,1.971690320968628,1.959657542705536,0.0951155193522572,,,,
123,3,Fusion-ESM2,24,0.1567820434272289,0.0765554521232843,0.0569388464465737,0.91125,0.923125,1.9589334869384765,2.0282071805000306,0.0718905735411681,,,,
123,3,Fusion-ESM2,25,0.1583155134320259,0.0740112927556038,0.0596687475219368,0.9215625,0.91625,1.9878544974327088,2.084104373455048,-0.0056954643316566,0.8470671166104239,0.6623202099737534,0.4364610955941924,0.6766400515409272
123,3,OneHot,1,0.832193011045456,0.2324066141247749,0.2329637399315834,0.50125,0.5728125,0.0817338173091411,0.1693270999193191,-0.0176068638695869,,,,
123,3,OneHot,2,0.4950443470478058,0.182978268712759,0.1476425705850124,0.6796875,0.72,0.4318237292766571,0.5367890858650207,0.0374132833158364,,,,
123,3,OneHot,3,0.3084830802679061,0.1275184652209282,0.1086073966324329,0.830625,0.831875,0.9601179397106172,0.9715058279037476,0.0523327506333589,,,,
123,3,OneHot,4,0.2580706813931465,0.1113877280056476,0.0929983893036842,0.8628125,0.863125,1.1702141106128692,1.2127766799926758,0.0831894050352275,,,,
123,3,OneHot,5,0.2324865221977234,0.1001388148963451,0.0877091811597347,0.88125,0.871875,1.3466123580932616,1.2706273221969604,0.0732059019897133,0.8645069366329209,0.6085669291338583,0.602789915189824,0.4663099983717043
123,3,OneHot,6,0.2217875835299491,0.0980963441729545,0.080990627631545,0.8840625,0.8865625,1.434908893108368,1.4136544561386108,0.0657975166942924,,,,
123,3,OneHot,7,0.2077763441205024,0.0936227443814277,0.076622095182538,0.8940625,0.9,1.4998556280136108,1.479213173389435,0.0436160641815513,,,,
123,3,OneHot,8,0.1966451704502105,0.0895663698762655,0.0724940647929906,0.8984375,0.9015625,1.6069635605812074,1.562563977241516,0.0283750492407125,,,,
123,3,OneHot,9,0.1966982066631317,0.0876294448971748,0.0742258734256029,0.9040625,0.8921875,1.6296039724349975,1.605759184360504,0.0448599943541921,,,,
123,3,OneHot,10,0.1895132137835025,0.0869884972274303,0.0691831044107675,0.906875,0.9053125,1.6949010324478149,1.661031312942505,0.009128657025285,0.8591076115485565,0.6322519685039371,0.4602223555364255,0.5551772837508362
123,3,OneHot,11,0.1818473632633686,0.0843889042735099,0.0672604013234376,0.9090625,0.90875,1.738579032421112,1.72729656457901,0.0455355976801365,,,,
123,3,OneHot,12,0.1808605009317398,0.0835574202984571,0.0660500905662775,0.9153125,0.9128125,1.772966763973236,1.8234437465667723,0.0074872380122542,,,,
123,3,OneHot,13,0.168181582391262,0.0771162565797567,0.0640486299619078,0.9184375,0.91625,1.8117588210105893,1.7930734848976135,0.0112981734238564,,,,
123,3,OneHot,14,0.170476476252079,0.0786254820972681,0.0635842668637633,0.921875,0.9146875,1.8699665808677672,1.864723243713379,0.0491095245582982,,,,
123,3,OneHot,15,0.1671573369204998,0.0783050086349248,0.0617509906738996,0.9146875,0.9125,1.887403085231781,1.8517251682281493,0.037144506201148,0.8534323209598801,0.6162279715035621,0.318060278134601,0.4345253488565403
123,3,OneHot,16,0.1749984948337078,0.0833848316222429,0.0635974494367837,0.90875,0.9175,1.843489830493927,1.9142090916633605,0.0600712388008832,,,,
123,3,OneHot,17,0.1652292455732822,0.0818535327911376,0.0579473223537206,0.9128125,0.92375,1.8478727650642397,1.9342494583129883,-0.0001577163580805,,,,
123,3,OneHot,18,0.1539190793037414,0.073194233700633,0.0575723458826541,0.9271875,0.9215625,1.9721475148200989,1.9968757581710816,0.0242094526952132,,,,
123,3,OneHot,19,0.1550914786756038,0.0734098161384463,0.0583101733773946,0.9290625,0.92125,1.972311918735504,2.0613579678535463,0.0362912058387883,,,,
123,3,OneHot,20,0.15768674492836,0.0772389198839664,0.0575242801383137,0.9221875,0.9184375,1.956894612312317,2.0531593441963194,0.0411154357343912,0.8729118860142483,0.6490798650168729,0.482686072273622,0.5383119595183004
123,3,OneHot,21,0.1494964988529682,0.0707010374963283,0.056329102218151,0.9271875,0.926875,1.981947066783905,2.033746316432953,-0.0162177533004432,,,,
123,3,OneHot,22,0.1456316627562046,0.0702238841354847,0.0545025090128183,0.9284375,0.9259375,2.0234286475181578,2.087449703216553,0.0396992401778698,,,,
123,3,OneHot,23,0.1494702614843845,0.0733783834427595,0.0543914534896612,0.92625,0.9278125,2.000494718551636,2.1065432119369505,-0.0142756367009133,,,,
123,3,OneHot,24,0.1483604972064495,0.071443016603589,0.0554492723941803,0.925,0.923125,1.9976611828804016,2.0933420968055727,0.0513579819444567,,,,
123,3,OneHot,25,0.1451467064023018,0.0710639952868223,0.0536852454021573,0.925,0.923125,2.0158206272125243,2.08412478685379,0.0210203202906996,0.8657907761529808,0.6433685789276341,0.3363880759057432,0.4231736883154103
123,4,ESM2,1,0.9501522719860076,0.2756111314892769,0.1916421666741371,0.5828125,0.4978125,-0.0066828566789627,-0.0046375844813883,-0.0231678659191675,,,,
123,4,ESM2,2,0.8295292985439301,0.2251126369833946,0.1815233767032623,0.5796875,0.511875,0.0246415670216083,0.0221848730370402,-0.0461958154989406,,,,
123,4,ESM2,3,0.7449563813209533,0.2217041093111038,0.1723270863294601,0.5625,0.5815625,0.0246507559716701,0.0924357687681913,0.0338396948529407,,,,
123,4,ESM2,4,0.5681591087579727,0.205637294948101,0.1534494802355766,0.6315625,0.6825,0.1503827584534883,0.2930299554765224,0.0755321994144469,,,,
123,4,ESM2,5,0.4420545071363449,0.1853679716587066,0.1319651862978935,0.6934375,0.755625,0.3819648891687393,0.5413560020923615,0.2431746664387174,0.7666471691038621,0.5961844769403826,0.6083044738112297,0.6570178954626883
123,4,ESM2,6,0.3765516573190689,0.1678139868378639,0.1138186077773571,0.7575,0.8153125,0.5492038118839264,0.8005922031402588,0.148922949489206,,,,
123,4,ESM2,7,0.3508630263805389,0.1545891851186752,0.109099258929491,0.774375,0.8315625,0.7087831634283066,0.8850972783565522,0.1390217617340386,,,,
123,4,ESM2,8,0.3172486153244972,0.146241934299469,0.0992721985280513,0.79,0.8565625,0.8181023395061493,1.023445417881012,0.1971309639513492,,,,
123,4,ESM2,9,0.3032629591226577,0.1392375315725803,0.0959931120276451,0.8159375,0.8621875,0.9322839117050172,1.077733370065689,0.0908691231370903,,,,
123,4,ESM2,10,0.2928599572181701,0.1349935287237167,0.0927963563799858,0.81875,0.8625,0.9715611159801484,1.1657820081710817,0.0640573253855109,0.8656467941507312,0.6381192350956131,0.6473118664126429,0.6729913035098497
123,4,ESM2,11,0.2859198305010795,0.1327401411533355,0.0911977408081293,0.8190625,0.8721875,1.003261967897415,1.220289945602417,0.0794877095706761,,,,
123,4,ESM2,12,0.2756398984789848,0.1302990517020225,0.0873155641555786,0.8228125,0.8746875,1.0400820004940032,1.256989973783493,0.0504454922117292,,,,
123,4,ESM2,13,0.2667922595143318,0.125293893367052,0.0858568137139082,0.836875,0.88125,1.0755232346057892,1.3412787961959838,0.015913036102429,,,,
123,4,ESM2,14,0.259648759663105,0.1234032109379768,0.0834890896081924,0.840625,0.878125,1.1602706336975095,1.357298605442047,0.1936777780205011,,,,
123,4,ESM2,15,0.2570384263992309,0.1216331684589386,0.0836054407060146,0.8421875,0.88125,1.1653967797756195,1.3694269180297851,0.1233403660589829,0.8883839520059993,0.6312800899887515,0.6824266293989464,0.6747751358805987
123,4,ESM2,16,0.2516027241945267,0.1208376240730285,0.0815765409916639,0.8434375,0.885625,1.1613375079631805,1.4071260571479798,0.1192062438093125,,,,
123,4,ESM2,17,0.2569172090291977,0.1207550130784511,0.0837765775620937,0.8434375,0.881875,1.1412747740745544,1.4262541270256042,0.1120693605393171,,,,
123,4,ESM2,18,0.2532585901021957,0.1173466810584068,0.0849372125416994,0.8503125,0.8803125,1.2503218579292297,1.4164762961864472,0.111508115758188,,,,
123,4,ESM2,19,0.2517315605282783,0.1201381480693817,0.0821299352496862,0.85125,0.880625,1.1893942034244538,1.3934300327301026,0.1539406100660562,,,,
123,4,ESM2,20,0.2449243041872978,0.1156468680500984,0.0824696392565965,0.85125,0.88625,1.2602059245109558,1.4331238865852356,0.1801897182874381,0.8858882639670043,0.6347416572928385,0.6941856146945907,0.6743697194327013
123,4,ESM2,21,0.2410015869140625,0.1156310442090034,0.0798784068226814,0.851875,0.8815625,1.2654896593093872,1.465999104976654,0.126048222426325,,,,
123,4,ESM2,22,0.2335643026232719,0.1074352440983057,0.0802879395335912,0.8678125,0.8890625,1.4017631578445435,1.5070041704177857,0.079914907773491,,,,
123,4,ESM2,23,0.2387681481242179,0.1121776366233825,0.0791361771523952,0.8553125,0.88875,1.337648777961731,1.582229161262512,0.0740905876085162,,,,
123,4,ESM2,24,0.231297707259655,0.1079862101376056,0.0785055875778198,0.8615625,0.8834375,1.3333964693546294,1.5129636430740356,0.1121820309758186,,,,
123,4,ESM2,25,0.2342611917853355,0.1080769827961921,0.0811333528906106,0.868125,0.8859375,1.3670959019660949,1.5290146899223327,0.0975582552701234,0.9031901012373454,0.6372553430821147,0.6992946910644223,0.6864511295800468
123,4,Fusion-ESM2,1,0.7842349112033844,0.2529446652531624,0.1867167630791664,0.4853125,0.578125,0.0864901955425739,0.1668725140020251,0.0437051214405801,,,,
123,4,Fusion-ESM2,2,0.4099885541200638,0.1707821740210056,0.1245753042399883,0.7059375,0.779375,0.5429593886435032,0.7479492646455764,0.0451864204416051,,,,
123,4,Fusion-ESM2,3,0.2953961551189422,0.1333239834010601,0.0975989499688148,0.81875,0.8534375,0.9270098698139192,1.0902280628681182,0.0235667875804938,,,,
123,4,Fusion-ESM2,4,0.255612016916275,0.1149471768736839,0.0885734255611896,0.8553125,0.8684375,1.1958575463294985,1.2438950729370115,-0.0154580559395253,,,,
123,4,Fusion-ESM2,5,0.2429923465847969,0.1125879371166229,0.0832591734081506,0.851875,0.8828125,1.3080579590797423,1.361393376588821,0.0961242308339569,0.8714360704911887,0.5854578177727784,0.6666128215875626,0.6571800620418473
123,4,Fusion-ESM2,6,0.2218949338793754,0.1026484172046184,0.0784157690405845,0.8753125,0.8890625,1.474744918346405,1.4518961715698242,0.0612134673446416,,,,
123,4,Fusion-ESM2,7,0.218625176846981,0.0972109732031822,0.0798415859043598,0.890625,0.89,1.5537033939361573,1.47051212310791,0.074480559527874,,,,
123,4,Fusion-ESM2,8,0.2034681823849678,0.0932729789614677,0.0730193320661783,0.8934375,0.9021875,1.6077689743041992,1.551065661907196,-0.0096483271336182,,,,
123,4,Fusion-ESM2,9,0.1881650538742542,0.0880524659901857,0.0680719254165887,0.899375,0.9078125,1.7186016345024109,1.642197117805481,0.0402206645347178,,,,
123,4,Fusion-ESM2,10,0.193553187251091,0.0874387734383344,0.0720693282037973,0.9040625,0.89625,1.7440904211997983,1.604163248538971,0.029827936310321,0.8837825271841021,0.6468721409823773,0.7541158914772195,0.6947216251171556
123,4,Fusion-ESM2,11,0.1834138134121894,0.0855527111887931,0.0675944010913372,0.903125,0.9109375,1.8620617008209228,1.6897053408622742,0.0662990866973996,,,,
123,4,Fusion-ESM2,12,0.1815385183691978,0.0806912090629339,0.0706983393430709,0.9103125,0.903125,1.8417169427871705,1.681392948627472,0.0439317215024493,,,,
123,4,Fusion-ESM2,13,0.1832355371117592,0.0868591745197773,0.0666399933397769,0.9034375,0.903125,1.7996131205558776,1.721166582107544,0.0207453709095716,,,,
123,4,Fusion-ESM2,14,0.1759837585687637,0.0816123665124178,0.0660602583736181,0.9178125,0.9075,1.9598479676246645,1.7414007377624512,0.0683678313053678,,,,
123,4,Fusion-ESM2,15,0.1706865841150283,0.0762326334416866,0.067268793657422,0.915,0.906875,1.9732063293457032,1.8183154940605164,0.0448277162970043,0.8807889013873266,0.6751346081739783,0.4900658492522677,0.7637235045493103
123,4,Fusion-ESM2,16,0.1662007282674312,0.0763225046545267,0.0632592674344778,0.9146875,0.910625,2.0031364870071413,1.8175232481956485,0.053113525789231,,,,
123,4,Fusion-ESM2,17,0.1653681875765323,0.0785317788273096,0.0608728008717298,0.9196875,0.9134375,2.035570240020752,1.8938014388084408,0.0723482602275908,,,,
123,4,Fusion-ESM2,18,0.1580524680018425,0.0739428254961967,0.0603679252415895,0.92375,0.9178125,2.100608546733856,1.9065986776351929,0.0548168030846864,,,,
123,4,Fusion-ESM2,19,0.1600149576365947,0.0754167108982801,0.0605715714395046,0.921875,0.9171875,2.1041565990448,1.8772338390350345,0.0205446573521476,,,,
123,4,Fusion-ESM2,20,0.1527826125919819,0.0734831447154283,0.0581049087271094,0.9196875,0.920625,2.0386930465698243,1.9282398223876955,0.0148013302497565,0.8718920134983128,0.6681634795650544,0.5324792927669022,0.7094787838206248
123,4,Fusion-ESM2,21,0.1551209938526153,0.0726122697815299,0.0598811415210366,0.9240625,0.91625,2.13491450548172,1.937822952270508,0.0152085558837279,,,,
123,4,Fusion-ESM2,22,0.1505114564299583,0.070276123508811,0.0578656914085149,0.925,0.9221875,2.146687631607056,1.9896111154556275,-0.0035385044722352,,,,
123,4,Fusion-ESM2,23,0.1554984547197818,0.0750410754233598,0.0585177613422274,0.9234375,0.918125,2.108588037490845,2.0178368139266967,0.0393299486627802,,,,
123,4,Fusion-ESM2,24,0.1472109769284725,0.0691818241029977,0.0571450836211442,0.9253125,0.9175,2.143276782035828,1.9769198441505431,0.0535653931368142,,,,
123,4,Fusion-ESM2,25,0.1490431152284145,0.0710885211452841,0.0571293802186846,0.9265625,0.919375,2.1333655953407287,2.023356761932373,0.0315162440761923,0.8842804649418824,0.657856767904012,0.4508962637502249,0.4513095897994968
123,4,OneHot,1,0.7458785283565521,0.2514275738596916,0.1676984876394271,0.469375,0.595625,0.0473144393414258,0.1568902499601245,0.0293565538711845,,,,
123,4,OneHot,2,0.4282321500778198,0.1763287097215652,0.1325528380274772,0.6975,0.7596875,0.4448841565847397,0.5009638428688049,0.0669104745611548,,,,
123,4,OneHot,3,0.3042771339416504,0.1301938550174236,0.1095322783291339,0.8265625,0.8284375,0.892188241481781,0.748728621006012,0.0188267311733216,,,,
123,4,OneHot,4,0.2672916489839554,0.1168742901086807,0.0978095158934593,0.8621875,0.859375,1.0579072654247283,0.9140959465503692,0.0337973800860345,,,,
123,4,OneHot,5,0.2464646914601326,0.1073690301179885,0.0923108151555061,0.869375,0.8725,1.2121759748458862,1.038319083452225,0.0539423315506428,0.8148391451068617,0.5919250093738283,0.5472388467241938,0.4167681084386299
123,4,OneHot,6,0.2287910920381546,0.0990018950402736,0.0867995942384004,0.894375,0.881875,1.2727378726005554,1.177322363853455,0.0322536472976207,,,,
123,4,OneHot,7,0.2094479271769523,0.0959327310323715,0.0786077316105365,0.8934375,0.8978125,1.399152355194092,1.2546710634231568,0.0302641408843919,,,,
123,4,OneHot,8,0.2057159906625747,0.0941413451731205,0.0760211510956287,0.8978125,0.9025,1.4372889113426208,1.3950485968589783,0.0051661211973987,,,,
123,4,OneHot,9,0.1901469038426876,0.0877981878817081,0.0714937697350978,0.90375,0.9065625,1.539337086677551,1.4318004608154298,0.0639501606475096,,,,
123,4,OneHot,10,0.199016900062561,0.0911356078833341,0.073229598775506,0.8996875,0.9009375,1.56325932264328,1.4896793270111084,0.0086307965405285,0.8370963629546307,0.6150581177352832,0.5884358434841064,0.2512771144068704
123,4,OneHot,11,0.1867077980935573,0.0864073409885168,0.0694373579323291,0.9065625,0.91125,1.6037515997886658,1.5694197988510132,0.072583068870008,,,,
123,4,OneHot,12,0.17829236343503,0.0846980898082256,0.0654444348812103,0.910625,0.9096875,1.6746150946617129,1.6594596791267395,0.0164696576679125,,,,
123,4,OneHot,13,0.177228328436613,0.0816744682192802,0.0662321930378675,0.916875,0.914375,1.691854832172394,1.7035892391204834,0.001561243426986,,,,
123,4,OneHot,14,0.1716557362675667,0.0799098996073007,0.0644775357469916,0.9159375,0.916875,1.7631849694252013,1.6979998135566712,0.0224292378150858,,,,
123,4,OneHot,15,0.1683513763546943,0.0790674538910388,0.0640373524278402,0.91875,0.9065625,1.7851701116561889,1.760658357143402,0.0354444361664354,0.8330888638920135,0.6627761529808774,0.4917688747088783,0.3163059126496294
123,4,OneHot,16,0.1612686114013195,0.076011558920145,0.0609483484923839,0.9190625,0.9196875,1.8084261870384215,1.8839917087554927,0.0474845599150285,,,,
123,4,OneHot,17,0.1675404442846775,0.0774720504134893,0.0629163873195648,0.923125,0.91875,1.7956755661964416,1.8418627977371216,0.025048069152981,,,,
123,4,OneHot,18,0.1630205665528774,0.0757524193078279,0.0622025325894355,0.919375,0.918125,1.8483658695220948,1.8834814071655277,0.0367568707838654,,,,
123,4,OneHot,19,0.1562859804928302,0.0738695798441767,0.0594577239081263,0.9228125,0.91875,1.885869264602661,1.913998799324036,0.052545568938367,,,,
123,4,OneHot,20,0.1548913989961147,0.0732840524613857,0.0597487941384315,0.925,0.9175,1.8886119866371156,1.910839111804962,0.0549533563014119,0.8398260217472817,0.650039745031871,0.6921582034367211,0.4506609234828608
123,4,OneHot,21,0.1535969170928001,0.0707500955462455,0.059969896711409,0.9259375,0.9175,1.9326613926887517,1.9387597298622128,0.0168462752499908,,,,
123,4,OneHot,22,0.1526642793416976,0.0722988727688789,0.057777417525649,0.926875,0.91875,1.959767541885376,1.981391384601593,0.0577008252241648,,,,
123,4,OneHot,23,0.1517145337164402,0.0749919565767049,0.055469042211771,0.9190625,0.926875,1.9616112089157105,2.073398725986481,0.0073147614486515,,,,
123,4,OneHot,24,0.1453413288295269,0.0709254758805036,0.0540594926476478,0.925625,0.92625,1.967767174243927,2.0693733882904053,0.0131088170129805,,,,
123,4,OneHot,25,0.1508425528556108,0.0750285319983959,0.0542930302023887,0.9225,0.925625,1.985118157863617,2.117288112640381,0.0302235233411192,0.8141312335958006,0.6699032620922386,0.3469306144466658,0.4929053173537803
123,5,ESM2,1,0.9649452650547028,0.2549598953127861,0.2113144415616989,0.49625,0.5053125,0.0095567356795072,0.0070048085600137,-0.0295946130924858,,,,
123,5,ESM2,2,0.835162171125412,0.2299382525682449,0.1832743367552757,0.4809375,0.5275,0.016692540384829,0.0470213492587208,0.0107600713567808,,,,
123,5,ESM2,3,0.7401945769786835,0.2252183747291564,0.1733539214730262,0.5034375,0.5809375,0.0201553798280656,0.1246440429240465,0.0037785322114359,,,,
123,5,ESM2,4,0.6143688714504242,0.2183703851699829,0.1563584640622139,0.539375,0.6596875,0.0721183044835925,0.2914574539661407,0.0624814948579296,,,,
123,5,ESM2,5,0.4730216485261917,0.1937047824263572,0.1339149607717991,0.659375,0.7509375,0.3207347562909126,0.5291120126843453,0.1298033362627029,0.7389666291713536,0.6027416572928385,0.61576534724019,0.6273414114765913
123,5,ESM2,6,0.3844197988510132,0.1727387827634811,0.1122990764677524,0.7309375,0.81625,0.5689629027247429,0.8514078485965729,0.1806456858105957,,,,
123,5,ESM2,7,0.3485816842317581,0.1581443373858928,0.1044333747029304,0.7628125,0.8325,0.7285019749403,0.9724328875541688,0.1568114906363189,,,,
123,5,ESM2,8,0.3175120693445206,0.1472380547225475,0.097278171479702,0.78625,0.849375,0.8669143736362457,1.081386774778366,0.1364519007038325,,,,
123,5,ESM2,9,0.3087154173851013,0.1463417485356331,0.0930126117914915,0.79,0.8625,0.95632187128067,1.143774276971817,0.1633891750965267,,,,
123,5,ESM2,10,0.3007066124677658,0.1449591210484504,0.0903699273616075,0.791875,0.870625,0.941037096977234,1.2207233905792236,0.1231322749890387,0.8347806524184478,0.5908451443569555,0.606601448354619,0.5023109789450023
123,5,ESM2,11,0.2846197366714477,0.1358991236984729,0.0882659508287906,0.8046875,0.875,1.0151526975631713,1.241387549638748,0.1507857388956472,,,,
123,5,ESM2,12,0.2766691976785659,0.1325037135183811,0.0860280200839042,0.8203125,0.87125,1.098176509141922,1.2856767654418946,0.1409227764932438,,,,
123,5,ESM2,13,0.2748515811562538,0.13297482162714,0.0854915070533752,0.8140625,0.88,1.1187736642360688,1.2719048929214478,0.043557347129099,,,,
123,5,ESM2,14,0.2668073907494545,0.1301896792650222,0.082994660437107,0.8215625,0.8809375,1.0864967095851898,1.3110608124732972,0.0731928996182978,,,,
123,5,ESM2,15,0.2691019180417061,0.1308716554939747,0.0842904448509216,0.819375,0.8775,1.0982181572914125,1.3306638550758365,0.1427724319789558,0.8516805399325086,0.6349996250468692,0.6371748101232944,0.5795833539142657
123,5,ESM2,16,0.263524788916111,0.1255315364897251,0.0850147078931331,0.8234375,0.8784375,1.1817884397506715,1.305517601966858,0.1080901737138629,,,,
123,5,ESM2,17,0.2541830053925514,0.123512564599514,0.0800237742066383,0.83375,0.88875,1.207685070037842,1.3934432888031003,0.0485869368597923,,,,
123,5,ESM2,18,0.2529391157627105,0.1240672203898429,0.0794389279931783,0.8259375,0.8871875,1.230001984834671,1.3904765057563782,0.1547840519063174,,,,
123,5,ESM2,19,0.2447776579856872,0.1198622603714466,0.0775190637260675,0.8403125,0.8890625,1.3213323426246644,1.465638656616211,0.0627866412594448,,,,
123,5,ESM2,20,0.2452561828494072,0.1200844783335924,0.0775516572594642,0.84125,0.8915625,1.300359562635422,1.4923338723182678,0.1347825438714062,0.8720779902512187,0.615658042744657,0.7003489449185147,0.5946648457760527
123,5,ESM2,21,0.2413059842586517,0.1152547505497932,0.0803651580959558,0.844375,0.885625,1.3113085770606994,1.4646594262123107,0.146713750641793,,,,
123,5,ESM2,22,0.243772340118885,0.119110399633646,0.0784479707479477,0.8390625,0.8890625,1.342635154724121,1.4223790097236633,0.1106234519183635,,,,
123,5,ESM2,23,0.2381926888227462,0.1153528299927711,0.0769423568993806,0.8434375,0.885625,1.3513233757019043,1.487957203388214,0.0927130330208456,,,,
123,5,ESM2,24,0.2370916500687599,0.1146100352704524,0.0772672606259584,0.85,0.89,1.357766559123993,1.4847486448287963,0.0557554886816069,,,,
123,5,ESM2,25,0.2357603767514229,0.1149650511145591,0.0762339585274458,0.8478125,0.893125,1.3378417110443117,1.5082778859138488,0.0463976906542666,0.8834705661792276,0.6036835395575554,0.7018086810241809,0.5167438044901532
123,5,Fusion-ESM2,1,0.7710028803348541,0.2501165890693664,0.1767727255821228,0.4628125,0.5728125,0.0269711687788367,0.1424293352290987,0.0302283377991989,,,,
123,5,Fusion-ESM2,2,0.4137280416488647,0.1788635548949241,0.1248114286363124,0.675,0.781875,0.3759352554380893,0.6264491331577301,0.0953933990001678,,,,
123,5,Fusion-ESM2,3,0.2970070603489876,0.1361352463066578,0.1003454640507698,0.8084375,0.8484375,0.8047039878368377,0.954996542930603,0.0625633007567375,,,,
123,5,Fusion-ESM2,4,0.2567481330037117,0.1180760000646114,0.0896926394104957,0.8534375,0.8675,1.046742362976074,1.119627866744995,0.0964167716354131,,,,
123,5,Fusion-ESM2,5,0.2426149144768715,0.1108595821261406,0.0870695462077856,0.875,0.879375,1.174898316860199,1.218777256011963,0.106662544440478,0.8592875890513687,0.630464191976003,0.6489337954189387,0.5477176211095223
123,5,Fusion-ESM2,6,0.2264714515209198,0.1065710961818695,0.0802703338861465,0.8746875,0.8875,1.2750275933742523,1.3118530774116517,0.0897733785724267,,,,
123,5,Fusion-ESM2,7,0.2135910180211067,0.1011142110824585,0.0751074455678462,0.880625,0.894375,1.3408000874519348,1.4592555689811706,0.0756359110772609,,,,
123,5,Fusion-ESM2,8,0.2009498932957649,0.0970487321913242,0.070749821588397,0.885625,0.89875,1.4387911319732667,1.5255919337272643,0.0891008815262466,,,,
123,5,Fusion-ESM2,9,0.1940391597151756,0.0923304297029972,0.0701064931601286,0.8975,0.903125,1.5005736947059631,1.543848741054535,0.0710649243555963,,,,
123,5,Fusion-ESM2,10,0.1820559878647327,0.0887225192040205,0.0651774843782186,0.904375,0.9146875,1.5650827527046205,1.6402788281440734,0.0779784507770091,0.8479310086239221,0.6519355080614924,0.3726381891964538,0.5195006363358563
123,5,Fusion-ESM2,11,0.1821944497525692,0.0860162367671728,0.066641761213541,0.906875,0.91,1.6365462636947632,1.7338600802421569,0.0242604896612465,,,,
123,5,Fusion-ESM2,12,0.176301339417696,0.084430236890912,0.0639768757671117,0.904375,0.9153125,1.6556920337677,1.7689094996452333,0.0289099629921838,,,,
123,5,Fusion-ESM2,13,0.1751373219490051,0.0856548430770635,0.0625312477350235,0.9153125,0.91,1.6837406182289123,1.8319635367393492,0.0211600512638688,,,,
123,5,Fusion-ESM2,14,0.1718010334670543,0.0841839727014303,0.0618099309504032,0.91375,0.91375,1.7302430653572085,1.865239763259888,0.0285539124184288,,,,
123,5,Fusion-ESM2,15,0.1700249521434307,0.0805210407823324,0.0630576980113983,0.9153125,0.91125,1.7475536370277405,1.8701258373260496,0.0884781631152145,0.8741417322834647,0.653711286089239,0.5630526545355775,0.6339902412221102
123,5,Fusion-ESM2,16,0.1612028008699417,0.0760283570736646,0.0607106374949216,0.9203125,0.9175,1.8256239247322084,1.8804267263412475,0.0795847919932566,,,,
123,5,Fusion-ESM2,17,0.1593767447769641,0.0773951411247253,0.0583838419988751,0.916875,0.923125,1.819788899421692,1.9485574221611024,0.0409575040545314,,,,
123,5,Fusion-ESM2,18,0.1628442381322384,0.0779551190882921,0.0595590820908546,0.91625,0.9203125,1.9019660711288453,1.9550687384605407,0.0352962064463645,,,,
123,5,Fusion-ESM2,19,0.1574744097888469,0.0735164318233728,0.0597288482263684,0.920625,0.918125,1.89709716796875,1.9633957171440124,0.0272146439319476,,,,
123,5,Fusion-ESM2,20,0.158854733556509,0.0751483444869518,0.0597592221200466,0.9153125,0.915,1.9288016867637636,1.9737895584106449,0.0301109799742698,0.8717780277465318,0.6773603299587552,0.5098533831290762,0.6446932354466043
123,5,Fusion-ESM2,21,0.155931187570095,0.0724311188608408,0.0600654017180204,0.9246875,0.9153125,1.934521510601044,1.9423871326446531,0.0539839850319549,,,,
123,5,Fusion-ESM2,22,0.1529978673160076,0.0727328287065029,0.0572568459063768,0.9253125,0.921875,1.969329173564911,2.026860721111297,0.0608979023620486,,,,
123,5,Fusion-ESM2,23,0.151403879225254,0.07378466501832,0.0552147260680794,0.92125,0.925625,2.0205617642402647,2.0466346955299377,-0.0021757006645202,,,,
123,5,Fusion-ESM2,24,0.1591074751317501,0.07752854116261,0.0573303032666444,0.920625,0.925,1.9909958148002624,2.0452118015289305,0.057067966912873,,,,
123,5,Fusion-ESM2,25,0.1490703810751438,0.0715876281261444,0.0558378895372152,0.925625,0.92625,2.0264237260818483,2.0283162999153137,0.0138365750201046,0.8779872515935508,0.6808698912635921,0.5172331601077219,0.6806942160199022
123,5,OneHot,1,0.8162111341953278,0.2434555596113204,0.19532789260149,0.4909375,0.5640625,0.013470128220506,0.1298679204285144,-0.0784260215406539,,,,
123,5,OneHot,2,0.4772638636827468,0.1913955870270729,0.1373749999701976,0.6628125,0.7371875,0.2765686824172735,0.5522432428598404,0.0357275155486922,,,,
123,5,OneHot,3,0.3193410575389862,0.1389518536627292,0.1069319443404674,0.8171875,0.8303125,0.8520237958431244,0.9694600534439088,0.0021084195002913,,,,
123,5,OneHot,4,0.2712157198786735,0.119249355494976,0.0937487125396728,0.854375,0.8628125,1.09836732506752,1.191245311498642,0.0355811231181724,,,,
123,5,OneHot,5,0.2496227249503135,0.1145193311572074,0.0861877544224262,0.8609375,0.8728125,1.264144343137741,1.330934247970581,0.0938092513754964,0.878215223097113,0.6032215973003376,0.3453897818906847,0.6639910583665253
123,5,OneHot,6,0.2211193636059761,0.1024335232377052,0.0781976999342441,0.8759375,0.8834375,1.4057268977165225,1.5128102207183838,0.0916932480596006,,,,
123,5,OneHot,7,0.2232440042495727,0.1037796474993228,0.077624264806509,0.8784375,0.889375,1.5024572896957398,1.5005063199996949,0.054822029559873,,,,
123,5,OneHot,8,0.199553118944168,0.0910488981753587,0.0731626067310571,0.894375,0.89625,1.5829080963134765,1.6042789268493651,-0.0082519362075254,,,,
123,5,OneHot,9,0.1939161130785942,0.08870868422091,0.071144111007452,0.9009375,0.9046875,1.6557388925552368,1.6684148478507996,0.0686881357058882,,,,
123,5,OneHot,10,0.1833383060991764,0.084539301842451,0.068339374884963,0.9071875,0.905,1.7856470847129822,1.7205223155021667,0.0180618050019256,0.8686284214473192,0.6017037870266218,-0.1674641699000385,0.3511717271688143
123,5,OneHot,11,0.1863553191721439,0.0874254018813371,0.0676814656704664,0.905,0.9034375,1.7768466520309447,1.7859204816818235,0.0668106544716283,,,,
123,5,OneHot,12,0.1770659227669239,0.0827133596688509,0.0650416048243641,0.906875,0.9090625,1.818334109783173,1.8170010352134705,0.053469229126349,,,,
123,5,OneHot,13,0.1709034842252731,0.080253145173192,0.0637296037375926,0.9175,0.9109375,1.8704272937774655,1.8639746880531312,0.0320047752745449,,,,
123,5,OneHot,14,0.1746272155642509,0.0812088429182767,0.0657124608755111,0.909375,0.90625,1.8409882688522337,1.7912975072860715,0.0215908386826049,,,,
123,5,OneHot,15,0.1646061530709266,0.0767208110541105,0.0621093536168336,0.9171875,0.9146875,1.923316094875336,1.9091759133338928,0.028610182966222,0.8577517810273718,0.6222092238470192,0.0115156959446999,0.4054975311870793
123,5,OneHot,16,0.1653096345067024,0.0769596572220325,0.0612558933347463,0.91875,0.9171875,1.9813713932037356,1.9488977098464968,0.038407149137929,,,,
123,5,OneHot,17,0.162524052709341,0.0779890060052275,0.0595803406462073,0.9184375,0.91375,1.9954007291793825,2.0067333436012267,0.0257271730527281,,,,
123,5,OneHot,18,0.1595504346489906,0.0732395144924521,0.0620951779931783,0.925625,0.913125,2.065774221420288,1.9488142037391665,0.0298078482225537,,,,
123,5,OneHot,19,0.1559597672522068,0.0739867008477449,0.0586977633461356,0.919375,0.9184375,2.0501717853546144,2.022352797985077,0.011632670070976,,,,
123,5,OneHot,20,0.1659719854593277,0.0777349127456545,0.0614755628257989,0.914375,0.918125,1.9968241930007933,1.9567728853225708,0.034116370473057,0.8320989876265468,0.6029276340457443,-0.0546590075121675,0.5094463084279983
123,5,OneHot,21,0.1512074613571167,0.0714326143637299,0.0569730983674526,0.9240625,0.925,2.0579085683822638,2.010902805328369,0.0644354996620677,,,,
123,5,OneHot,22,0.1566979186236858,0.0706188550591468,0.0611288464814424,0.9278125,0.9153125,2.0675022768974305,1.9884079194068909,0.0121709275781176,,,,
123,5,OneHot,23,0.1434780697524547,0.0693712190538644,0.0538661644607782,0.9259375,0.9265625,2.119738917350769,2.061412904262543,0.0144858079589903,,,,
123,5,OneHot,24,0.1442947642505169,0.0699418497085571,0.0541341514885425,0.9284375,0.924375,2.160185048580169,2.1015972566604613,0.029139190018177,,,,
123,5,OneHot,25,0.1487764908373355,0.0672747678309679,0.0584034396335482,0.931875,0.924375,2.172160897254944,2.1459622478485105,0.0013453476363793,0.8353865766779154,0.5976362954630671,-0.0617143986895541,0.2742236853578689
456,1,ESM2,1,0.9450052964687348,0.2511425229907036,0.1987779647111892,0.4715625,0.5125,-0.019136346168816,0.0296188840642571,-0.007290572351776,,,,
456,1,ESM2,2,0.7868931984901428,0.2235193529725074,0.1808282375335693,0.5334375,0.54375,0.0519843246042728,0.0729734612721949,-0.018074915225734,,,,
456,1,ESM2,3,0.7310398483276367,0.2253632837533951,0.1715848070383072,0.4965625,0.595,0.0192070719599723,0.1524109939485788,0.0110291755838261,,,,
456,1,ESM2,4,0.5838702303171158,0.2115145960450172,0.1550978158414364,0.56,0.660625,0.1125081468187272,0.3012796321511268,0.0705040065374305,,,,
456,1,ESM2,5,0.4600669699907302,0.190557167828083,0.1325829966366291,0.674375,0.7621875,0.2959327653050422,0.5292197477817535,0.1388355865236371,0.7438920134983127,0.5912770903637046,0.5735951930765001,0.5664478610023869
456,1,ESM2,6,0.3681588166952133,0.1644122064113617,0.1119829699397087,0.7459375,0.8146875,0.5603492245078087,0.7982294774055481,0.1639212086470797,,,,
456,1,ESM2,7,0.3394984629750252,0.1544131235778331,0.1035182081162929,0.77125,0.8359375,0.7281027179956436,0.966625497341156,0.1595559132099151,,,,
456,1,ESM2,8,0.3205473139882088,0.1465502361953258,0.099548964202404,0.788125,0.85375,0.8246864414215088,1.0218024718761445,0.216659706197679,,,,
456,1,ESM2,9,0.3057694715261459,0.1440047112107277,0.0924113085120916,0.78875,0.866875,0.8855654001235962,1.1643555414676667,0.1410954108572332,,,,
456,1,ESM2,10,0.283999562561512,0.1362632957100868,0.08692596077919,0.8028125,0.879375,0.9204366028308868,1.2518225717544555,0.0916368815489113,0.8468631421072366,0.5721574803149606,0.6469874806113838,0.4208222729176049
456,1,ESM2,11,0.2743335482478142,0.1298456369340419,0.0869853645563125,0.8134375,0.875,1.014194949865341,1.2908045148849487,0.0717412495613098,,,,
456,1,ESM2,12,0.2836586827039719,0.1339506450295448,0.0881489902734756,0.8140625,0.8753125,1.0278152489662171,1.2690445792675018,0.1166445573442615,,,,
456,1,ESM2,13,0.2741165298223496,0.1294123834371566,0.0856626161932945,0.8221875,0.8784375,1.0796296894550323,1.3731161761283874,0.0964924448449164,,,,
456,1,ESM2,14,0.2646969449520111,0.1286361593008041,0.0821974066644907,0.825625,0.8871875,1.075098602771759,1.341421401500702,0.1126983230165206,,,,
456,1,ESM2,15,0.268066842854023,0.1256612563133239,0.0859911503642797,0.8284375,0.87625,1.1007295751571655,1.328868043422699,0.0927447687019594,0.8552560929883765,0.6249508811398576,0.6551782220931773,0.5640964456045813
456,1,ESM2,16,0.2604602491855621,0.1242150735855102,0.0829770243167877,0.8340625,0.8825,1.1450748240947723,1.3694759178161622,0.1660038457438349,,,,
456,1,ESM2,17,0.2530014508962631,0.1219735747575759,0.0816727923601865,0.835,0.88375,1.1553270828723907,1.4209107112884525,0.135477133966051,,,,
456,1,ESM2,18,0.2567581602931023,0.1236828480660915,0.0809536974132061,0.83,0.881875,1.169477872848511,1.481289689540863,0.0502669775974936,,,,
456,1,ESM2,19,0.2513430505990982,0.1227249580621719,0.0811297170072793,0.83625,0.8821875,1.1517494332790374,1.3863151502609252,0.2156483969464898,,,,
456,1,ESM2,20,0.2454258292913436,0.1176514808833599,0.078967797011137,0.8396875,0.8884375,1.2386095213890076,1.505840975046158,0.0906883497163653,0.8693663292088489,0.6083149606299213,0.6723706695599125,0.5534745346696668
456,1,ESM2,21,0.2458436426520347,0.1175234271585941,0.0798158743232488,0.84,0.881875,1.2490068447589877,1.497928159236908,0.0544083788245916,,,,
456,1,ESM2,22,0.2441547492146492,0.1177657447755336,0.0776924345642328,0.8465625,0.891875,1.2768007814884186,1.515686843395233,-0.0035177415050566,,,,
456,1,ESM2,23,0.2433075666427612,0.1170147313177585,0.0794834294170141,0.8503125,0.8890625,1.277510139942169,1.4908136534690857,0.1508436322212219,,,,
456,1,ESM2,24,0.2408500769734382,0.1151004361361265,0.0789526348561048,0.846875,0.884375,1.2960281109809877,1.5185190629959109,0.1367481362272519,,,,
456,1,ESM2,25,0.2428228083252906,0.1129820245504379,0.0812502239644527,0.85,0.8778125,1.269927624464035,1.4925446462631229,0.0266320057027041,0.8820547431571054,0.6127244094488189,0.6954831578996274,0.5586638652027548
456,1,Fusion-ESM2,1,0.7283611941337585,0.2282097434997558,0.1968355986475944,0.573125,0.591875,0.1188975407928228,0.2285747715830803,0.0721536475000903,,,,
456,1,Fusion-ESM2,2,0.394217112660408,0.16677281036973,0.1232601718604564,0.7503125,0.78125,0.5655266991257668,0.7691017025709153,0.1034459805069491,,,,
456,1,Fusion-ESM2,3,0.2977952241897583,0.1308932319283485,0.1007643158733844,0.8290625,0.833125,1.0132748293876648,1.0750314366817475,0.0759731987537816,,,,
456,1,Fusion-ESM2,4,0.2634315773844718,0.1198031347990036,0.0906096829473972,0.8465625,0.86875,1.1981181442737578,1.2307723534107209,-0.0015810841042548,,,,
456,1,Fusion-ESM2,5,0.2364990809559822,0.1076312905550003,0.0830741725116968,0.865,0.8778125,1.371149730682373,1.3354890489578246,0.0458451409265399,0.8851263592050993,0.5869636295463068,0.6047362299973789,0.3955242865688009
456,1,Fusion-ESM2,6,0.2226877936720848,0.1006622368097305,0.0806890696287155,0.8784375,0.8853125,1.4834990429878234,1.4321990299224854,0.0423136496474035,,,,
456,1,Fusion-ESM2,7,0.2064961835741997,0.0923885092139244,0.0771287246793508,0.893125,0.89,1.5896650767326357,1.5477190685272215,0.0235787256248295,,,,
456,1,Fusion-ESM2,8,0.2119444420933723,0.0986502477526664,0.074517396017909,0.881875,0.8925,1.5804993176460267,1.5865850067138672,0.1311017233273014,,,,
456,1,Fusion-ESM2,9,0.1964891156554222,0.0907498147338628,0.0718517988175153,0.8934375,0.9015625,1.6992382788658142,1.6773260283470153,0.1095797194633632,,,,
456,1,Fusion-ESM2,10,0.1922376576066017,0.0857961473613977,0.0731949105858802,0.9015625,0.89875,1.7716684889793397,1.6292668771743777,-0.0008316559065133,0.8476130483689539,0.5998860142482191,0.2811613932413722,0.4979324813077092
456,1,Fusion-ESM2,11,0.1860174992680549,0.0872217418998479,0.0691479925066232,0.9009375,0.9015625,1.751824517250061,1.6802923107147216,0.0264125885628163,,,,
456,1,Fusion-ESM2,12,0.1823021005094051,0.0854263181239366,0.0674912865459919,0.906875,0.9028125,1.8046695852279664,1.746916642189026,0.0700425974943209,,,,
456,1,Fusion-ESM2,13,0.1861504627764225,0.0847304114699363,0.0691950117051601,0.9078125,0.9034375,1.8623793125152588,1.751907298564911,0.0346913269208744,,,,
456,1,Fusion-ESM2,14,0.173323937356472,0.0809727371484041,0.0644645678997039,0.9090625,0.908125,1.8595827746391296,1.82454731464386,0.0048724391404539,,,,
456,1,Fusion-ESM2,15,0.1742667099833488,0.0810467185080051,0.0648143707960844,0.9109375,0.9128125,1.8340434193611144,1.828990547657013,0.0162796630244702,0.8950911136107987,0.6390851143607049,0.7734168466521393,0.5109058076404293
456,1,Fusion-ESM2,16,0.1749089752137661,0.0816732574626803,0.0644900116696953,0.9121875,0.91375,1.905606141090393,1.899632682800293,0.05526764344424,,,,
456,1,Fusion-ESM2,17,0.167914208471775,0.0795714458078146,0.0629893400520086,0.914375,0.9115625,1.9391856145858768,1.9299343729019165,-0.0718133975262753,,,,
456,1,Fusion-ESM2,18,0.1638634753227233,0.077587106898427,0.061230791658163,0.914375,0.9175,1.9601506567001343,1.952076818943024,-0.0038966220989823,,,,
456,1,Fusion-ESM2,19,0.163736182898283,0.0782771053910255,0.0608946565538644,0.918125,0.9121875,1.97818963766098,1.9711851811409,0.050188967292197,,,,
456,1,Fusion-ESM2,20,0.1700364725291729,0.0787533912807703,0.0632881037518382,0.9146875,0.9125,1.9821154808998107,2.0381893849372865,0.048678246839554,0.889535808023997,0.6561229846269218,0.6021411435873056,0.6112058368502707
456,1,Fusion-ESM2,21,0.1560249024629593,0.073081449791789,0.0593188976123929,0.9253125,0.919375,1.9966628193855285,2.002849943637848,0.0787936796527356,,,,
456,1,Fusion-ESM2,22,0.1524148181080818,0.0741287844628095,0.0559925243631005,0.9140625,0.9228125,2.0464411997795104,2.0930506372451783,0.0157612069509923,,,,
456,1,Fusion-ESM2,23,0.1542285260558128,0.0739165699481964,0.0572724416851997,0.92,0.926875,2.05502732038498,2.111032950878143,0.003618922852911,,,,
456,1,Fusion-ESM2,24,0.1538222521543502,0.0737525876611471,0.0573356085643172,0.9228125,0.9171875,2.0870007562637327,2.0750883173942567,0.0288009454123675,,,,
456,1,Fusion-ESM2,25,0.1553384687006473,0.0772933007404208,0.0551899351552128,0.91375,0.92125,2.01035756111145,2.1759368658065794,0.0380603151582181,0.8716220472440945,0.6586126734158231,0.5620794971318,0.7233440263387193
456,1,OneHot,1,0.859605895280838,0.2505542999505997,0.1939024204015731,0.4446875,0.5534375,0.0085622550547122,0.0997163506969809,0.0070567648787982,,,,
456,1,OneHot,2,0.5319911867380143,0.1999362540245056,0.1488387338817119,0.6140625,0.6884375,0.2878729458153248,0.423990556448698,0.0530804129736498,,,,
456,1,OneHot,3,0.3520300889015197,0.1470182237029075,0.1161163540184497,0.7778125,0.8,0.7625792121887207,0.8561263155937194,0.0788894688826985,,,,
456,1,OneHot,4,0.2877433544397354,0.122606153935194,0.1005344195663929,0.8446875,0.845,1.0357341933250428,1.084975972175598,0.0238962995668407,,,,
456,1,OneHot,5,0.2525814840197563,0.110867703706026,0.0908170843124389,0.8678125,0.86125,1.2262010443210605,1.2494163405895231,0.1001867516897618,0.8329748781402325,0.6115005624296963,0.2315303656487216,0.6973162903836997
456,1,OneHot,6,0.2381193879246711,0.1044951602816581,0.0857266369462013,0.8771875,0.8796875,1.2989243626594544,1.3160487604141236,0.0380857744137756,,,,
456,1,OneHot,7,0.2264311128854751,0.1020308543741703,0.0822012495994568,0.8775,0.8825,1.3698280692100524,1.4161616659164429,0.1189344773534685,,,,
456,1,OneHot,8,0.2180306601524353,0.0980219370126724,0.0785924985259771,0.8871875,0.884375,1.4677722597122191,1.4360928511619568,0.0261659623309969,,,,
456,1,OneHot,9,0.2088445864617824,0.0914202936738729,0.0780673412233591,0.900625,0.8915625,1.5325599694252017,1.5636599469184875,0.0321307312999852,,,,
456,1,OneHot,10,0.1922660861909389,0.0854590158164501,0.0728848728537559,0.9065625,0.901875,1.6482568311691284,1.6021201729774477,0.0260925133811542,0.8404199475065618,0.6640299962504688,0.1883059576309392,0.7747508319321222
456,1,OneHot,11,0.1868009813129902,0.0857024813443422,0.0697169679403305,0.9021875,0.9025,1.6512704086303711,1.6836044454574586,0.0432501398096792,,,,
456,1,OneHot,12,0.1919380129873752,0.088920926451683,0.0691707169264555,0.8971875,0.9078125,1.6519504475593567,1.682492468357086,0.0465862398594617,,,,
456,1,OneHot,13,0.1799248978495597,0.0831214636564254,0.0665862181037664,0.9096875,0.9128125,1.745075721740723,1.7392065477371217,-0.0171610307251103,,,,
456,1,OneHot,14,0.1806789964437484,0.0829680498689413,0.0680209909379482,0.9046875,0.9053125,1.7741357469558716,1.7208615589141845,0.0023335169022902,,,,
456,1,OneHot,15,0.1721489207446575,0.0815279626101255,0.0633719526231288,0.911875,0.9121875,1.796602988243103,1.800680468082428,0.0506829455029219,0.8766554180727409,0.6709051368578928,0.671073126354876,0.7158843636974052
456,1,OneHot,16,0.1657447552680969,0.0754156683757901,0.0635538916289806,0.924375,0.915625,1.855470323562622,1.8287125062942504,0.021287236623466,,,,
456,1,OneHot,17,0.1641930237412452,0.0752216169983148,0.0641602009534835,0.91875,0.9109375,1.9331219482421875,1.867101819515228,0.05170073218178,,,,
456,1,OneHot,18,0.1660694037377834,0.0767234340310096,0.0636725345253944,0.9140625,0.915625,1.905718686580658,1.8936105275154116,-0.0048700058832764,,,,
456,1,OneHot,19,0.1619378757476806,0.0771192276477813,0.0603244134038686,0.9159375,0.919375,1.955099995136261,1.92432181596756,0.0377530328929424,,,,
456,1,OneHot,20,0.1608065688610077,0.0755383681878447,0.060320369079709,0.921875,0.9178125,1.9546118021011352,1.959655032157898,0.0047634146548807,0.8556640419947507,0.673880764904387,0.6071691235068226,0.6581530615168012
456,1,OneHot,21,0.1575472250580787,0.0730679430067539,0.0599715431407094,0.9215625,0.9184375,1.881321201324463,1.98687242269516,0.0234782566130161,,,,
456,1,OneHot,22,0.1564075551927089,0.0718939446285367,0.0607784217596054,0.925625,0.916875,2.0274940586090087,1.990489585399628,0.0115838058269582,,,,
456,1,OneHot,23,0.1492258797585964,0.0691270457953214,0.0576857462152838,0.9275,0.9215625,2.046175553798676,2.023511962890625,0.043434125483036,,,,
456,1,OneHot,24,0.1495816515386104,0.0706983105838298,0.0561714908480644,0.92625,0.923125,2.071669402122497,2.0441562819480894,0.007857923018746,,,,
456,1,OneHot,25,0.1573754201829433,0.0769335363060235,0.0573853991180658,0.91625,0.9271875,2.0138378405570982,2.038769910335541,0.0703865460865199,0.8675485564304463,0.6717690288713911,0.6690457150970063,0.7274792741072736
456,2,ESM2,1,0.8869254457950592,0.2581169167160987,0.1884506016969681,0.5434375,0.52125,0.0124030066374689,0.0402779956161975,-0.0006426275614649,,,,
456,2,ESM2,2,0.788490115404129,0.2275973975658416,0.1773674330115318,0.5140625,0.5503125,0.0419298806414008,0.0649801829084754,-0.0054109032009728,,,,
456,2,ESM2,3,0.6790271812677383,0.216358505487442,0.1689045864343643,0.58375,0.6021875,0.0986194125562906,0.1599478478450328,0.0372421915875747,,,,
456,2,ESM2,4,0.5073398965597152,0.194473827779293,0.148096192330122,0.663125,0.704375,0.259039159938693,0.3354569363594055,0.1334470519330352,,,,
456,2,ESM2,5,0.4216498911380767,0.1768370145559311,0.1289932948350906,0.723125,0.7728125,0.4086178913712501,0.5712961447238922,0.203548461170867,0.7515830521184853,0.5945586801649795,0.5730275179242965,0.5569611161215853
456,2,ESM2,6,0.3693501758575439,0.1629680091142654,0.114430888146162,0.7646875,0.813125,0.567078977227211,0.7175681829452515,0.0885836160462349,,,,
456,2,ESM2,7,0.3355660009384155,0.1534669724106788,0.1031886439025402,0.7790625,0.845625,0.6578219091892242,0.9200360786914824,0.1437460526637733,,,,
456,2,ESM2,8,0.3126476165652275,0.146728698015213,0.0976899853348732,0.795625,0.85875,0.76153693318367,0.9822915756702424,0.1661746785789728,,,,
456,2,ESM2,9,0.2994799515604973,0.1413068856298923,0.093337562084198,0.8034375,0.863125,0.8397708368301392,1.0825972652435305,0.1418561986566055,,,,
456,2,ESM2,10,0.2938350319862365,0.1382147289812564,0.0934288930892944,0.809375,0.8615625,0.9162874805927276,1.1125284385681151,0.1492431979440152,0.8381462317210351,0.5866276715410574,0.5949235595092894,0.4196060235739123
456,2,ESM2,11,0.2787586960196495,0.1305186296999454,0.0905916590988636,0.819375,0.868125,0.993805330991745,1.1499194610118866,0.132634925879538,,,,
456,2,ESM2,12,0.2813480868935585,0.1306106352806091,0.0922127777338027,0.8275,0.8665625,0.9904810786247252,1.1640055203437805,0.1563529332656617,,,,
456,2,ESM2,13,0.2654324677586555,0.1253299124538898,0.0863680403679609,0.83,0.8715625,1.0630951309204102,1.227812786102295,0.054524969337508,,,,
456,2,ESM2,14,0.2719955465197563,0.1257248269021511,0.0895729893445968,0.8340625,0.8690625,1.1213683247566224,1.2433625483512878,0.1626359931007027,,,,
456,2,ESM2,15,0.2653875523805618,0.1245968216657638,0.0869589909166097,0.835625,0.8728125,1.126068992614746,1.2129323256015778,0.1429347922187298,0.8635650543682041,0.6252328458942633,0.6676670754416549,0.5115544739570652
456,2,ESM2,16,0.261761408150196,0.1218056170642375,0.0861222046613693,0.83625,0.8778125,1.1262981069087985,1.253018823862076,0.0554745182022452,,,,
456,2,ESM2,17,0.2514408215880394,0.1190300416946411,0.0832192065566778,0.845,0.8834375,1.2276479041576385,1.2962676572799685,0.116348851788789,,,,
456,2,ESM2,18,0.250022828578949,0.1150060594081878,0.0841573186963796,0.8471875,0.87875,1.2916038143634796,1.353587999343872,0.1415668633626774,,,,
456,2,ESM2,19,0.2404833090305328,0.1154759582877159,0.0802929084002971,0.854375,0.8903125,1.2311955738067626,1.3530524110794069,0.1227539863856509,,,,
456,2,ESM2,20,0.2466729918122291,0.1151981942355632,0.0839636949449777,0.8546875,0.884375,1.2690703976154327,1.33006418466568,0.214720094166696,0.8743877015373079,0.6317420322459693,0.7092695544531413,0.5982325105175508
456,2,ESM2,21,0.2458697819709777,0.1124959127604961,0.0845728993415832,0.8490625,0.8753125,1.2716971230506895,1.3159386253356933,0.0873682701215148,,,,
456,2,ESM2,22,0.2448628190159797,0.1154717890918254,0.0820237831771373,0.854375,0.8790625,1.284926381111145,1.3269449043273926,0.0902641836181283,,,,
456,2,ESM2,23,0.2333744812011718,0.1069162300229072,0.0808039040118455,0.861875,0.8840625,1.393218262195587,1.3679814958572387,0.0711160424910485,,,,
456,2,ESM2,24,0.228570861518383,0.1040955190360546,0.0808977682888507,0.875625,0.8840625,1.4551157474517822,1.3797059202194213,0.0793839619355276,,,,
456,2,ESM2,25,0.2315869134664535,0.1065793944150209,0.0797376177459955,0.86375,0.8875,1.439714057445526,1.409111077785492,0.0863088700082153,0.8629831271091114,0.6395290588676417,0.6514477853786972,0.6236926634455138
456,2,Fusion-ESM2,1,0.6518862986564636,0.2145452830195427,0.171451740860939,0.5875,0.605,0.1898836693167686,0.2507447781413793,-0.0021961229573935,,,,
456,2,Fusion-ESM2,2,0.3689146268367767,0.15333201110363,0.1222149100899696,0.78125,0.789375,0.6448678940534591,0.752673652768135,0.0939450643397867,,,,
456,2,Fusion-ESM2,3,0.2815077626705169,0.1225193832814693,0.0980507312715053,0.84375,0.8509375,1.0040594935417175,1.135919100046158,0.0805512388097122,,,,
456,2,Fusion-ESM2,4,0.2538937854766845,0.1153554152697324,0.088193242624402,0.8553125,0.870625,1.1703705525398254,1.350114668607712,0.0857462854636833,,,,
456,2,Fusion-ESM2,5,0.2326442408561706,0.1082394888997077,0.0809043769538402,0.86,0.8846875,1.229776473045349,1.4767838573455812,0.0436308321356773,0.8506546681664793,0.5837060367454069,0.1938205162523448,0.6744508027222808
456,2,Fusion-ESM2,6,0.2158123528957367,0.1009023733437061,0.0760623765736818,0.88375,0.891875,1.332189176082611,1.5961479830741885,0.0105545988853555,,,,
456,2,Fusion-ESM2,7,0.2083823163807392,0.0963183268159628,0.0742774324119091,0.8828125,0.896875,1.4740681886672973,1.619395227432251,0.0844086619839072,,,,
456,2,Fusion-ESM2,8,0.1972106935083866,0.0949863050878048,0.0692521268129348,0.88875,0.8996875,1.5553318858146667,1.7108595967292786,0.047103310348466,,,,
456,2,Fusion-ESM2,9,0.1939687965810299,0.0902321018278598,0.0706989522278308,0.8965625,0.8984375,1.591415753364563,1.7522452473640442,0.0369220134429633,,,,
456,2,Fusion-ESM2,10,0.1840657143294811,0.0886701598018407,0.0642915389686822,0.9009375,0.91,1.63900262594223,1.9487172436714173,0.0411430127546191,0.8465031871016124,0.6479400074990627,0.1348633968734935,0.8001299015705057
456,2,Fusion-ESM2,11,0.1737839153409004,0.0844730361551046,0.0622424584627151,0.9009375,0.91375,1.6892721581459045,1.9508878350257877,0.0541257772175595,,,,
456,2,Fusion-ESM2,12,0.1827012503147125,0.0871578574180603,0.0663473932817578,0.9028125,0.9040625,1.7519241499900815,1.919882199764252,0.1140342161711305,,,,
456,2,Fusion-ESM2,13,0.1791577717661857,0.0846867340058088,0.0648948815464973,0.909375,0.9059375,1.7516846752166748,1.9583402824401857,0.0626463451422751,,,,
456,2,Fusion-ESM2,14,0.1736504927277565,0.0834019368141889,0.0631808857619762,0.905,0.9125,1.7773594665527344,2.0330740237236022,0.0597260448988527,,,,
456,2,Fusion-ESM2,15,0.1679162842035293,0.0801717429608106,0.061692666336894,0.913125,0.915625,1.7985824418067933,2.0089482855796814,0.0801738817058503,0.8224581927259094,0.6717630296212974,-0.0599302767826288,0.8075084809222401
456,2,Fusion-ESM2,16,0.1670808365941047,0.080110672712326,0.0607382175326347,0.910625,0.9153125,1.8903484010696407,2.0355460906028746,0.0261946493107825,,,,
456,2,Fusion-ESM2,17,0.1622975718975067,0.0782007061690092,0.0588935467600822,0.9153125,0.92375,1.898166117668152,2.120274124145508,0.0464811531617306,,,,
456,2,Fusion-ESM2,18,0.1607816362380981,0.0781433629244566,0.058434913046658,0.9196875,0.92,1.9116663932800293,2.081915397644043,0.047516421561304,,,,
456,2,Fusion-ESM2,19,0.159230079203844,0.0806591397151351,0.055593536645174,0.9115625,0.9253125,1.8795245909690856,2.111008875370026,0.0256070777471177,,,,
456,2,Fusion-ESM2,20,0.1640057653933763,0.0776951494812965,0.0618092911690473,0.91375,0.9128125,1.9439111304283143,2.158185927867889,0.0391387891210615,0.8810648668916388,0.6610303712035996,0.4810641432673261,0.7269116910802172
456,2,Fusion-ESM2,21,0.1542006283998489,0.0757080432772636,0.0571556559950113,0.919375,0.9228125,1.965191216468811,2.099502182006836,0.0665592278167605,,,,
456,2,Fusion-ESM2,22,0.159833468645811,0.0772904492914676,0.0580968859046697,0.9153125,0.9221875,1.933004207611084,2.1177691054344177,0.0473134032916277,,,,
456,2,Fusion-ESM2,23,0.1512248961627483,0.0721790047734975,0.0562616028264164,0.92375,0.925625,2.0452942848205566,2.189359049797058,0.0617499910539481,,,,
456,2,Fusion-ESM2,24,0.1502747777104377,0.0735951283201575,0.0560138753801584,0.9203125,0.9209375,2.012674343585968,2.22871203660965,0.1357329370919615,,,,
456,2,Fusion-ESM2,25,0.1561906106770038,0.0753457456454634,0.0587572581321001,0.9184375,0.918125,2.041564524173737,2.15166787147522,0.0942579685337841,0.8673565804274468,0.6787521559805025,0.570919010216112,0.7959135705123717
456,2,OneHot,1,0.837408047914505,0.2445445099472999,0.2021260756254196,0.5153125,0.5675,0.1042258159443736,0.1482892462983727,0.0798045616433955,,,,
456,2,OneHot,2,0.4560775482654571,0.1770718944072723,0.1371824991703033,0.690625,0.7434375,0.538454363644123,0.6090332326292992,0.0281647413162863,,,,
456,2,OneHot,3,0.3135508224368095,0.1316059078276157,0.1069592021405696,0.8140625,0.8275,1.013796968460083,1.0121769046783446,0.0365655832085758,,,,
456,2,OneHot,4,0.2638107749819756,0.1159947967529296,0.0919100539386272,0.8471875,0.8596875,1.228978891372681,1.2412679243087767,0.0195880149654112,,,,
456,2,OneHot,5,0.2397304001450538,0.1073612375557422,0.0843349957466125,0.8659375,0.875,1.3654697704315186,1.3604040622711182,0.0200508742034435,0.8418957630296214,0.5928668916385452,0.6518532676302711,0.4601476683636622
456,2,OneHot,6,0.2247958624362945,0.1046380624920129,0.0795816620439291,0.86625,0.883125,1.4536147594451905,1.4399640798568725,0.0594395517744123,,,,
456,2,OneHot,7,0.2162811890244484,0.097154656201601,0.0787426429241895,0.8875,0.880625,1.5672846055030822,1.5365636610984803,0.066495544463396,,,,
456,2,OneHot,8,0.2132047554850578,0.0969849464297294,0.0763509881496429,0.8815625,0.89375,1.5771027278900147,1.6019993329048157,0.0383519754791632,,,,
456,2,OneHot,9,0.1968423125147819,0.0916851675510406,0.0710990022122859,0.891875,0.9003125,1.6789451766014098,1.664415066242218,0.0476497474854113,,,,
456,2,OneHot,10,0.201865065395832,0.0948496286571025,0.0719846276938915,0.8903125,0.8975,1.6683139300346377,1.676521463394165,0.0512960942933568,0.8716460442444695,0.6590746156730408,0.5051497890108184,0.7295063563467612
456,2,OneHot,11,0.183608730584383,0.08660305544734,0.0671934745460748,0.900625,0.9046875,1.72709862947464,1.7066418623924255,0.0782759015029296,,,,
456,2,OneHot,12,0.1795793423056602,0.0836781945824623,0.0654908470809459,0.9059375,0.9096875,1.7876402378082277,1.8035472345352173,0.0475073538906872,,,,
456,2,OneHot,13,0.1785225100815296,0.0847527964413166,0.0649337868392467,0.90125,0.9084375,1.7857952737808227,1.802858464717865,0.0362728436710313,,,,
456,2,OneHot,14,0.1688575366139412,0.0769364763051271,0.064471228569746,0.9115625,0.9078125,1.8811212968826292,1.836606342792511,0.0035704208910465,,,,
456,2,OneHot,15,0.1793728543817997,0.082559463456273,0.0666086431965232,0.9075,0.9090625,1.895796973705292,1.86103702545166,0.0459949830546975,0.8586036745406825,0.6271826021747283,0.4668722644622382,0.5934485964323604
456,2,OneHot,16,0.1710723052918911,0.0813785563409328,0.0624414980039,0.9115625,0.9109375,1.899438557624817,1.851073105335236,-0.0193127852492034,,,,
456,2,OneHot,17,0.1641972342133522,0.0763687344640493,0.0616799786314368,0.920625,0.9146875,1.944301326274872,1.9403687858581544,0.0248941896623,,,,
456,2,OneHot,18,0.1617416356503963,0.0769076837599277,0.0604442825913429,0.9165625,0.9165625,1.9629148387908932,1.9061239171028137,0.0368974613444879,,,,
456,2,OneHot,19,0.1574596247076988,0.0769016224145889,0.0576415368914604,0.918125,0.9215625,1.9346084260940557,1.977319848537445,0.0110775913856923,,,,
456,2,OneHot,20,0.1645946487784385,0.0784154710173606,0.0603028544038534,0.9190625,0.91875,1.9492712497711184,1.976346542835236,0.0264794233068823,0.8822827146606675,0.6961079865016873,0.6259834999798535,0.7107761164538967
456,2,OneHot,21,0.1582555028796196,0.0753327105939388,0.059977470934391,0.9209375,0.915625,1.9782189726829529,1.9581918835639955,0.0270301311754155,,,,
456,2,OneHot,22,0.1537192943692207,0.0759329451620578,0.0548526613786816,0.91375,0.921875,2.002710716724396,2.0641767716407777,-0.0009435378410853,,,,
456,2,OneHot,23,0.1543606998026371,0.0755092266947031,0.0567468538507819,0.924375,0.919375,2.0321186923980714,2.052386689186096,0.0718382762325927,,,,
456,2,OneHot,24,0.1519601163268089,0.0737273935228586,0.0557798969745636,0.9215625,0.924375,2.06751380443573,2.0958783650398254,0.050799462981522,,,,
456,2,OneHot,25,0.1497178095579147,0.0741079891473054,0.0546558417007327,0.9171875,0.9290625,2.0491718316078185,2.0826839923858644,0.0423713495489209,0.859395575553056,0.6796640419947507,0.4654936248068867,0.6755048854868141
456,3,ESM2,1,0.8763855290412903,0.2318622925877571,0.2134308448433876,0.521875,0.5053125,0.0244160415325313,0.0106976783275604,-0.0029237729124724,,,,
456,3,ESM2,2,0.8012516236305237,0.2195744040608406,0.179655869603157,0.5421875,0.51875,0.0451345558930188,0.0196670970320701,0.0218577750219264,,,,
456,3,ESM2,3,0.7435334384441376,0.213862397968769,0.1758556708693504,0.575,0.535,0.080437725149095,0.0547236716747283,0.090855387263,,,,
456,3,ESM2,4,0.5655585765838623,0.1999799221754074,0.1625033512711525,0.6359375,0.630625,0.19003955706954,0.2128062999248504,0.0864740057848394,,,,
456,3,ESM2,5,0.4600494235754013,0.1851489371061325,0.1414277097582817,0.695,0.73,0.3387001073360443,0.398820036649704,0.0948478817753493,0.7781537307836521,0.5883254593175854,0.5956534275621226,0.6073138389504548
456,3,ESM2,6,0.3913675045967102,0.1648979459702968,0.1264058753848075,0.743125,0.7878125,0.5526530921459198,0.5935165959596634,0.1188950909860432,,,,
456,3,ESM2,7,0.3585646152496338,0.1526509356498718,0.1191173194348812,0.7834375,0.8090625,0.6840748637914658,0.6672560226917267,0.1788218987360596,,,,
456,3,ESM2,8,0.3353070342540741,0.1501162871718406,0.1114241033792495,0.7928125,0.8271875,0.7416969007253646,0.7712826430797577,0.1988701082207262,,,,
456,3,ESM2,9,0.3136733955144882,0.141643238812685,0.1042585681378841,0.805,0.8490625,0.8416666090488434,0.853786027431488,0.1190773304551839,,,,
456,3,ESM2,10,0.3035229530930519,0.1401535037159919,0.1004056386649608,0.8075,0.860625,0.8792602896690369,0.9267160999774932,0.217772556822747,0.8438995125609299,0.6151481064866893,0.6443112977509957,0.6514231484817028
456,3,ESM2,11,0.2938610517978668,0.1345376202464103,0.0982806633412838,0.823125,0.864375,0.949684453010559,0.965402034521103,0.1598661603033542,,,,
456,3,ESM2,12,0.2821356868743896,0.1301956278085708,0.0939071705937385,0.8328125,0.874375,1.006388545036316,1.034985784292221,0.0672476679831743,,,,
456,3,ESM2,13,0.274416671693325,0.1254794679582119,0.0933394496142864,0.83375,0.866875,1.048615698814392,1.026207022666931,0.0713826683629304,,,,
456,3,ESM2,14,0.2747683241963387,0.1250331564247608,0.0936760275065898,0.8384375,0.8715625,1.0728930199146272,1.0409356188774108,0.1740496149752289,,,,
456,3,ESM2,15,0.2757793277502059,0.1276875351369381,0.0932500672340393,0.8325,0.87,1.0336869704723357,1.040588140487671,0.2394970976933837,0.8645429321334833,0.6389831271091115,0.6610171665158422,0.6093409211899423
456,3,ESM2,16,0.2603443613648414,0.1219303023815155,0.0887529439479112,0.8528125,0.8790625,1.146186569929123,1.093392435312271,0.1521956753358244,,,,
456,3,ESM2,17,0.2568716582655906,0.1200202330946922,0.0879302775859832,0.84875,0.8790625,1.1055162632465363,1.12631556391716,0.1379381758905947,,,,
456,3,ESM2,18,0.2471844509243965,0.1158820654451847,0.0860515765100717,0.8534375,0.87875,1.1613614249229431,1.147488435506821,0.1575456728041172,,,,
456,3,ESM2,19,0.2466458152234554,0.1155230133235454,0.0844980905205011,0.8565625,0.8828125,1.1984931671619414,1.2131255555152891,0.118909466273617,,,,
456,3,ESM2,20,0.2427109062671661,0.1124084147810935,0.0846861343085765,0.860625,0.8825,1.281589788198471,1.2068382549285888,0.0743434910476207,0.8692823397075367,0.5942107236595426,0.6325523124553514,0.4320117668795759
456,3,ESM2,21,0.2410454550385475,0.1157300744950771,0.0812797435373067,0.8534375,0.889375,1.2072690665721892,1.238038536310196,0.1220313924923539,,,,
456,3,ESM2,22,0.2398758959770202,0.1119673261046409,0.0839118651300668,0.86125,0.87875,1.2793016815185547,1.2167946100234983,0.1322100140899419,,,,
456,3,ESM2,23,0.2340359333157539,0.109106933325529,0.0820332513749599,0.8621875,0.88625,1.3346408128738405,1.2555324816703797,0.0029076046496629,,,,
456,3,ESM2,24,0.2395780736207962,0.1118930101394653,0.0835532487928867,0.8584375,0.88,1.2820024394989014,1.2580716836452484,0.174049243023619,,,,
456,3,ESM2,25,0.2250475579500198,0.1080864375829696,0.0774257319420576,0.8709375,0.898125,1.3180349969863892,1.3351343536376954,0.0698088311403989,0.8816467941507311,0.6224851893513311,0.6851028122593344,0.4894998191914413
456,3,Fusion-ESM2,1,0.7534198367595673,0.2371637523174286,0.1731116354465484,0.5609375,0.5896875,0.0815602458268404,0.1536283740215003,0.0326165317650884,,,,
456,3,Fusion-ESM2,2,0.4344691157341003,0.1703062099218368,0.1358891294896602,0.73625,0.743125,0.5042924910783768,0.5571688392758369,0.0628751874901354,,,,
456,3,Fusion-ESM2,3,0.3145214703679084,0.1324972364306449,0.108268913924694,0.829375,0.8225,0.9563465631008148,0.924713966846466,0.1110907458746805,,,,
456,3,Fusion-ESM2,4,0.2760567164421081,0.1206806609034538,0.0974002709984779,0.8490625,0.860625,1.0983781480789183,1.0682400107383727,0.0361829292587935,,,,
456,3,Fusion-ESM2,5,0.2515686443448067,0.1102050797641277,0.0898336587846279,0.865,0.865625,1.265980978012085,1.202923413515091,0.0558685126341879,0.8489808773903262,0.6140862392200975,0.5385615265405113,0.4595800853366058
456,3,Fusion-ESM2,6,0.2420362716913223,0.1076908800005912,0.087302598208189,0.8665625,0.8721875,1.3662344121932983,1.2765072727203368,0.0079268430895172,,,,
456,3,Fusion-ESM2,7,0.2301564735174179,0.10386229775846,0.0826514396816492,0.8740625,0.88,1.384539670944214,1.356436618566513,0.0443116306792944,,,,
456,3,Fusion-ESM2,8,0.2240493685007095,0.1014543155580759,0.0794828068464994,0.8825,0.89125,1.467881977558136,1.48283460855484,0.033518458455801,,,,
456,3,Fusion-ESM2,9,0.201891443580389,0.093699097931385,0.0734432712197303,0.89375,0.89,1.5804815435409545,1.5673456692695618,0.0708021801966242,,,,
456,3,Fusion-ESM2,10,0.1982492503523826,0.0909802629053592,0.0731236282736063,0.8965625,0.8984375,1.5989226222038269,1.6105963754653931,0.0942780152987688,0.84518335208099,0.6341357330333709,0.4511395531011692,0.5549340338820977
456,3,Fusion-ESM2,11,0.1906588481366634,0.0878006273508072,0.0706222062557935,0.9003125,0.9,1.7263321733474732,1.5943541812896729,0.0137250395305454,,,,
456,3,Fusion-ESM2,12,0.1902377706766128,0.0883027287572622,0.0702215915173292,0.8996875,0.899375,1.7198973774909974,1.6828801584243775,0.0573263630922883,,,,
456,3,Fusion-ESM2,13,0.18042166441679,0.0857232511788606,0.0650495887547731,0.9065625,0.91125,1.777469871044159,1.8026021194458008,0.0369443137943744,,,,
456,3,Fusion-ESM2,14,0.1771000111103058,0.0813160543888807,0.0660590203851461,0.9128125,0.9075,1.7538112330436706,1.8016461205482484,0.0163608320594357,,,,
456,3,Fusion-ESM2,15,0.1758736066520214,0.0827886389195919,0.0643511321023106,0.9109375,0.905625,1.8482885241508484,1.7950952386856078,0.0659626172715798,0.8588196475440572,0.6294323209598801,0.6711542228051908,0.4689857469278278
456,3,Fusion-ESM2,16,0.1751753407716751,0.0811866468936204,0.0655360048264265,0.9103125,0.9021875,1.869247386455536,1.83378999710083,0.0077123347891028,,,,
456,3,Fusion-ESM2,17,0.1736066932976246,0.0787845672667026,0.0668495426699519,0.9159375,0.9078125,1.8929927992820736,1.8560920476913447,0.0701477725544828,,,,
456,3,Fusion-ESM2,18,0.1636887295544147,0.0787903790175914,0.0601554749161005,0.9175,0.91625,1.9167552065849305,1.91775408744812,0.0027681005129124,,,,
456,3,Fusion-ESM2,19,0.1638836419582366,0.0781967986375093,0.0599035137146711,0.92,0.9171875,1.9569327592849728,1.996111469268799,0.0641464906372129,,,,
456,3,Fusion-ESM2,20,0.1594957989454269,0.0753399726003408,0.0599506967887282,0.9203125,0.9171875,2.0167517852783203,2.010705065727234,0.0467818827426526,0.859989501312336,0.6870851143607051,0.5479687147770269,0.7150735308016102
456,3,Fusion-ESM2,21,0.1604236917197704,0.0767245298624038,0.0587327371537685,0.9190625,0.9196875,1.9866175389289853,2.029119443893433,0.0278230171109316,,,,
456,3,Fusion-ESM2,22,0.156023923009634,0.0732329187169671,0.0584444440901279,0.923125,0.91875,2.0243634486198427,2.1009692215919493,0.0720213735708966,,,,
456,3,Fusion-ESM2,23,0.1640413175523281,0.0800059813261032,0.0596073146909475,0.9103125,0.920625,1.971352581977844,2.0591736936569216,0.0588811870571225,,,,
456,3,Fusion-ESM2,24,0.1571276322007179,0.0767549031227827,0.0571323660388588,0.9159375,0.9175,1.9921919870376588,2.0932699155807497,0.0922884686663746,,,,
456,3,Fusion-ESM2,25,0.1553879022598266,0.0730431512743234,0.0582974803820252,0.925625,0.9203125,2.094456217288971,2.0658303928375243,0.0297358139138668,0.8819467566554182,0.658936632920885,0.7121890266644739,0.5969351778842787
456,3,OneHot,1,0.8006485474109649,0.2437770381569862,0.1761971035599708,0.580625,0.5559375,0.1069097992032766,0.0697508416511118,-0.0092268339917063,,,,
456,3,OneHot,2,0.4380056375265121,0.1719187471270561,0.1357193073630332,0.7328125,0.745625,0.5918880295753479,0.4570989197492599,0.1067170405574143,,,,
456,3,OneHot,3,0.2974796515703201,0.1271838407218456,0.1048706625401973,0.8321875,0.840625,1.1245686304569245,0.8764258921146393,0.1156055667297914,,,,
456,3,OneHot,4,0.2637130346894264,0.107561827301979,0.098834071457386,0.87125,0.86,1.3702209877967837,1.0044091284275054,0.0256322490051388,,,,
456,3,OneHot,5,0.2465439209342003,0.1075470452010631,0.0899913848191499,0.869375,0.8728125,1.4516560292243958,1.1217903208732605,0.0626348590478301,0.8562939632545933,0.597870266216723,0.4290002221652319,0.5058786436865004
456,3,OneHot,6,0.2243416991829872,0.0995677016675472,0.0832852090895175,0.8853125,0.8778125,1.5683477997779849,1.2737608277797698,0.0514264281233772,,,,
456,3,OneHot,7,0.2181074637174606,0.0952354466170072,0.0811683022230863,0.8853125,0.8853125,1.6476993012428285,1.373353670835495,0.0253622506186366,,,,
456,3,OneHot,8,0.21064417719841,0.0953719167411327,0.0777648995816707,0.8884375,0.8909375,1.627445442676544,1.3761644768714905,0.0599535999400541,,,,
456,3,OneHot,9,0.2052765737473964,0.0940659227222204,0.0747087548673152,0.89875,0.893125,1.7166596722602845,1.4871103382110595,0.0883184881368652,,,,
456,3,OneHot,10,0.1881341937184333,0.0873329764604568,0.0696772470325231,0.900625,0.9065625,1.77085529088974,1.5584031915664671,0.0372900849767029,0.8674825646794152,0.6262167229096364,-0.0081907414817936,0.5584206153340162
456,3,OneHot,11,0.1884668880701065,0.0835597045719623,0.0709922478348016,0.908125,0.90875,1.856095325946808,1.6009487009048462,0.0135816300939768,,,,
456,3,OneHot,12,0.1810168999433517,0.0844623470306396,0.0671453670412302,0.9075,0.9115625,1.843533706665039,1.6288001561164855,0.0140352723374962,,,,
456,3,OneHot,13,0.1762072512507438,0.0803643906861543,0.0667480405420064,0.9115625,0.9071875,1.8707252216339112,1.6650479674339294,0.069985804958269,,,,
456,3,OneHot,14,0.1763308158516884,0.0806820497661829,0.0656508709490299,0.91125,0.9075,1.937548794746399,1.745969099998474,0.0223472669930197,,,,
456,3,OneHot,15,0.1677573169767856,0.0766724824160337,0.0642934018373489,0.91375,0.9125,1.9744097685813904,1.7171708703041078,0.006912126133684,0.8734818147731533,0.6742827146606675,0.3482281576517024,0.7672911692908082
456,3,OneHot,16,0.1713739804923534,0.0790224739909172,0.0647811352461576,0.91875,0.91375,2.075129110813141,1.8050229239463809,0.101429940710077,,,,
456,3,OneHot,17,0.1684230114519596,0.0791161881387233,0.0629723893851041,0.91625,0.914375,2.004622359275818,1.7981195211410523,0.0840052461717277,,,,
456,3,OneHot,18,0.1631405958533287,0.074520671442151,0.0640440758317709,0.9203125,0.9096875,2.012774991989136,1.79902334690094,0.0554356544918846,,,,
456,3,OneHot,19,0.1590235437452793,0.0750678922235965,0.0604273476824164,0.920625,0.9134375,2.066689374446869,1.8856710815429687,0.0658487826306372,,,,
456,3,OneHot,20,0.1606889930367469,0.0747215609252452,0.0607876988500356,0.9209375,0.9190625,2.0858167099952696,1.8913632607460025,0.0044528959365561,0.8763914510686165,0.6703292088488939,0.3523640766177566,0.5253386331855803
456,3,OneHot,21,0.1526153467595577,0.0734932725876569,0.0562822926044464,0.915,0.925,2.0748279333114623,1.977057168483734,0.0093347556050866,,,,
456,3,OneHot,22,0.1481992837786674,0.0707499324530363,0.0555351628363132,0.925625,0.92875,2.1308284640312194,2.0005692267417907,0.0187689349695574,,,,
456,3,OneHot,23,0.1493521033227443,0.0728876398876309,0.0547114055976271,0.9175,0.925625,2.0604127836227417,2.046299591064453,0.035462109693326,,,,
456,3,OneHot,24,0.1527224840223789,0.0735104925185441,0.0566772861406207,0.9240625,0.923125,2.0818336462974547,1.997422626018524,0.0609090972319245,,,,
456,3,OneHot,25,0.1516674035787582,0.072150959521532,0.0568039637058973,0.926875,0.9225,2.145964729785919,2.016337342262268,0.0592929235659539,0.8824026996625423,0.6690153730783653,0.3552024523787742,0.7674533358699672
456,4,ESM2,1,0.978634353876114,0.2525626695156097,0.2097297215461731,0.4871875,0.5171875,-0.0038371690921485,0.0174132582172751,-0.0159170583417289,,,,
456,4,ESM2,2,0.893506474494934,0.2321316441893577,0.193002994954586,0.5421875,0.5128125,-0.0032399478927254,0.0190094242244958,-0.0058421236742287,,,,
456,4,ESM2,3,0.757499611377716,0.2228435891866683,0.1765301972627639,0.5378125,0.5853125,0.0124331407807767,0.1177788569964468,0.004551310398383,,,,
456,4,ESM2,4,0.6405695682764053,0.2149527698755264,0.1643452262878418,0.5446875,0.6296875,0.0653590802662074,0.2426659980416298,0.0671708306297659,,,,
456,4,ESM2,5,0.5089078384637833,0.1996939104795456,0.1435409894585609,0.64125,0.7221875,0.2329118975996971,0.4374404633045196,0.097945280810818,0.7777457817772778,0.5871256092988377,0.5941936914564564,0.5936107630115193
456,4,ESM2,6,0.4120545387268066,0.1771819028258323,0.1226844364404678,0.72125,0.79,0.4388933050632477,0.7395142358541489,0.1317292474396526,,,,
456,4,ESM2,7,0.3580036002397537,0.16445666000247,0.1073856423795223,0.761875,0.8253125,0.5754501539468765,0.931569344997406,0.1771953931264579,,,,
456,4,ESM2,8,0.3310225236415863,0.1558575730025768,0.1001350411772728,0.7890625,0.843125,0.6668987083435058,1.052387833595276,0.1597289039567113,,,,
456,4,ESM2,9,0.3121874129772186,0.1473375178873538,0.0949248158931732,0.8003125,0.8575,0.7764890706539154,1.1934837675094605,0.1376195455575362,,,,
456,4,ESM2,10,0.2967969331145286,0.1390787330269813,0.0936146134883165,0.8153125,0.86,0.8357129526138306,1.1919203305244446,0.1461724008712917,0.8349546306711662,0.6006779152605926,0.6143056111345239,0.6039083407881157
456,4,ESM2,11,0.3019691255688667,0.1430328065156936,0.0930423793196678,0.804375,0.8628125,0.8135506665706634,1.22876882314682,0.2654038734792266,,,,
456,4,ESM2,12,0.2889092293381691,0.1377456949651241,0.0917283114045858,0.806875,0.8640625,0.8965110766887665,1.2182026839256286,0.2457715814188122,,,,
456,4,ESM2,13,0.2773122480511665,0.1331666658818721,0.0861693328619003,0.819375,0.8696875,0.9706566143035888,1.3269045233726502,0.1784771847166121,,,,
456,4,ESM2,14,0.2727790042757988,0.1293629182875156,0.0872964461147785,0.829375,0.868125,0.9772038865089416,1.353189308643341,0.1610044839605689,,,,
456,4,ESM2,15,0.2691171932220459,0.1271253286302089,0.0861258751153945,0.8303125,0.871875,1.013034191131592,1.3583808636665344,0.1672510850802064,0.8590116235470566,0.6213753280839895,0.664909796130952,0.6048002569734903
456,4,ESM2,16,0.258661238849163,0.1253513804078102,0.0821979129314422,0.8375,0.8778125,1.049222288131714,1.3936319994926452,0.144552872814238,,,,
456,4,ESM2,17,0.2557005921006203,0.1217485332489013,0.0843785232305526,0.84125,0.876875,1.06752601146698,1.3290104126930238,0.0904263865761458,,,,
456,4,ESM2,18,0.254664137661457,0.1209764263033866,0.0823871261626482,0.8509375,0.880625,1.125981352329254,1.4263219261169433,0.1009482275927439,,,,
456,4,ESM2,19,0.245517371892929,0.120128371566534,0.0795025736093521,0.8428125,0.8871875,1.1624820196628571,1.4842184901237487,0.1317479075957089,,,,
456,4,ESM2,20,0.2442455473542213,0.1160222029685974,0.0800966016203165,0.85,0.8875,1.1591256415843965,1.4850488781929017,0.1307589461281895,0.8809808773903264,0.6067491563554557,0.7095128438040859,0.5799887703621632
456,4,ESM2,21,0.2385570263862609,0.1113223135471344,0.0806452567130327,0.860625,0.8875,1.241592183113098,1.4657502365112305,0.0813795987330377,,,,
456,4,ESM2,22,0.2445098894834518,0.1168603551387786,0.0806518794596195,0.8503125,0.8828125,1.2155540323257443,1.4724019193649291,0.2129170489567332,,,,
456,4,ESM2,23,0.2412092107534408,0.1140964701771736,0.0792714100331068,0.86,0.8840625,1.2556113851070403,1.5073342490196229,0.1158308470272459,,,,
456,4,ESM2,24,0.2433945789933204,0.1146171720325946,0.0815485542267561,0.8540625,0.890625,1.2350577187538148,1.529176833629608,0.1891982054058462,,,,
456,4,ESM2,25,0.2332115599513053,0.1093741013109684,0.0782118716090917,0.8653125,0.8865625,1.3346377992630003,1.517985291481018,0.1053231240808963,0.8868541432320962,0.6198095238095238,0.6043307477458049,0.6226385806809803
456,4,Fusion-ESM2,1,0.7974105995893478,0.2372604188323021,0.1775955095887184,0.533125,0.539375,0.1034912908449769,0.0640059668570756,0.0094406362622976,,,,
456,4,Fusion-ESM2,2,0.4597750270366669,0.1747040389478206,0.142051036208868,0.72,0.7275,0.497587040066719,0.3783535496145487,0.0526032063062302,,,,
456,4,Fusion-ESM2,3,0.3030957999825477,0.12858961597085,0.1096744999289512,0.8325,0.8359375,0.986720769405365,0.7244673311710358,0.0251939300121739,,,,
456,4,Fusion-ESM2,4,0.2559446415305138,0.1088989788293838,0.0974237877130508,0.8690625,0.87,1.250216817855835,0.9128964793682098,0.0507556857727468,,,,
456,4,Fusion-ESM2,5,0.2476660913228988,0.1068508967757225,0.092851068302989,0.87125,0.864375,1.3205717253684996,1.0152087438106536,0.0575585184308874,0.8535823022122235,0.5993160854893138,0.4139162824066812,0.5648261952107967
456,4,Fusion-ESM2,6,0.2296335914731025,0.0981754171848297,0.0875897468626499,0.8821875,0.884375,1.5002187776565552,1.1274458539485932,0.0718129270151257,,,,
456,4,Fusion-ESM2,7,0.2198152989149093,0.0982520252466201,0.0826435509324073,0.889375,0.890625,1.53801420211792,1.2123334193229676,0.07431894807145,,,,
456,4,Fusion-ESM2,8,0.2054638694226741,0.0918654631823301,0.0788372486829757,0.8978125,0.8903125,1.6276192998886108,1.2893221688270569,0.0545615043491125,,,,
456,4,Fusion-ESM2,9,0.2052769015729427,0.0926433509588241,0.0770513498783111,0.900625,0.8940625,1.6739450097084043,1.3627916264533997,0.060445584859699,,,,
456,4,Fusion-ESM2,10,0.1840135563910007,0.0849836105853319,0.0699524652212858,0.91,0.90875,1.7293011140823364,1.4716841101646423,0.0780145937245106,0.8625631796025498,0.6011398575178103,0.4079962415337016,0.2151950505439929
456,4,Fusion-ESM2,11,0.1815623463690281,0.0817330245673656,0.0701927658915519,0.9115625,0.9084375,1.7931904268264771,1.5181953930854797,0.0357847003219649,,,,
456,4,Fusion-ESM2,12,0.1852586807310581,0.0838897112011909,0.0710173616558313,0.908125,0.899375,1.7796744799613953,1.5518755865097047,0.0729601630941033,,,,
456,4,Fusion-ESM2,13,0.1828111860156059,0.0820047099143266,0.0706306586414575,0.915,0.90125,1.837760796546936,1.556412379741669,0.0799121556710451,,,,
456,4,Fusion-ESM2,14,0.1701974283158779,0.0777151736617088,0.0648688889294862,0.916875,0.91625,1.9288842821121213,1.6872938346862794,0.0241447516385233,,,,
456,4,Fusion-ESM2,15,0.1723574149608612,0.0789440785348415,0.0665230470150709,0.9196875,0.910625,1.946306998729706,1.6539929842948913,-0.0075499906344339,0.8793790776152982,0.652265466816648,0.5998704429784915,0.6596125607292322
456,4,Fusion-ESM2,16,0.169808269739151,0.0781580140441656,0.063800281882286,0.9175,0.91875,1.9505410623550412,1.7203007793426517,-0.0247726878107641,,,,
456,4,Fusion-ESM2,17,0.1686597137153148,0.0770529025048017,0.0647373402118682,0.9171875,0.914375,2.034012722969055,1.732049877643585,0.0293811065331101,,,,
456,4,Fusion-ESM2,18,0.1710833641886711,0.0754345583170652,0.0677296259999275,0.9196875,0.9115625,2.024864683151245,1.7083590960502624,0.05071874605841,,,,
456,4,Fusion-ESM2,19,0.1620731347799301,0.0765380802750587,0.0610318124294281,0.9175,0.9153125,1.990290877819061,1.7868157958984374,0.0161282168119214,,,,
456,4,Fusion-ESM2,20,0.1697105085849762,0.0791300812363624,0.0648983488976955,0.9159375,0.91,2.0204206323623657,1.7701662755012513,0.0350119557324796,0.863889013873266,0.6335658042744657,0.4690618686207375,0.5297982141124528
456,4,Fusion-ESM2,21,0.163337714523077,0.075404654815793,0.0619927766174078,0.919375,0.9121875,2.054863350391388,1.81924884557724,0.0448281377507373,,,,
456,4,Fusion-ESM2,22,0.1581637665629386,0.0730569852143526,0.0606403931975364,0.9215625,0.9171875,2.047992210388184,1.8660488104820248,0.0470887284912169,,,,
456,4,Fusion-ESM2,23,0.1573646342754364,0.0736181299388408,0.0592770964652299,0.925625,0.925,2.0374880695343016,1.867992253303528,0.0001703159778844,,,,
456,4,Fusion-ESM2,24,0.1582100243866443,0.0765156926959753,0.0593968515843153,0.919375,0.9215625,2.034381582736969,1.8529247093200685,0.0859544001799076,,,,
456,4,Fusion-ESM2,25,0.1538019283115863,0.0737370131909847,0.0575466810911893,0.9253125,0.921875,2.08467613697052,1.9233257746696475,0.0726407179469242,0.8617712785901762,0.6339677540307462,0.3685833666807143,0.4952567327515857
456,4,OneHot,1,0.7742155712842941,0.2333645617961883,0.1771669048070907,0.5484375,0.5715625,0.0829599649831652,0.1101084450259804,-0.0176074308948591,,,,
456,4,OneHot,2,0.4177210468053818,0.1692662687599659,0.1323369780182838,0.744375,0.7628125,0.5347923430800438,0.5049823564291,0.1009227470471523,,,,
456,4,OneHot,3,0.3094211918115616,0.1299283769726753,0.1102982549369335,0.841875,0.83375,0.9460813760757446,0.7783956450223922,0.0492466372437775,,,,
456,4,OneHot,4,0.2642522245645523,0.1130488392710685,0.0977369257807731,0.8625,0.860625,1.2030167174339297,0.9872217977046966,0.0299398965295404,,,,
456,4,OneHot,5,0.2452961933612823,0.1047799105197191,0.092502841502428,0.88,0.8734375,1.3450350546836851,1.071166033744812,0.066488331221044,0.8561439820022498,0.55585151856018,0.1475144431226005,0.2961161735443339
456,4,OneHot,6,0.2291698995232582,0.1011155806481838,0.0865365006774663,0.8859375,0.8846875,1.4034434843063357,1.1599716877937316,0.0239178838487714,,,,
456,4,OneHot,7,0.2118614169955253,0.091836210116744,0.0817792231589555,0.8996875,0.88875,1.537317645549774,1.2810892271995544,0.0326990429125726,,,,
456,4,OneHot,8,0.2000769819319248,0.0891548232734203,0.0767313696444034,0.900625,0.8965625,1.6271953916549682,1.3718739819526673,0.041306333951652,,,,
456,4,OneHot,9,0.196166566312313,0.0886376544833183,0.074861841276288,0.903125,0.90125,1.6883850407600405,1.4105788278579712,0.0447446709731593,,,,
456,4,OneHot,10,0.1846799466013908,0.0821537496149539,0.0720787849277257,0.9175,0.901875,1.7769740915298462,1.467202184200287,0.0579496250860393,0.8562759655043121,0.5785106861642294,0.0733111910845689,0.2284116267454514
456,4,OneHot,11,0.181487797498703,0.0810292250663042,0.0703036522865295,0.9115625,0.9034375,1.839077813625336,1.5374174666404723,0.0217800530255772,,,,
456,4,OneHot,12,0.1846907392144203,0.0818857559561729,0.0717135591804981,0.916875,0.901875,1.8737972164154053,1.5434469556808472,0.0609098627418279,,,,
456,4,OneHot,13,0.1752684636414051,0.0785221857577562,0.0680787453800439,0.9203125,0.9159375,1.9300706362724305,1.5914703798294068,0.047664949176833,,,,
456,4,OneHot,14,0.1689019672572612,0.079056846871972,0.0641444791853427,0.9153125,0.913125,1.9031689834594727,1.6498078966140748,0.0520420400239527,,,,
456,4,OneHot,15,0.1695186106860637,0.0807538752257824,0.0626121778786182,0.9178125,0.915625,1.9119941425323488,1.757446930408478,0.0678714664187282,0.8787191601049869,0.6617982752155982,0.6048173264476936,0.5402579584682083
456,4,OneHot,16,0.1663051296770572,0.0772456382960081,0.0626825499162078,0.9209375,0.9184375,1.9481267786026,1.7592305159568786,0.0316729374579154,,,,
456,4,OneHot,17,0.1627149564027786,0.0724310741573572,0.0648809682577848,0.92875,0.9103125,2.0488402247428894,1.7561421179771424,0.0286579647846519,,,,
456,4,OneHot,18,0.1575523126125335,0.0737898717075586,0.0604893179237842,0.92625,0.91625,2.0441237568855284,1.7885758137702945,0.0208286360139027,,,,
456,4,OneHot,19,0.1605307771265506,0.0743742072582244,0.0622188290953636,0.9165625,0.9134375,2.0713128447532654,1.824212646484375,-0.0213067290536127,,,,
456,4,OneHot,20,0.1577094551920891,0.0727569925785064,0.0608763967454433,0.9234375,0.9234375,2.11159905910492,1.876553795337677,-0.01713338509202,0.8780652418447694,0.6516655418072741,0.5414809987518437,0.6829645481281281
456,4,OneHot,21,0.1523601150512695,0.0711483769118785,0.058862120732665,0.9278125,0.9228125,2.10705404996872,1.896491482257843,-0.0473512481478974,,,,
456,4,OneHot,22,0.1521351261436939,0.0691479026153683,0.0602675326913595,0.93,0.91625,2.148759489059448,1.8770274996757508,0.0253614662401378,,,,
456,4,OneHot,23,0.1438356455415487,0.0659467509016394,0.0572062584012746,0.93125,0.925,2.202495691776276,1.898895149230957,0.0621282335696741,,,,
456,4,OneHot,24,0.1454473668336868,0.0674170353263616,0.0569781244546175,0.933125,0.92,2.219383466243744,1.949829671382904,0.0640305852144956,,,,
456,4,OneHot,25,0.1450554132461547,0.0675527283921837,0.057229773029685,0.9278125,0.924375,2.187784695625305,1.931475622653961,0.0276791491918265,0.8692583427071616,0.6253348331458569,0.3604737216492355,0.0553798867827984
456,5,ESM2,1,0.890268098115921,0.2362916207313537,0.2032414677739143,0.465,0.51125,0.0208302827924489,0.0204453514516353,0.0759312887955457,,,,
456,5,ESM2,2,0.831509485244751,0.2261301732063293,0.1823932814598083,0.4921875,0.5309375,0.0105555580370128,0.0369821759872138,0.037522353157401,,,,
456,5,ESM2,3,0.7185053718090058,0.2188361850380897,0.1709633922576904,0.5290625,0.574375,0.0411687859520316,0.1183833606913685,0.0580982592271175,,,,
456,5,ESM2,4,0.5906741589307785,0.211596015393734,0.1561091518402099,0.5853125,0.665,0.1159881254658103,0.2610918086767196,0.1078323776368051,,,,
456,5,ESM2,5,0.4733173388242722,0.1955361399054527,0.135443549901247,0.6478125,0.739375,0.2522541938722134,0.4854785031080246,0.1477480825223028,0.7303577052868392,0.5894533183352081,0.5624038829330592,0.6288819939786018
456,5,ESM2,6,0.4032450217008591,0.1767152714729309,0.1206032291054725,0.7215625,0.80125,0.412522759437561,0.6722209072113037,0.2485762881301343,,,,
456,5,ESM2,7,0.3624907976388931,0.165492160320282,0.1095679591596126,0.750625,0.8246875,0.5220546025037766,0.8311343491077423,0.2715535504929721,,,,
456,5,ESM2,8,0.3385233223438263,0.1580158218741417,0.1035440132021904,0.774375,0.8409375,0.6179367512464523,0.9646313226222992,0.2073610829934477,,,,
456,5,ESM2,9,0.3234251743555069,0.1533839292824268,0.0965426121652126,0.7875,0.8571875,0.6673051732778549,1.0831233417987824,0.1371334214881062,,,,
456,5,ESM2,10,0.30075249761343,0.1434912844002246,0.0929624491930008,0.8028125,0.864375,0.7655565291643143,1.1068238365650176,0.1646716495975852,0.8227341582302212,0.6138762654668167,0.6007625039319542,0.6005028426257768
456,5,ESM2,11,0.3046075102686882,0.1454433396458626,0.0929086820781231,0.793125,0.866875,0.7770756828784943,1.163173497915268,0.1815793232037685,,,,
456,5,ESM2,12,0.294096730351448,0.1417380431294441,0.0910660446435213,0.8059375,0.8675,0.8315134012699127,1.155499118566513,0.2313344505615532,,,,
456,5,ESM2,13,0.2867806637287139,0.1377986878156662,0.0891370904445648,0.80375,0.871875,0.8858936822414398,1.1769897437095642,0.1625453139469027,,,,
456,5,ESM2,14,0.2767534855008125,0.1321203759312629,0.0866270893067121,0.8228125,0.8759375,0.9452064049243928,1.2837764096260071,0.1062195420823991,,,,
456,5,ESM2,15,0.2723027354478836,0.1279748471081256,0.0882304282486438,0.8278125,0.8725,0.9897250962257386,1.2401957297325137,0.160097237797454,0.8566539182602174,0.6204334458192727,0.6739115021158936,0.6352064905658028
456,5,ESM2,16,0.2708005154132843,0.1310218100249767,0.0853846330940723,0.8203125,0.873125,0.9482829236984252,1.2709432673454284,0.2206402617506682,,,,
456,5,ESM2,17,0.2604324179887771,0.127496146261692,0.0820611234754324,0.81875,0.88375,1.032297055721283,1.3241028237342831,0.1652295554243028,,,,
456,5,ESM2,18,0.2677825573086738,0.1290998892486095,0.0849849607050418,0.8171875,0.8834375,0.9966076123714448,1.3434352850914002,0.154758231966407,,,,
456,5,ESM2,19,0.2652118882536888,0.1259186080098152,0.0856173346191644,0.830625,0.87625,1.1145028293132782,1.3130289244651794,0.2177147932350635,,,,
456,5,ESM2,20,0.2599464854598045,0.1266664883494377,0.082727777659893,0.8340625,0.8796875,1.1035178124904632,1.3232915997505188,0.1709153877198696,0.8746576677915261,0.6198935133108363,0.7188389355902866,0.5975838442009147
456,5,ESM2,21,0.2613854411244392,0.1230655822157859,0.0844192034006118,0.8359375,0.881875,1.115562218427658,1.3571783208847046,0.1579829856217839,,,,
456,5,ESM2,22,0.2529487559199333,0.12008688762784,0.0827243277430534,0.843125,0.8821875,1.1247075641155242,1.3792749953269958,0.0380918349791318,,,,
456,5,ESM2,23,0.2462756595015525,0.1160737180709838,0.0810385355353355,0.848125,0.88125,1.196088479757309,1.43481481552124,0.1388345477124676,,,,
456,5,ESM2,24,0.2424815654754638,0.1172102639079094,0.0789799205958843,0.8446875,0.8953125,1.209150984287262,1.4865722465515137,0.1407925978302955,,,,
456,5,ESM2,25,0.2420297414064407,0.1139398734271526,0.0805422197282314,0.85125,0.8896875,1.240193943977356,1.4072372508049011,0.0770934191998094,0.875119610048744,0.6178537682789652,0.6964563153034048,0.6733156366681676
456,5,Fusion-ESM2,1,0.8143594622611999,0.2464251002669334,0.1807147333025932,0.5528125,0.5646875,0.107278366163373,0.0860398043692112,0.0354763522185385,,,,
456,5,Fusion-ESM2,2,0.4327714347839355,0.174463887065649,0.1320670373737812,0.7234375,0.7571875,0.6531043097376823,0.5235208141803741,0.0412956314533948,,,,
456,5,Fusion-ESM2,3,0.3055334839224815,0.1348394221067428,0.1023983870446682,0.816875,0.8396875,1.0745595145225524,0.9003023386001587,0.0313973789484589,,,,
456,5,Fusion-ESM2,4,0.2693940043449402,0.1189629912376403,0.0942752093076706,0.8471875,0.8690625,1.264089801311493,1.0476569640636444,0.0516280843317508,,,,
456,5,Fusion-ESM2,5,0.2483113521337509,0.1097140957415103,0.0896172128617763,0.8628125,0.871875,1.4356058287620543,1.144526137113571,-0.0017097241338342,0.8667146606674168,0.6090528683914511,0.6253347283773353,0.6429904863654348
456,5,Fusion-ESM2,6,0.2309511938691139,0.1031603553891181,0.0828367747366428,0.8778125,0.88625,1.539508707523346,1.2487821650505069,0.0314029543939977,,,,
456,5,Fusion-ESM2,7,0.2127676975727081,0.0963745703548192,0.0781370838731527,0.885,0.891875,1.625371413230896,1.3509097647666932,0.0040787155274301,,,,
456,5,Fusion-ESM2,8,0.2179359444975853,0.0974432611465454,0.0799196173250675,0.885,0.890625,1.6536115574836732,1.3921002125740052,0.0450758603401482,,,,
456,5,Fusion-ESM2,9,0.2035759507119655,0.0910397590696811,0.0757689157128334,0.8928125,0.8959375,1.7340284419059753,1.4438052654266358,0.0426533870212733,,,,
456,5,Fusion-ESM2,10,0.1964170259237289,0.0889926908910274,0.0726403507590293,0.9009375,0.8996875,1.8006132411956788,1.538404631614685,0.0383678545570001,0.8477450318710162,0.6240209973753282,0.4967968546283951,0.6970730405149612
456,5,Fusion-ESM2,11,0.1989744746685028,0.0901134454458952,0.0736177100241184,0.8959375,0.9015625,1.7936065077781678,1.5602668476104735,0.0574648991413414,,,,
456,5,Fusion-ESM2,12,0.1862623055279255,0.0830975607037544,0.0705672833323478,0.909375,0.90625,1.8689840579032897,1.6339141750335693,0.054563123518601,,,,
456,5,Fusion-ESM2,13,0.1871015039086342,0.086566569507122,0.0682943352311849,0.9040625,0.9084375,1.8773326301574704,1.652616136074066,0.0094746743235737,,,,
456,5,Fusion-ESM2,14,0.1834579147398471,0.0841296047717332,0.068057344481349,0.908125,0.905,1.8874268579483031,1.6873177790641785,0.0201888679154217,,,,
456,5,Fusion-ESM2,15,0.1791647291183471,0.085140513330698,0.0661782549321651,0.90625,0.9090625,1.9178292346000672,1.7156878924369812,0.0814536549500189,0.8624251968503939,0.689124859392576,0.5253428051392008,0.7142626979058152
456,5,Fusion-ESM2,16,0.1767488765716552,0.079485014155507,0.0674811248481273,0.9103125,0.90875,1.9617353868484495,1.72852388381958,0.0336824037041515,,,,
456,5,Fusion-ESM2,17,0.173735362291336,0.0817154487222433,0.0639676544815301,0.9146875,0.9134375,2.036970977783203,1.8016911816596983,0.0074260463519021,,,,
456,5,Fusion-ESM2,18,0.1729397064447403,0.0819773568958044,0.0629812575131654,0.9084375,0.91,1.9394927883148196,1.8124192023277284,0.0212632760964334,,,,
456,5,Fusion-ESM2,19,0.1680049702525138,0.0768940453231334,0.0649859967082738,0.920625,0.9115625,2.0436150765419008,1.819648532867432,0.0512531927227973,,,,
456,5,Fusion-ESM2,20,0.1658891469240188,0.0798404190689325,0.0602700702100992,0.9171875,0.9165625,1.995839126110077,1.8904215502738952,0.0027297498006373,0.8629351331083615,0.6715770528683914,0.4484633702407812,0.7646154207346846
456,5,Fusion-ESM2,21,0.1655085626244544,0.0784765485674142,0.0614833603799343,0.9146875,0.918125,2.01184937953949,1.9162312269210813,0.0442840716755017,,,,
456,5,Fusion-ESM2,22,0.1627617585659027,0.0789245282113552,0.0597523991018533,0.9171875,0.9190625,2.0141607832908632,1.944875378608704,0.0478884315676987,,,,
456,5,Fusion-ESM2,23,0.1593144483864307,0.0740116717666387,0.0595331985130906,0.923125,0.9190625,2.1016540217399595,1.9587891507148745,0.0294115526694804,,,,
456,5,Fusion-ESM2,24,0.1577765193581581,0.075696170926094,0.0585763639211654,0.91875,0.915,2.032952048778534,1.947124810218811,0.0230711190664442,,,,
456,5,Fusion-ESM2,25,0.1683578345179557,0.0812464639544487,0.062600278481841,0.9071875,0.9153125,2.051242568492889,1.9452573919296263,0.1049668776616454,0.8729838770153732,0.663772028496438,0.4006164645550559,0.6695047220579312
456,5,OneHot,1,0.6767208939790725,0.2230546683073044,0.1703113409876823,0.6,0.61,0.1793238898366689,0.2323652045428753,0.0413621851429343,,,,
456,5,OneHot,2,0.3856463521718979,0.1623738014698028,0.1210090361535549,0.7528125,0.7940625,0.6693197953701019,0.7343637418746948,0.0553041205834597,,,,
456,5,OneHot,3,0.2855730393528938,0.1228856573998928,0.1004379874467849,0.8421875,0.8490625,1.143290342092514,0.9798892176151276,0.110497436709702,,,,
456,5,OneHot,4,0.2554148700833321,0.1120481276512146,0.0907857926934957,0.859375,0.8728125,1.376878447532654,1.126484090089798,0.0429158024489879,,,,
456,5,OneHot,5,0.2253463068604469,0.1011203114688396,0.0831887955218553,0.8815625,0.8803125,1.4998558139801026,1.222164921760559,0.0034900834970176,0.8437675290588676,0.6333198350206225,0.23980220358083,0.7329118545091002
456,5,OneHot,6,0.2199132078886032,0.1011910380423069,0.0782489369809627,0.88125,0.898125,1.6073171854019166,1.3349749040603638,0.0793906133063137,,,,
456,5,OneHot,7,0.2070171445608139,0.0947334534674883,0.0758681108802557,0.8865625,0.8975,1.696394920349121,1.39242693901062,0.0734222703729756,,,,
456,5,OneHot,8,0.1963144631683826,0.0906739299744367,0.0718866998702287,0.900625,0.9021875,1.7592470669746398,1.467418873310089,-0.0290245128776587,,,,
456,5,OneHot,9,0.1891827377676963,0.0872151894122362,0.0707275710999965,0.9,0.901875,1.7973154282569883,1.502152087688446,0.0504098851978778,,,,
456,5,OneHot,10,0.1833274614810943,0.083218230381608,0.0694155766814947,0.9071875,0.906875,1.948370354175568,1.5511676645278931,0.0379972005821764,0.8215583052118486,0.6271346081739783,0.0505230885461133,0.6920458765610323
456,5,OneHot,11,0.1855163682997226,0.0844850254058837,0.0698254796117544,0.901875,0.901875,1.9030692720413207,1.588213713169098,0.019103257121169,,,,
456,5,OneHot,12,0.1812291721999645,0.0841465723142027,0.0670861370116472,0.9084375,0.91,1.990618245601654,1.6295611357688904,0.0493583512958139,,,,
456,5,OneHot,13,0.1715469351410865,0.0818932830914855,0.0629043570160865,0.906875,0.91625,1.963777565956116,1.706860809326172,0.0207530744979158,,,,
456,5,OneHot,14,0.1690414920449257,0.0806046994030475,0.0620436153560876,0.9109375,0.915,2.0124155688285827,1.7497760677337646,0.0304240234103053,,,,
456,5,OneHot,15,0.1661666882038116,0.07877709582448,0.0615346858650446,0.9134375,0.9215625,1.9865440130233765,1.7363777184486389,0.0634908264898695,0.8502167229096365,0.6503157105361831,0.2017679683831941,0.7547232594059856
456,5,OneHot,16,0.168271947056055,0.0781083859503269,0.0627480842918157,0.9178125,0.9134375,2.01453396320343,1.7715852499008178,0.0246659949389868,,,,
456,5,OneHot,17,0.16304034024477,0.0747458904236555,0.0616580657660961,0.9203125,0.9209375,2.08874397277832,1.83170921087265,0.013463424234651,,,,
456,5,OneHot,18,0.1563496607542037,0.0718506179749965,0.0600317801535129,0.9246875,0.924375,2.09073335647583,1.8818860507011412,0.0110565851861611,,,,
456,5,OneHot,19,0.1596066465973854,0.0752268616855144,0.060614161491394,0.916875,0.91875,2.068843355178833,1.878027102947235,0.0797808433696627,,,,
456,5,OneHot,20,0.1509374058246612,0.072187408208847,0.0570847564190626,0.9190625,0.9221875,2.145167784690857,1.867256519794464,0.0805986243952065,0.82918335208099,0.6377592800899887,0.4506529743992805,0.5860700170806258
456,5,OneHot,21,0.1503978538513183,0.0709969948232173,0.05762006662786,0.9190625,0.923125,2.1658912825584413,1.957326979637146,0.0802343583479523,,,,
456,5,OneHot,22,0.1522164046764373,0.0722011399269104,0.0578325740993022,0.9225,0.925625,2.127293004989624,1.92517594575882,0.0224095310177654,,,,
456,5,OneHot,23,0.1488671571016311,0.0717294989153742,0.0552113660424947,0.92125,0.93,2.1567427730560302,1.988880524635315,0.0299182886164635,,,,
456,5,OneHot,24,0.1474445028603077,0.0716675201803445,0.0551566801965236,0.924375,0.9246875,2.1592441177368165,1.984072380065918,0.0463730048667639,,,,
456,5,OneHot,25,0.147957289814949,0.0720278039574623,0.0553365692496299,0.9225,0.92375,2.174986243247986,2.001999318599701,0.0430569182219915,0.833994750656168,0.6831256092988376,0.4870652805906206,0.6595314774396527
789,1,ESM2,1,0.9617438864707948,0.2405467256903648,0.2314041915535926,0.50625,0.493125,0.0156913274060934,-0.0021812611818313,-0.0103835362766403,,,,
789,1,ESM2,2,0.8523631083965302,0.2304160553216934,0.1871269771456718,0.4953125,0.5121875,0.0151953785866498,0.0282337091118097,-0.0051154443033738,,,,
789,1,ESM2,3,0.7663174200057984,0.2263500580191612,0.1763069808483123,0.489375,0.574375,0.020060943281278,0.1027662834525108,0.0289830682892352,,,,
789,1,ESM2,4,0.6098980104923248,0.2126563736796379,0.1609319479763508,0.594375,0.6490625,0.12572290468961,0.2744655016064644,0.0727784910635091,,,,
789,1,ESM2,5,0.4826288741827011,0.1904800179600715,0.1403267577290535,0.67625,0.72,0.326204694584012,0.4755274331569671,0.1208569632098078,0.746981627296588,0.5935868016497938,0.5401023590964923,0.6116112532981682
789,1,ESM2,6,0.4029453521966934,0.1730951476097107,0.1209235863387584,0.729375,0.7925,0.5017418083548546,0.6960439544916153,0.1173672862537205,,,,
789,1,ESM2,7,0.3535289072990417,0.1562440721690654,0.1088026149570941,0.7646875,0.826875,0.6914479303359985,0.920831891298294,0.1307315488625317,,,,
789,1,ESM2,8,0.3267710852622986,0.1517824956774711,0.0991587184369564,0.7721875,0.845,0.7803606468439103,1.0467845761775971,0.2109792917966842,,,,
789,1,ESM2,9,0.3150565963983536,0.1450315445661544,0.0978276054561138,0.7925,0.850625,0.8279613637924195,1.0486842238903045,0.1252941155806183,,,,
789,1,ESM2,10,0.2972531786561012,0.1385465219616889,0.0933581219613552,0.8046875,0.8640625,0.9199812889099122,1.2076221513748169,0.1026715167798101,0.8332568428946382,0.605549306336708,0.6032764938917127,0.5602855309943447
789,1,ESM2,11,0.2892120009660721,0.1392819847166538,0.0887052930891513,0.795625,0.870625,0.9390668153762818,1.230383530855179,0.1523908158857375,,,,
789,1,ESM2,12,0.276129455268383,0.1312088432908058,0.0869908934831619,0.819375,0.8778125,1.0086905086040496,1.2692041051387788,0.2070731580257415,,,,
789,1,ESM2,13,0.2782488551735878,0.133372251689434,0.0870573172718286,0.804375,0.87375,1.0046058559417723,1.2808825826644898,0.2242983281053602,,,,
789,1,ESM2,14,0.2798884078860283,0.1326101426780223,0.0872763233631849,0.8159375,0.8784375,1.038996036052704,1.323054106235504,0.1271015349496156,,,,
789,1,ESM2,15,0.2724009242653846,0.1300206473469734,0.0860362676531076,0.8228125,0.881875,1.111199187040329,1.271774834394455,0.1082133327983319,0.8500127484064492,0.6140202474690665,0.6721273802089682,0.5911782643241342
789,1,ESM2,16,0.2671380627155304,0.127649492919445,0.0844509067386388,0.8253125,0.881875,1.1120645236968991,1.3732272183895111,0.1332037383876741,,,,
789,1,ESM2,17,0.2624917149543762,0.1234479017555713,0.0848809089511632,0.83125,0.8775,1.1516018056869506,1.4159124135971068,0.167938549183309,,,,
789,1,ESM2,18,0.2602206367254257,0.1233001264929771,0.0852678547054529,0.84,0.875625,1.178093534708023,1.3719407105445862,0.2379971241950988,,,,
789,1,ESM2,19,0.2508286175131797,0.1202317869663238,0.081430220529437,0.84375,0.8828125,1.1928111243247983,1.4442097663879394,0.178099231980741,,,,
789,1,ESM2,20,0.2440948551893234,0.1169289070367813,0.079031922891736,0.8390625,0.889375,1.248840057849884,1.4751782727241516,-0.0025255369022488,0.87012223472066,0.6240389951256093,0.6913472389335732,0.6086922548733061
789,1,ESM2,21,0.2453478854894638,0.1177483095228672,0.0811669413745403,0.8428125,0.8778125,1.232309287786484,1.4773878383636474,0.1391442496143281,,,,
789,1,ESM2,22,0.2495283961296081,0.1197202453017234,0.0805361564457416,0.8440625,0.8871875,1.260531529188156,1.459110243320465,0.1642871076986193,,,,
789,1,ESM2,23,0.2360615620017051,0.1121575041115284,0.0798786444962024,0.8521875,0.885625,1.2864331579208377,1.4860132908821106,0.1097703027911484,,,,
789,1,ESM2,24,0.2368742051720619,0.1129029054939746,0.078676468655467,0.85,0.8875,1.3174184250831604,1.502456247806549,0.1118417325336486,,,,
789,1,ESM2,25,0.2318942159414291,0.1108676224946975,0.0771985844522714,0.855,0.8909375,1.327226572036743,1.5120107078552243,0.0515799705870449,0.882198725159355,0.6277465316835397,0.6756956240228189,0.6385309054385623
789,1,Fusion-ESM2,1,0.7634357309341431,0.2368083256483078,0.1841630411148071,0.595,0.5728125,0.2347071075066924,0.1501586851477623,0.0123307456844486,,,,
789,1,Fusion-ESM2,2,0.410843003988266,0.164184543788433,0.1279679234325886,0.7509375,0.7575,0.7700412267446518,0.717654378414154,0.0674103696551173,,,,
789,1,Fusion-ESM2,3,0.3016251313686371,0.1277092461287975,0.1031147347390651,0.84125,0.83875,1.1918192899227142,1.0506524884700774,0.0699319713655859,,,,
789,1,Fusion-ESM2,4,0.2556512701511383,0.1088113175332546,0.0924440687894821,0.8690625,0.861875,1.4611581444740296,1.2005289137363433,0.0163534875086043,,,,
789,1,Fusion-ESM2,5,0.2448281806707382,0.1116029229015111,0.0834965626150369,0.870625,0.875625,1.5119189310073853,1.433857710361481,0.100119368332671,0.8552740907386578,0.5497922759655044,0.5527534053455994,0.2995216717066728
789,1,Fusion-ESM2,6,0.2190462508797645,0.0985386476665735,0.079242286235094,0.87875,0.888125,1.5854222249984742,1.4689063930511477,0.0947692324989475,,,,
789,1,Fusion-ESM2,7,0.2138350373506546,0.0972665869444608,0.0763593979179859,0.8875,0.894375,1.681651520729065,1.552732570171356,0.0746264605410397,,,,
789,1,Fusion-ESM2,8,0.2143968233466148,0.0954207344353199,0.0782230129837989,0.8903125,0.8875,1.7279274678230283,1.527151837348938,0.0004535190039314,,,,
789,1,Fusion-ESM2,9,0.1991738723218441,0.0911084664613008,0.072600524649024,0.8946875,0.8978125,1.7537735748291017,1.669431676864624,0.0771728757536038,,,,
789,1,Fusion-ESM2,10,0.1976393069326877,0.0914623994380235,0.0707322399318218,0.89625,0.9040625,1.8410600304603577,1.7080246901512146,0.0357390292658237,0.8595095613048369,0.6183997000374953,0.4306221511715277,0.5886646823471698
789,1,Fusion-ESM2,11,0.1833186346292495,0.085802155137062,0.0668881193548441,0.901875,0.9071875,1.8224783205986024,1.7740506792068482,0.0007906425930559,,,,
789,1,Fusion-ESM2,12,0.1844394145905971,0.0843193914741277,0.0677699255943298,0.8990625,0.9034375,1.89623241186142,1.810452883243561,0.069708593506366,,,,
789,1,Fusion-ESM2,13,0.1804747796058654,0.0827253332734107,0.0669718663394451,0.906875,0.90625,1.9216814160346984,1.8236387634277345,0.0501355210191104,,,,
789,1,Fusion-ESM2,14,0.1786544761061668,0.0845142626017332,0.0648526724427938,0.9059375,0.9075,1.9534469485282897,1.8456144690513607,0.0933711425284855,,,,
789,1,Fusion-ESM2,15,0.1749864837527275,0.0842242649197578,0.0625180814415216,0.9053125,0.9171875,1.8937764716148375,1.937582426071167,-0.0044943949510343,0.8617412823397076,0.6306141732283466,0.3826130525851728,0.5288252146374989
789,1,Fusion-ESM2,16,0.1659425617754459,0.0798864097893238,0.060946832075715,0.913125,0.9184375,1.9598679757118225,1.8663839673995968,0.0546704137790948,,,,
789,1,Fusion-ESM2,17,0.1735894690454006,0.0791141905635595,0.0656316912174224,0.9121875,0.90875,1.981814112663269,1.910585861206055,0.0517366323317401,,,,
789,1,Fusion-ESM2,18,0.1675019618123769,0.0805699599906802,0.0611994793638587,0.9103125,0.9146875,2.0602909231185915,1.983301637172699,0.1181072232918813,,,,
789,1,Fusion-ESM2,19,0.1595979468524456,0.0750862701982259,0.0599259369820356,0.9153125,0.921875,2.145472233295441,1.9708605027198791,0.0128789426758885,,,,
789,1,Fusion-ESM2,20,0.1620748504996299,0.0768827349692583,0.061023374646902,0.9140625,0.91375,2.0400521469116213,1.9928639793396,0.0580336293810978,0.8618072740907388,0.6745586801649794,0.4658991070584607,0.5910160977449753
789,1,Fusion-ESM2,21,0.156105013936758,0.0756625172495842,0.0584176565706729,0.915,0.921875,2.082157621383667,1.9987851476669312,0.0756982302339747,,,,
789,1,Fusion-ESM2,22,0.1519237768650055,0.0721913013607263,0.0572546832263469,0.91875,0.9228125,2.1401532244682318,2.0237919092178345,-0.0123330461047589,,,,
789,1,Fusion-ESM2,23,0.1591063739359378,0.0732208397984504,0.0622627564519643,0.9215625,0.914375,2.110403604507446,1.982324137687683,0.029653107044287,,,,
789,1,Fusion-ESM2,24,0.1532319656014442,0.0727598174661398,0.0569105004891753,0.9228125,0.9228125,2.151099057197571,2.0999871397018435,0.0291269613301847,,,,
789,1,Fusion-ESM2,25,0.1549003201723098,0.0753850356861949,0.0571303052827715,0.918125,0.9203125,2.125577139854431,2.040574812889099,0.0046495520160533,0.8354225721784778,0.6431886014248219,0.3448221067384813,0.5165816379109943
789,1,OneHot,1,0.7496341252326966,0.2216181215643883,0.1931199267506599,0.565625,0.5640625,0.1198335416987538,0.1605296862125396,-0.0073365258052945,,,,
789,1,OneHot,2,0.4316622471809387,0.1695078028738498,0.1347838762402534,0.739375,0.7534375,0.4747510129213333,0.6083178687095642,0.0819791851169429,,,,
789,1,OneHot,3,0.299797460436821,0.13016456797719,0.1031730778515338,0.82875,0.8421875,0.8685654067993164,1.0061409389972686,-0.0065890505164861,,,,
789,1,OneHot,4,0.2623949363827705,0.1148204025626182,0.0932206767052412,0.8571875,0.863125,1.140400799512863,1.154801884889603,0.044983416032046,,,,
789,1,OneHot,5,0.2444464352726936,0.10909922093153,0.0862214156985282,0.87125,0.8775,1.259507794380188,1.2921531534194943,0.0410052472399547,0.8391841019872517,0.5416512935883016,0.5124484695391494,0.3152518298850958
789,1,OneHot,6,0.2316385942697525,0.1041809732466936,0.0829497996717691,0.87875,0.8771875,1.363695664405823,1.4058641576766968,0.023963274154812,,,,
789,1,OneHot,7,0.2141628995537758,0.0980385868251323,0.0769332914799451,0.8884375,0.8878125,1.4448207592964173,1.4563620352745057,0.0402715547010302,,,,
789,1,OneHot,8,0.20735166400671,0.0923920667171478,0.0764961986243724,0.8978125,0.8921875,1.5893220329284667,1.5257108116149902,0.0348733720369637,,,,
789,1,OneHot,9,0.1978733357787132,0.0879315960407257,0.0739211858808994,0.903125,0.89625,1.6480629897117616,1.6148591756820678,0.0437552417814731,,,,
789,1,OneHot,10,0.1893885035812854,0.0876632679998874,0.070471730902791,0.901875,0.901875,1.6781997108459472,1.614675567150116,0.0859625490196049,0.8465571803524561,0.6120944881889765,0.3599871429473468,0.4624990837614678
789,1,OneHot,11,0.1840592133998871,0.0846591109037399,0.0684699963033199,0.9046875,0.908125,1.7658330798149109,1.7227504992485043,0.0412173261074349,,,,
789,1,OneHot,12,0.1907774353027344,0.088316697999835,0.0686877188086509,0.9034375,0.905,1.787490155696869,1.7407044339179991,0.0705980064766481,,,,
789,1,OneHot,13,0.1828727792203426,0.0844339068233966,0.0677428156137466,0.9115625,0.9034375,1.7934698176383972,1.7544109082221986,0.0629964912403374,,,,
789,1,OneHot,14,0.1734730620682239,0.0797989273071289,0.0656592158228158,0.9128125,0.9075,1.858193612098694,1.7864091968536375,0.0676399377826601,,,,
789,1,OneHot,15,0.1678713521361351,0.0792139244079589,0.0615938224270939,0.9159375,0.918125,1.8962110900878903,1.8923554563522336,0.0615273892309051,0.8537562804649418,0.6109726284214473,0.6882655738216111,0.3509284773000758
789,1,OneHot,16,0.1663853718340396,0.0750794124603271,0.063952612504363,0.9259375,0.91125,1.948823764324188,1.832462649345398,-0.0049043271597474,,,,
789,1,OneHot,17,0.1697218264639377,0.0781037839502096,0.0634887196868658,0.9159375,0.9134375,1.9985972714424132,1.896380062103272,0.0241425378376152,,,,
789,1,OneHot,18,0.1699100270867347,0.0815559956431388,0.0616066714376211,0.9175,0.92,1.9327876210212709,1.89328449010849,0.0352907954738475,,,,
789,1,OneHot,19,0.1511418467760086,0.0716015196591615,0.0580872109159827,0.9275,0.92125,2.030562069416046,1.9645909237861636,0.0340158128441544,,,,
789,1,OneHot,20,0.1546389922499656,0.0747092971205711,0.0568775724619627,0.9178125,0.9221875,2.0196758913993835,2.0066996574401856,0.0269014361221343,0.8435215598050244,0.6409568803899514,0.4958236972246177,0.6870997958966827
789,1,OneHot,21,0.1514773006737232,0.0733687565475702,0.0562888811528682,0.924375,0.9265625,2.0439110350608827,2.0412066411972045,0.0263151320349425,,,,
789,1,OneHot,22,0.1559960924088955,0.0717994639277458,0.060393675379455,0.928125,0.9190625,2.0602245807647703,2.009732143878937,0.0308458597492426,,,,
789,1,OneHot,23,0.1531717732548713,0.074665827974677,0.0564357107505202,0.9209375,0.925,2.0327857828140257,2.0557486844062804,0.0346289321599761,,,,
789,1,OneHot,24,0.1539270476996898,0.0723338584601879,0.0581218286603689,0.923125,0.9215625,2.0229694485664367,2.005425844192505,0.024378568790853,,,,
789,1,OneHot,25,0.1459015391021967,0.0693487290292978,0.055544753819704,0.9240625,0.9275,2.0650317311286925,2.0506306171417235,0.0226962280087173,0.8543142107236597,0.6649898762654668,0.3140865520691764,0.7033164538125827
789,2,ESM2,1,0.9175102162361144,0.2460953366756439,0.2039135113358497,0.5565625,0.515625,0.0203255319967865,0.016613373607397,0.0009056795435026,,,,
789,2,ESM2,2,0.7825744307041168,0.2219886317849159,0.1805483344197273,0.5178125,0.55125,0.041148332208395,0.0739376480877399,0.024277348741889,,,,
789,2,ESM2,3,0.6635370588302613,0.2204605591297149,0.16501179844141,0.5621875,0.613125,0.0554030855000019,0.2127827020734548,0.0616481949912849,,,,
789,2,ESM2,4,0.5263419461250305,0.2001462733745574,0.1490260316431522,0.65125,0.6984375,0.2199962227046489,0.3840438592433929,0.1538520028314087,,,,
789,2,ESM2,5,0.4401183235645294,0.1862885779142379,0.1290673224627971,0.709375,0.7596875,0.3440895575284958,0.6273688691854477,0.1742434047721326,0.7483014623172104,0.5891713535808024,0.5435895064600282,0.5172303042276303
789,2,ESM2,6,0.3725020438432693,0.1647102889418602,0.1131127600371837,0.74625,0.8084375,0.6025440111756325,0.8243734645843506,0.1350415903236717,,,,
789,2,ESM2,7,0.3491684624552726,0.1529272580146789,0.1092636375129222,0.7759375,0.8253125,0.7107899153232574,0.9014134645462036,0.19896887909621,,,,
789,2,ESM2,8,0.3165766522288322,0.1481121097505092,0.0974930372834205,0.790625,0.84875,0.8187784016132355,1.0788541674613952,0.2378690004069358,,,,
789,2,ESM2,9,0.3062544214725494,0.1437206524610519,0.0939549259841442,0.7978125,0.858125,0.8363631677627563,1.1614141929149628,0.1396171519346535,,,,
789,2,ESM2,10,0.2959324419498443,0.1407816313207149,0.0911016382277011,0.8040625,0.8621875,0.9122479808330536,1.19207492351532,0.1189257067663129,0.8514765654293214,0.5991661042369705,0.6731816340630605,0.5503933696656458
789,2,ESM2,11,0.2815929767489433,0.1346817298233509,0.0884364070743322,0.825625,0.875,0.9573546838760376,1.2357647681236268,0.1504244581796228,,,,
789,2,ESM2,12,0.2829212513566017,0.1348722259700298,0.088709507510066,0.8196875,0.871875,0.9600162827968596,1.2259815418720246,0.0753494039340876,,,,
789,2,ESM2,13,0.277076808810234,0.1322768868505954,0.0871865630149841,0.821875,0.865625,0.9961667227745056,1.3205764055252076,0.1586747724749148,,,,
789,2,ESM2,14,0.2748105290532112,0.1293532678484916,0.0880051709711551,0.823125,0.8653125,1.0296358001232149,1.2753659677505491,0.0897038707882166,,,,
789,2,ESM2,15,0.2610240849852562,0.1253261214494705,0.0831594476103782,0.8290625,0.87875,1.1103009867668152,1.3637469696998596,0.087230701316148,0.8706801649793777,0.6154420697412825,0.6704243547523576,0.6353686571449617
789,2,ESM2,16,0.2607770925760269,0.1239415265619754,0.0851424726098775,0.8334375,0.8746875,1.0740710365772248,1.3073216128349303,0.1313064851053059,,,,
789,2,ESM2,17,0.2551142829656601,0.1195659230649471,0.0850207255035638,0.8440625,0.8759375,1.1515172588825229,1.3643057584762572,0.1640996552444994,,,,
789,2,ESM2,18,0.258362226486206,0.1239751461148262,0.0835179034620523,0.84,0.8740625,1.154436696767807,1.3733489108085633,0.2065991051122546,,,,
789,2,ESM2,19,0.2467496109008789,0.1187528602778911,0.0806774722039699,0.8421875,0.884375,1.1756163156032562,1.395415358543396,0.1256065694615245,,,,
789,2,ESM2,20,0.2487404862046242,0.1193875376880169,0.0821565514802932,0.8446875,0.8759375,1.1953843176364898,1.3837830209732056,0.0815411046147346,0.8792410948631423,0.6199355080614923,0.7232181439072851,0.6034218410506388
789,2,ESM2,21,0.2434256806969642,0.1160000193119049,0.0798727884888649,0.854375,0.8853125,1.2517495715618134,1.4598383808135986,0.0200712878536433,,,,
789,2,ESM2,22,0.2418765193223953,0.1161113229393959,0.0792995445430278,0.8521875,0.883125,1.2617270469665527,1.4803780817985537,0.1191786875668913,,,,
789,2,ESM2,23,0.2429325342178344,0.1180015632510185,0.0776892609149217,0.851875,0.8878125,1.2608263647556306,1.4761744236946106,0.1271664899587631,,,,
789,2,ESM2,24,0.2421857473254204,0.1131483095884323,0.0814174230396747,0.8634375,0.8825,1.34251811504364,1.4723907947540282,0.0893456194922328,,,,
789,2,ESM2,25,0.2333700501918792,0.11354541182518,0.0768907260149717,0.8528125,0.8928125,1.2894071054458618,1.4790472483634949,0.0652906376868486,0.8802849643794527,0.6426066741657294,0.6610171665158422,0.6687749724517158
789,2,Fusion-ESM2,1,0.7377254635095596,0.2304147288203239,0.1826119005680084,0.58,0.591875,0.1771489599812775,0.1677961348555982,0.049795499201864,,,,
789,2,Fusion-ESM2,2,0.4219716548919677,0.1688935042917728,0.1309200163185596,0.734375,0.75875,0.606582407951355,0.6125902491807937,0.0710294225625693,,,,
789,2,Fusion-ESM2,3,0.296357501745224,0.1255784876644611,0.1038849422335624,0.83875,0.8409375,1.0818044817447665,0.9759015321731568,0.0511963141802698,,,,
789,2,Fusion-ESM2,4,0.2637327006459236,0.1149143373966217,0.0958134281635284,0.8553125,0.8565625,1.244080536365509,1.1018465411663056,0.1679659712943248,,,,
789,2,Fusion-ESM2,5,0.2465076202154159,0.1056300897896289,0.0907734735310077,0.8703125,0.8678125,1.3902569651603698,1.2135899543762207,0.0817240317736286,0.8461012373453319,0.6139782527184103,-0.0840970189764358,0.6327739918784178
789,2,Fusion-ESM2,6,0.2348258647322654,0.1034877781569957,0.0846194370836019,0.8778125,0.8834375,1.4580560946464538,1.3135415410995483,0.1234608550276607,,,,
789,2,Fusion-ESM2,7,0.2154912731051445,0.1012780659645795,0.075829077810049,0.8746875,0.8896875,1.5481224131584168,1.4502876853942872,0.0772979605640284,,,,
789,2,Fusion-ESM2,8,0.2054167678952217,0.092533136755228,0.0757127575576305,0.8896875,0.9009375,1.6086291456222537,1.513883728981018,0.0498381325893569,,,,
789,2,Fusion-ESM2,9,0.1916455596685409,0.0881951352208852,0.0711453503370285,0.904375,0.900625,1.6932164669036864,1.6165614199638367,0.0740799570991657,,,,
789,2,Fusion-ESM2,10,0.1878614714741706,0.0863217700272798,0.069302469342947,0.9053125,0.905625,1.7907800149917603,1.702085268497467,-0.0167920117266476,0.8712020997375329,0.646188226471691,0.4380019281501734,0.6206114984414928
789,2,Fusion-ESM2,11,0.1880552674829959,0.0857297634333372,0.0710571280866861,0.901875,0.9021875,1.822209060192108,1.6480253267288207,0.0778809215314686,,,,
789,2,Fusion-ESM2,12,0.1790898226201534,0.0851378081738948,0.0651490376889705,0.9021875,0.9134375,1.8136869740486143,1.7112573385238647,0.0311406071437522,,,,
789,2,Fusion-ESM2,13,0.1721037454903125,0.0839865275472402,0.0620281767472624,0.9034375,0.909375,1.8214279413223269,1.8112410974502564,-0.0078294344176538,,,,
789,2,Fusion-ESM2,14,0.1744638642668724,0.079411322325468,0.0659789143502712,0.908125,0.90625,1.9188649463653564,1.812860014438629,0.0411303407419473,,,,
789,2,Fusion-ESM2,15,0.1670553649961948,0.0793781388550996,0.0621380717307329,0.913125,0.9165625,1.84953364610672,1.851980767250061,0.0431183290854096,0.8684844394450694,0.6638560179977504,0.4724679195339586,0.6839375476030823
789,2,Fusion-ESM2,16,0.1652940617501735,0.0778752917423844,0.0618588460981845,0.915,0.9140625,1.9726897644996644,1.8562079668045044,0.0478700684360228,,,,
789,2,Fusion-ESM2,17,0.1636843137443065,0.0770963448286056,0.0610522262752056,0.91625,0.92,1.965912778377533,1.8984616494178768,0.019867880224483,,,,
789,2,Fusion-ESM2,18,0.164413865506649,0.0767404817789793,0.0616000837087631,0.9215625,0.9140625,2.0097316122055053,1.9068951416015625,0.0452228790640947,,,,
789,2,Fusion-ESM2,19,0.1625311987102031,0.0757278209179639,0.061563820913434,0.9175,0.9096875,1.996187915802002,1.9444733667373657,0.014534908242058,,,,
789,2,Fusion-ESM2,20,0.157938387542963,0.0751660275459289,0.0588160937651991,0.920625,0.9171875,2.037301445007324,1.9596777653694155,0.026505958866328,0.8664146981627298,0.6837615298087739,0.6081422809106,0.6175303334374717
789,2,Fusion-ESM2,21,0.1553886252641677,0.0739256185293197,0.0578329418599605,0.9225,0.9228125,2.1006099557876587,1.9534014868736267,0.0282085570925846,,,,
789,2,Fusion-ESM2,22,0.1568474045395851,0.0733886978775262,0.0598718927800655,0.92375,0.9134375,2.08580439567566,2.0045006251335145,0.0380280272848904,,,,
789,2,Fusion-ESM2,23,0.150461419224739,0.0706703450530767,0.0584162798523902,0.9246875,0.914375,2.069507448673248,2.032896695137024,0.0945426666131243,,,,
789,2,Fusion-ESM2,24,0.149669289290905,0.0711950113996863,0.0569689792394638,0.929375,0.925625,2.117342348098755,2.046952016353607,0.0246959799528121,,,,
789,2,Fusion-ESM2,25,0.1506304641067981,0.0737012462690472,0.0554371499456465,0.9228125,0.9184375,2.0582160997390746,2.113716707229614,0.0593028393643908,0.8640209973753282,0.6590326209223848,0.4232423741928819,0.5343388783289048
789,2,OneHot,1,0.7604075634479522,0.2260382935404777,0.182851433455944,0.5325,0.584375,0.1062266360595822,0.148762982673943,0.0027794769778847,,,,
789,2,OneHot,2,0.4351902425289154,0.1722383147478103,0.1349151048064232,0.704375,0.7453125,0.4834255447983742,0.5930960929393768,0.0447280394239351,,,,
789,2,OneHot,3,0.3099822551012039,0.130953579545021,0.1059019221365451,0.8203125,0.820625,0.9636907207965852,1.0128800857067108,0.0344726463686674,,,,
789,2,OneHot,4,0.2736333379149437,0.1183298598229885,0.0959326756000518,0.85375,0.850625,1.2170152688026428,1.1580792474746704,0.071233924049884,,,,
789,2,OneHot,5,0.2497401133179664,0.1106512801349163,0.0872037314623594,0.860625,0.8609375,1.343433163166046,1.3648596215248108,0.0259182570804841,0.8620592425946757,0.6011878515185602,0.5881114576828472,0.6592882275709142
789,2,OneHot,6,0.2273478266596794,0.1013259114325046,0.0812378158420324,0.8803125,0.8790625,1.5461910820007323,1.5139945244789124,0.056633525788784,,,,
789,2,OneHot,7,0.2107506023347377,0.0949852110445499,0.0765561685711145,0.89,0.8846875,1.6340527820587158,1.5377503108978272,0.06723218514584,,,,
789,2,OneHot,8,0.2008818070590496,0.0932855965197086,0.0716454501450061,0.8909375,0.8975,1.681502537727356,1.6882229137420657,0.0336618401668965,,,,
789,2,OneHot,9,0.1932777297496795,0.0899390383809805,0.0701929581165313,0.895625,0.899375,1.770053141117096,1.6935765266418457,0.0332129741599783,,,,
789,2,OneHot,10,0.1821711859107017,0.0836977335065603,0.0682060568779707,0.9053125,0.9075,1.835549156665802,1.7451183772087098,0.022504374415148,0.8666486689163855,0.6228271466066742,0.3105994047056405,0.6690993056100337
789,2,OneHot,11,0.1805944909155369,0.0820597300678491,0.0686386988312006,0.90875,0.9015625,1.8573055672645569,1.7501236987113953,0.0179025505110621,,,,
789,2,OneHot,12,0.1767700393497943,0.0831219152361154,0.0638021674752235,0.9103125,0.90625,1.910653851032257,1.851808717250824,0.0079692450957372,,,,
789,2,OneHot,13,0.1729684992134571,0.0823597060889005,0.0630277382582426,0.9115625,0.909375,1.9126748371124267,1.8950263619422916,0.0155580997094511,,,,
789,2,OneHot,14,0.1661404713988304,0.0771947225928306,0.0619477559998631,0.92,0.910625,1.9689279103279116,1.9282304668426515,-0.0259179305518046,,,,
789,2,OneHot,15,0.167953435331583,0.0821121622622013,0.0602972226217389,0.9096875,0.9184375,1.928242244720459,2.01214515209198,0.0234222836792469,0.8664326959130109,0.6704191976003001,0.6827510152002055,0.5868808499764208
789,2,OneHot,16,0.1686091218888759,0.0821401640027761,0.0605013637989759,0.9096875,0.9203125,1.9696562838554383,2.0296849966049195,0.079704607380554,,,,
789,2,OneHot,17,0.165808273255825,0.0802003104239702,0.0601691992953419,0.9103125,0.9175,1.9652981185913083,2.03384553194046,0.0274811617098748,,,,
789,2,OneHot,18,0.1602514950931072,0.0788070721924305,0.0574080752953886,0.911875,0.924375,2.004039633274078,2.09910403251648,0.0690838169213384,,,,
789,2,OneHot,19,0.1580135157704353,0.0749609995633363,0.0595354713127017,0.9175,0.916875,1.9970966100692749,2.116945242881775,0.0546268539037555,,,,
789,2,OneHot,20,0.1566499884426593,0.074423064738512,0.0582539720833301,0.9175,0.9234375,2.137326319217682,2.0980991673469545,0.013017659317702,0.8616092988376454,0.656644919385077,0.4487066595917256,0.6020434251277872
789,2,OneHot,21,0.1542193113267421,0.0749391915649175,0.0571146726608276,0.916875,0.9184375,2.0928243231773376,2.06047669172287,0.0385039858706295,,,,
789,2,OneHot,22,0.1521257854998111,0.0738547863811254,0.0565754098445177,0.920625,0.921875,2.068097746372223,2.124229831695557,0.0351476376829668,,,,
789,2,OneHot,23,0.1568035680055618,0.0716166140139103,0.0617964548617601,0.92375,0.9125,2.1214247941970825,2.082920541763306,0.019215929757338,,,,
789,2,OneHot,24,0.1483077009022236,0.0709595266729593,0.0554023837670683,0.925,0.92125,2.097317433357239,2.155502700805664,0.025977196986787,,,,
789,2,OneHot,25,0.1464445455372333,0.0731241252273321,0.053340857475996,0.92375,0.9265625,2.200703263282776,2.1779604721069337,0.0420373072754591,0.872299962504687,0.65698687664042,0.6036008796929718,0.7539124265101906
789,3,ESM2,1,0.8955471909046173,0.2505311331152915,0.1830315187573433,0.4959375,0.519375,0.0013744191080331,0.0099293410405516,-0.0194831322412937,,,,
789,3,ESM2,2,0.8099578273296356,0.230615159869194,0.1754328286647796,0.48125,0.543125,0.0087475519999861,0.0438158646225929,0.0066424688533879,,,,
789,3,ESM2,3,0.7236011111736298,0.2225536876916885,0.1714412426948547,0.545625,0.5771875,0.0509627434983849,0.1201414420083165,0.0348569361167028,,,,
789,3,ESM2,4,0.5671915465593338,0.2131510636210441,0.1508833053708076,0.5915625,0.695,0.1441683222912252,0.2871658083796501,0.076610439508222,,,,
789,3,ESM2,5,0.4556642210483551,0.1873414951562881,0.1351094973087311,0.6821875,0.7525,0.3886497528851032,0.4563938096165657,0.1020266881701536,0.749159355080615,0.5886074240719911,0.566296512548169,0.6190709159394823
789,3,ESM2,6,0.3811741316318512,0.1652864833176136,0.1180355352163314,0.7421875,0.8159375,0.609483255147934,0.6606120878458023,0.1215785420686006,,,,
789,3,ESM2,7,0.3511672711372375,0.156164304614067,0.1097017601132392,0.763125,0.8321875,0.7391854095458984,0.7873317527770997,0.1439957256335765,,,,
789,3,ESM2,8,0.3273844483494759,0.1495108717679977,0.1031524182856083,0.779375,0.843125,0.8013403332233429,0.8635814189910889,0.1249262055195868,,,,
789,3,ESM2,9,0.3206011202931404,0.1455200119316577,0.1015734159946441,0.7890625,0.846875,0.911080892086029,0.9633036375045776,0.1342389086354524,,,,
789,3,ESM2,10,0.3021206477284431,0.1415158258378505,0.0951639224588871,0.79875,0.8634375,0.8910319435596467,1.0034532737731934,0.1513666917383671,0.8504926884139484,0.6092808398950131,0.671073126354876,0.6673154732392848
789,3,ESM2,11,0.3050458443164825,0.1422405332326889,0.0960484445095062,0.8015625,0.863125,0.9611545300483704,1.0069084823131562,0.2033723754063248,,,,
789,3,ESM2,12,0.288510465323925,0.1371077093482017,0.0922434824705124,0.81,0.86625,0.9674538218975068,1.0492573642730714,0.2419261733070015,,,,
789,3,ESM2,13,0.2882695496082306,0.1358982375264167,0.093193809390068,0.8165625,0.860625,0.9689757072925568,1.0783576107025146,0.262433648314327,,,,
789,3,ESM2,14,0.2746016710996627,0.1284837624430656,0.0896199361979961,0.8246875,0.8715625,1.0496989321708678,1.135619602203369,0.163331811549142,,,,
789,3,ESM2,15,0.2647844788432121,0.1246712684631347,0.0860855674743652,0.83,0.8790625,1.1193844020366668,1.1946293222904203,0.0651793328486382,0.8837165354330708,0.6079670041244846,0.6949154827474238,0.6682884727142387
789,3,ESM2,16,0.268422882258892,0.1282983109354973,0.0849606400728225,0.829375,0.8815625,1.0944124102592467,1.23313884973526,0.1488975101336836,,,,
789,3,ESM2,17,0.2647090157866478,0.1241796964406967,0.0856524915248155,0.8340625,0.87875,1.1809578597545625,1.2385508036613464,0.0642010455392301,,,,
789,3,ESM2,18,0.255341947376728,0.1198209369182586,0.0853781449049711,0.8375,0.884375,1.188063144683838,1.2149790453910827,0.1006171601312235,,,,
789,3,ESM2,19,0.2508603665232658,0.1179987224936485,0.0835163830220699,0.8478125,0.88,1.264121812582016,1.2927854704856871,0.1923784239776432,,,,
789,3,ESM2,20,0.246165225803852,0.1140606955438852,0.0829445203393697,0.854375,0.88125,1.30044553399086,1.2962231302261351,0.1208922164700925,0.8858402699662542,0.633421822272216,0.5799207162010536,0.6701533883745673
789,3,ESM2,21,0.2453339609503746,0.1163573752343654,0.0811207059025764,0.849375,0.8825,1.2650062930583954,1.3315873873233794,0.1108746432512998,,,,
789,3,ESM2,22,0.2408383154869079,0.1137846262753009,0.08237887352705,0.849375,0.8803125,1.2772366642951964,1.3141384744644165,0.1730744440294802,,,,
789,3,ESM2,23,0.240228533744812,0.1127689082920551,0.081609116718173,0.8609375,0.8828125,1.2930089497566224,1.3534982919692993,0.1449711997061968,,,,
789,3,ESM2,24,0.2511052331328392,0.1189074605703353,0.0833180072903633,0.849375,0.88375,1.256391439437866,1.367877140045166,0.1918591165682301,,,,
789,3,ESM2,25,0.2294150051474571,0.107796384692192,0.079458092674613,0.864375,0.8859375,1.3806573390960692,1.376592390537262,0.1471991703659296,0.8934173228346458,0.6459542557180353,0.6988892088128484,0.7206682777825957
789,3,Fusion-ESM2,1,0.7801894283294678,0.2312950298190116,0.2161272123456001,0.5965625,0.5359375,0.1307784011960029,0.124171649813652,0.0517570577096194,,,,
789,3,Fusion-ESM2,2,0.4269978666305542,0.1615768042206764,0.1479148842394352,0.7628125,0.68625,0.5890272909402847,0.5706965571641922,0.0822212743200361,,,,
789,3,Fusion-ESM2,3,0.3067737048864364,0.1240822479128837,0.1154574540257453,0.8478125,0.804375,1.008364006280899,0.8888824892044067,0.0854897857829928,,,,
789,3,Fusion-ESM2,4,0.2731757146120071,0.1160371559858322,0.1011715836822986,0.8590625,0.84,1.1587627065181731,1.069005024433136,0.0791056944616138,,,,
789,3,Fusion-ESM2,5,0.2530734926462173,0.1078169757127761,0.0943922539800405,0.874375,0.8584375,1.2678257191181184,1.1983163225650788,0.0572376492246985,0.8522144731908513,0.6067731533558306,0.5909498334438648,0.4377686804397203
789,3,Fusion-ESM2,6,0.2332500559091568,0.0997738450765609,0.0879988913238048,0.8903125,0.87875,1.4096128451824188,1.2417850244045257,0.0781376408878713,,,,
789,3,Fusion-ESM2,7,0.2221872481703758,0.0975797031074762,0.0834399084001779,0.8946875,0.880625,1.4613587141036988,1.340631902217865,0.133148409537971,,,,
789,3,Fusion-ESM2,8,0.2098025441169738,0.0946588987857103,0.078202136605978,0.8975,0.8971875,1.4744406390190123,1.4230452466011048,0.1104160326626151,,,,
789,3,Fusion-ESM2,9,0.1983482110500335,0.0894824364036321,0.0750618157535791,0.904375,0.894375,1.5894186663627623,1.5485634660720826,0.0855285419244319,,,,
789,3,Fusion-ESM2,10,0.1968304973840713,0.0904414410889148,0.0733965451270341,0.899375,0.8971875,1.659837591648102,1.5679821729660035,0.0755738546210341,0.8578297712785902,0.6639820022497189,0.5017437380975973,0.7231007764699808
789,3,Fusion-ESM2,11,0.1949978367984295,0.0915759877115488,0.0696774558722972,0.900625,0.9059375,1.6189042663574218,1.6370725226402283,0.0736913282237947,,,,
789,3,Fusion-ESM2,12,0.1817754560708999,0.0853416794538498,0.0676505273580551,0.905,0.9096875,1.6796860933303832,1.667195324897766,0.1019318192731589,,,,
789,3,Fusion-ESM2,13,0.1741549424827098,0.0824497196823358,0.0641876497119665,0.915,0.9146875,1.754135894775391,1.7951034903526306,0.0440490415506064,,,,
789,3,Fusion-ESM2,14,0.1805091597139835,0.0847518533468246,0.0662691570073366,0.9071875,0.91,1.730771975517273,1.7519895792007447,0.0871521615190431,,,,
789,3,Fusion-ESM2,15,0.1771117420494556,0.0860235332697629,0.0629264169931411,0.90875,0.915,1.7844089269638062,1.8719934105873108,0.0676044750865548,0.8531203599550056,0.6656797900262468,0.1815749522548117,0.6956135413025303
789,3,Fusion-ESM2,16,0.1732584910094738,0.0824507822096347,0.0637363965064287,0.906875,0.9121875,1.7981495237350464,1.89684241771698,0.0793821080774068,,,,
789,3,Fusion-ESM2,17,0.1683820681273937,0.0776780601590871,0.0632483068853616,0.9196875,0.915625,1.9409623432159424,1.8763235235214235,-0.0075090605672448,,,,
789,3,Fusion-ESM2,18,0.1662610657513141,0.0780752978473901,0.0631956637278199,0.9153125,0.9078125,1.8771242022514345,1.9029834103584289,0.1172142545832321,,,,
789,3,Fusion-ESM2,19,0.1671708479523658,0.0789431309700012,0.062160642966628,0.914375,0.9178125,1.8885605144500728,1.9260076403617856,0.0292483925959095,,,,
789,3,Fusion-ESM2,20,0.1615075148642063,0.0761631670221686,0.0604321145266294,0.9165625,0.915,1.9340168833732605,1.9270521450042724,0.041076737139374,0.8472410948631421,0.6501597300337458,0.4663856857603495,0.5906106812970777
789,3,Fusion-ESM2,21,0.1603574778139591,0.0779169724881649,0.0580801581218838,0.9190625,0.9203125,1.9872780060768127,2.0474774193763734,0.0706899802852422,,,,
789,3,Fusion-ESM2,22,0.1544697201251983,0.0745062072575092,0.0575848972052335,0.9228125,0.924375,1.971473934650421,2.047547523975372,0.0645682388369459,,,,
789,3,Fusion-ESM2,23,0.1647106857597828,0.0778673965483904,0.0612285130098462,0.9203125,0.91375,1.9303782653808597,2.0195719528198244,0.0458175668073818,,,,
789,3,Fusion-ESM2,24,0.1599942237138748,0.0779783242940902,0.0588989241421222,0.9184375,0.92,1.9183331847190856,2.0076444244384763,0.0793699181266129,,,,
789,3,Fusion-ESM2,25,0.152723833322525,0.0731836193054914,0.0568287758529186,0.9228125,0.9209375,1.9746041679382325,2.0775499820709227,0.0421548566967248,0.8671106111736033,0.6687994000749907,0.3466062286454066,0.5399336253098902
789,3,OneHot,1,0.7894324463605881,0.2429933872818946,0.1861192555725574,0.566875,0.5746875,0.1827401733957231,0.1587855856120586,-0.0017289393604733,,,,
789,3,OneHot,2,0.3856655704975128,0.1529169350862503,0.1260219523310661,0.79,0.77375,0.759273675084114,0.6973865884542465,0.0633695768611505,,,,
789,3,OneHot,3,0.278530875146389,0.1195107513666152,0.0986055891215801,0.8465625,0.84125,1.1829604387283326,1.0620684218406675,0.0141869308939203,,,,
789,3,OneHot,4,0.2476043739914894,0.1077452865242958,0.0906948742270469,0.8721875,0.860625,1.3562806892395018,1.2157426524162291,0.0481049173104111,,,,
789,3,OneHot,5,0.2348855397105217,0.1055612614750862,0.0846818913519382,0.87125,0.8765625,1.4545466589927674,1.3077876448631287,0.0533960617985576,0.8767574053243344,0.6414368203974504,0.6328766982566105,0.5684749432418743
789,3,OneHot,6,0.2205470809340477,0.0969114798307418,0.0816701481491327,0.8875,0.883125,1.559330494403839,1.4174115204811095,0.0624106033891439,,,,
789,3,OneHot,7,0.2075659221410751,0.0925578262656927,0.0779059392213821,0.8953125,0.8921875,1.5817822003364563,1.4727840662002565,0.0835879102919716,,,,
789,3,OneHot,8,0.2044583252072334,0.0948465142399072,0.0747103063762188,0.8903125,0.896875,1.6866336035728455,1.537010405063629,0.103802468040958,,,,
789,3,OneHot,9,0.1999933406710624,0.0956357933580875,0.0716059577465057,0.8903125,0.8953125,1.665831174850464,1.5617548274993895,0.111373647848377,,,,
789,3,OneHot,10,0.1804119375348091,0.0830290891975164,0.0671388778835535,0.9040625,0.9125,1.771974458694458,1.6782486486434935,0.0114378062263131,0.8621792275965506,0.6483479565054369,0.5507259940877296,0.5936107630115193
789,3,OneHot,11,0.1869222556054592,0.088594960719347,0.0669119220227003,0.8978125,0.91125,1.7596295714378356,1.7050709009170533,0.0131686109409201,,,,
789,3,OneHot,12,0.18299724817276,0.086534701436758,0.0659297753870487,0.9075,0.9175,1.8162103509902956,1.7382039856910705,0.0211788485659053,,,,
789,3,OneHot,13,0.171051807552576,0.08156004473567,0.0625458614528179,0.9071875,0.91875,1.8755833959579469,1.8035990023612976,0.0047536149830557,,,,
789,3,OneHot,14,0.1740231575071811,0.0812237897515296,0.0638787928223609,0.9140625,0.9159375,1.8528053736686707,1.815212035179138,0.0289673600438982,,,,
789,3,OneHot,15,0.1676236754655838,0.0804614876955747,0.0605904085934162,0.9128125,0.9203125,1.9610013747215271,1.878952250480652,-0.0124640886299312,0.8517045369328835,0.6746486689163855,0.636120556269202,0.6899377110319652
789,3,OneHot,16,0.1602077870070934,0.0766508467495441,0.0594260106235742,0.9175,0.919375,1.9729887986183168,1.891283197402954,0.0852792120166122,,,,
789,3,OneHot,17,0.1583963142335415,0.0747784885764122,0.0593052081018686,0.9190625,0.92125,1.9924231386184688,1.9308285689353943,-0.0222023629210889,,,,
789,3,OneHot,18,0.1601395873725414,0.0763032358139753,0.0596827844530344,0.9275,0.9196875,2.034567325115204,1.9216466164588928,0.0363299001054838,,,,
789,3,OneHot,19,0.1590637359023094,0.0749382017552852,0.0593970514461398,0.92375,0.9203125,2.0766254448890686,1.9759445309638977,0.0423821504553779,,,,
789,3,OneHot,20,0.1533586451411247,0.0745684707164764,0.0556792513281107,0.9190625,0.9265625,2.030126619338989,1.979378969669342,0.0533458563510794,0.8552920884889389,0.6799640044994376,0.4768471278509572,0.6746129693014398
789,3,OneHot,21,0.1523848362267017,0.0739775823801755,0.0562863500416278,0.916875,0.925625,2.072496976852417,2.055746603012085,0.0524706025281921,,,,
789,3,OneHot,22,0.1547804982960224,0.0728804545104503,0.0586592833325266,0.925,0.92,2.09896431684494,2.0356611943244936,0.0286817920906469,,,,
789,3,OneHot,23,0.1496687515079975,0.0722636280953884,0.0562726216763257,0.92625,0.92375,2.105723209381104,2.049300789833069,0.0469638389442116,,,,
789,3,OneHot,24,0.1497322805225849,0.0711334105581045,0.0561322920396924,0.92625,0.9209375,2.073113977909088,2.087308871746063,0.0115105047589167,,,,
789,3,OneHot,25,0.148881230354309,0.0718639114871621,0.0562386760115623,0.9175,0.9221875,2.056731560230255,2.0364701628685,0.0518690938968211,0.8768773903262093,0.6962459692538434,0.4837403261277142,0.6539367304586672
789,4,ESM2,1,0.9987309968471528,0.2913042125105858,0.2076865795254707,0.5396875,0.5265625,-0.0079853174835443,0.0550846940279007,0.0031650041416287,,,,
789,4,ESM2,2,0.8678807926177978,0.246005077958107,0.1892038279771805,0.524375,0.538125,0.0305198589339852,0.0661983831226825,0.040765991769731,,,,
789,4,ESM2,3,0.7436338627338409,0.2302593410015106,0.1747513940930366,0.56,0.585625,0.0658671475201845,0.1428550726547837,0.0270498678134754,,,,
789,4,ESM2,4,0.5963027268648148,0.2106788995862007,0.1593341954052448,0.6153125,0.64625,0.1942111662402749,0.2877256923913955,0.0632801150996238,,,,
789,4,ESM2,5,0.4718565320968628,0.1892901757359504,0.1369671224057674,0.6725,0.7384375,0.3707227239012718,0.5214697113633155,0.1551466626301408,0.7187251593550806,0.5862917135358081,0.5531588875971734,0.6307469096389302
789,4,ESM2,6,0.3844995093345642,0.1673446160554886,0.1164868873357772,0.741875,0.8040625,0.6010977131128311,0.7861190116405488,0.1100481815077364,,,,
789,4,ESM2,7,0.3569757288694382,0.1602761498093605,0.1072601495683193,0.750625,0.825,0.6630966848134995,0.9548683536052704,0.188390860017389,,,,
789,4,ESM2,8,0.3256280153989792,0.148308575451374,0.1005872358381748,0.78125,0.8409375,0.820602399110794,1.069743082523346,0.142622054326348,,,,
789,4,ESM2,9,0.311674393415451,0.1455326755344867,0.0945517233014106,0.79,0.8546875,0.8476756572723388,1.162448546886444,0.1345044223545119,,,,
789,4,ESM2,10,0.3013846758008003,0.1438477528095245,0.0905784810334444,0.788125,0.8603125,0.8898345810174942,1.248616281747818,0.128351576437708,0.8160569928758905,0.6153640794900638,0.6020600471369909,0.6146924183021892
789,4,ESM2,11,0.2919183781743049,0.1390784312784671,0.090539119914174,0.80125,0.865,0.9085376036167144,1.237279040813446,0.2398860254697501,,,,
789,4,ESM2,12,0.2839011162519455,0.1366126723587513,0.0859124310314655,0.8090625,0.8753125,0.9439772236347198,1.3571088230609891,0.1334704431146383,,,,
789,4,ESM2,13,0.2745844841003418,0.1309201070666313,0.085149010643363,0.819375,0.878125,0.974882434606552,1.386739417314529,0.0639606992900371,,,,
789,4,ESM2,14,0.2686735698580741,0.1299925582110881,0.0825779605656862,0.8178125,0.8809375,1.0108229804039002,1.3999561882019045,0.0443176916986703,,,,
789,4,ESM2,15,0.2681498846411705,0.128574603497982,0.0835118772834539,0.82375,0.8821875,1.0544199180603029,1.450746681690216,0.1199651752132922,0.8620112485939257,0.629042369703787,0.6496636634717717,0.5676641103460792
789,4,ESM2,16,0.2627817872166633,0.126593614667654,0.0831840432435274,0.825,0.876875,1.116042104959488,1.412785460948944,0.0732830097246915,,,,
789,4,ESM2,17,0.2680698963999748,0.1281406053900718,0.0863406743109226,0.8221875,0.8703125,1.1057051730155945,1.397200071811676,0.2430398629419505,,,,
789,4,ESM2,18,0.258368031680584,0.122622450441122,0.0831333954632282,0.8325,0.8759375,1.0911735689640043,1.4316648054122925,0.0799314776062965,,,,
789,4,ESM2,19,0.2498605772852897,0.1197163578867912,0.07980532720685,0.840625,0.885,1.2015733242034912,1.480932559967041,0.0388544366625137,,,,
789,4,ESM2,20,0.2543431037664413,0.1212349013984203,0.0831703364104032,0.836875,0.87875,1.173029978275299,1.4361320972442626,0.2089197876304388,0.8763134608173978,0.6325519310086241,0.6911039495826289,0.6543421469065648
789,4,ESM2,21,0.2426187193393707,0.1179170998930931,0.0782309199124574,0.8509375,0.8878125,1.2225000619888309,1.5200204420089722,0.1549001265922561,,,,
789,4,ESM2,22,0.2453553682565689,0.1194579008221626,0.0788765823096036,0.8421875,0.881875,1.2371133077144625,1.5090080332756042,0.2367828768538311,,,,
789,4,ESM2,23,0.2410912576317787,0.1213226208090782,0.0768394615501165,0.8428125,0.884375,1.191650104522705,1.5358475852012634,0.2177446585148573,,,,
789,4,ESM2,24,0.2392388151586055,0.1150338825583457,0.0779363145679235,0.85125,0.88625,1.2667494368553165,1.5611478471755982,0.0655507536977529,,,,
789,4,ESM2,25,0.2314511811733245,0.108503740876913,0.0782242488116025,0.860625,0.8865625,1.3166613364219666,1.5636380410194397,0.0309675979986786,0.8823787026621673,0.6441484814398201,0.6811290861939099,0.6794779666762097
789,4,Fusion-ESM2,1,0.7859190595149994,0.2312941056489944,0.1839219915866851,0.586875,0.560625,0.0864011014997959,0.082054255194962,0.0082005625707097,,,,
789,4,Fusion-ESM2,2,0.4341960328817367,0.1706009174883365,0.1361020624637604,0.7396875,0.740625,0.4762420226633548,0.4684769701957703,0.0794530820148065,,,,
789,4,Fusion-ESM2,3,0.3078866168856621,0.1323618006706237,0.107843007594347,0.825625,0.8409375,0.8896682453155518,0.7900585532188416,0.0430339422821998,,,,
789,4,Fusion-ESM2,4,0.2717294371128082,0.11826505407691,0.0979338628053665,0.8565625,0.8584375,1.1060227346420288,0.9403089427947998,0.0600344568490982,,,,
789,4,Fusion-ESM2,5,0.2419574764370918,0.1094050440192222,0.0891452151536941,0.8690625,0.87625,1.247926769256592,1.0813071596622468,0.120368308192119,0.8579557555305588,0.5445429321334834,0.5012571593957086,0.3384416507048328
789,4,Fusion-ESM2,6,0.2392272636294365,0.1083161140978336,0.0869079897552728,0.8734375,0.8828125,1.2935701429843902,1.1462229907512664,0.0989593006670475,,,,
789,4,Fusion-ESM2,7,0.2178604128956794,0.0982380585372448,0.0809819652885198,0.8853125,0.883125,1.3900915503501892,1.2345383977890014,-0.0008953465893864,,,,
789,4,Fusion-ESM2,8,0.2041896042227745,0.0930278634279966,0.0764240311831235,0.8953125,0.89125,1.48116637468338,1.3510217547416687,0.0623615410691127,,,,
789,4,Fusion-ESM2,9,0.2002470138669013,0.0923917476832866,0.0736557532846927,0.8946875,0.90375,1.5484482860565183,1.4147796368598935,0.0029292234603781,,,,
789,4,Fusion-ESM2,10,0.1977658030390739,0.0891535130143165,0.0740351776033639,0.9059375,0.8990625,1.6211309504508973,1.4379297494888306,0.0783786587091162,0.8959070116235471,0.6187896512935883,0.6902929850794809,0.6011515089424128
789,4,Fusion-ESM2,11,0.1886591601371765,0.0889595595002174,0.0687853322923183,0.9028125,0.9096875,1.6320092034339906,1.5299529457092285,0.0841622435161843,,,,
789,4,Fusion-ESM2,12,0.1806282444298267,0.0848122250288724,0.067078386247158,0.9053125,0.909375,1.6780462646484375,1.5917153978347778,0.0081823409395292,,,,
789,4,Fusion-ESM2,13,0.1809464797377586,0.0892729774117469,0.063786431401968,0.9015625,0.91625,1.706620650291443,1.632870576381683,0.0322852394077926,,,,
789,4,Fusion-ESM2,14,0.1723521247506141,0.0817178910225629,0.0642203503102064,0.91125,0.9096875,1.7288701772689818,1.6770029282569885,0.0394077652320265,,,,
789,4,Fusion-ESM2,15,0.1694026580452919,0.0787565609067678,0.0648288898169994,0.9184375,0.9159375,1.824907648563385,1.735431091785431,0.0596594295278191,0.86952830896138,0.6580007499062618,0.3593383713448284,0.5589071150714933
789,4,Fusion-ESM2,16,0.1629645040631294,0.0770647753775119,0.0618777976185083,0.9171875,0.9209375,1.821085705757141,1.737851264476776,-0.0453054068610072,,,,
789,4,Fusion-ESM2,17,0.1718735736608505,0.0788874029368162,0.0653940679132938,0.91875,0.9071875,1.874371464252472,1.7375230860710145,0.0813601724617183,,,,
789,4,Fusion-ESM2,18,0.1593522535264492,0.0745302502810955,0.0607317998260259,0.9221875,0.9171875,1.859626009464264,1.805030469894409,0.0439882311318069,,,,
789,4,Fusion-ESM2,19,0.1600323309004306,0.0752769562602043,0.0602778440713882,0.9240625,0.916875,1.8859699249267576,1.8349512004852293,-0.0188422262156382,,,,
789,4,Fusion-ESM2,20,0.1610512806475162,0.0754990426450967,0.0619557090848684,0.9221875,0.91375,1.9131863045692443,1.7972753024101258,0.0700058719143271,0.8757975253093364,0.6704791901012375,0.4513828424521135,0.6315577425347252
789,4,Fusion-ESM2,21,0.1528656513988971,0.0726231972128152,0.0574896342307329,0.928125,0.9253125,1.9413761901855469,1.9122930121421813,0.0263314534259552,,,,
789,4,Fusion-ESM2,22,0.1549593466520309,0.0751254773885011,0.0569547183811664,0.9203125,0.9246875,1.9272740483284,1.922199866771698,0.037865687943995,,,,
789,4,Fusion-ESM2,23,0.1510884055495262,0.0710295682027936,0.0577312259376049,0.9225,0.921875,2.00806499004364,1.92696802854538,0.0745367419021204,,,,
789,4,Fusion-ESM2,24,0.1554266059398651,0.0723015317320823,0.060093572884798,0.9234375,0.91875,2.002942652702332,1.897941188812256,0.0615236539393663,,,,
789,4,Fusion-ESM2,25,0.1468363320827484,0.0730502530187368,0.0541859522461891,0.925,0.929375,1.9883634305000304,1.967864134311676,0.0322552603785879,0.8871601049868767,0.6429066366704163,0.6244426674238724,0.4474175918996808
789,4,OneHot,1,0.8582525014877319,0.2640738934278488,0.1932546773552894,0.5353125,0.538125,0.1070950650610029,0.1097360476851463,-0.0654854757944121,,,,
789,4,OneHot,2,0.4586720168590545,0.1759001511335373,0.1375656414031982,0.7171875,0.7371875,0.6662973627448082,0.6099157947301864,0.0636697286646813,,,,
789,4,OneHot,3,0.3233323818445205,0.1355669540166854,0.1064911662042141,0.816875,0.8290625,1.18684233546257,1.044481657743454,0.0326545189204625,,,,
789,4,OneHot,4,0.2593665751814842,0.1113780181109905,0.0923054835200309,0.8540625,0.8625,1.4610340976715088,1.2128208541870118,0.0080153935588896,,,,
789,4,OneHot,5,0.2440312075614929,0.1040645945072174,0.0880718702077865,0.8665625,0.86875,1.6128291249275208,1.341458339691162,0.0234278712980449,0.8544161979752533,0.6067251593550806,0.4446518370759861,0.6442067357091272
789,4,OneHot,6,0.2201251298189163,0.0983782003819942,0.0812813549488782,0.8853125,0.881875,1.7390399956703186,1.3972777819633484,0.0433592916745692,,,,
789,4,OneHot,7,0.2102665841579437,0.0919653701782226,0.0793210990726947,0.8921875,0.88125,1.8020608472824096,1.5017393708229063,0.0502938499627634,,,,
789,4,OneHot,8,0.1999381953477859,0.0881130165606737,0.0756226324290037,0.9021875,0.8940625,1.8856115746498108,1.5720945954322816,0.0429183889459818,,,,
789,4,OneHot,9,0.1886985130608081,0.0813885625451803,0.0734262811392545,0.9096875,0.900625,1.991522479057312,1.6279313945770264,0.0265883215516805,,,,
789,4,OneHot,10,0.1862187430262565,0.0844877683371305,0.0690944015979766,0.904375,0.899375,2.018531494140625,1.7186887788772582,0.043962862631306,0.8626531683539558,0.6743787026621673,0.3515531121146087,0.8025624002578907
789,4,OneHot,11,0.1813511742651462,0.0835904628783464,0.0670344331488013,0.9059375,0.9128125,2.006886570453644,1.794337773323059,0.0317191641870886,,,,
789,4,OneHot,12,0.1776086504757404,0.0812738706171512,0.0662739057093858,0.9059375,0.904375,2.0508794593811035,1.794249210357666,0.047008620109409,,,,
789,4,OneHot,13,0.1758581553399562,0.0804686924815177,0.0655605309456586,0.908125,0.9084375,2.0963740301132203,1.866187126636505,0.0151715333200991,,,,
789,4,OneHot,14,0.1694976422190666,0.0766235896944999,0.0647626380622387,0.91875,0.9140625,2.11211549282074,1.8240974950790405,0.0487442874163389,,,,
789,4,OneHot,15,0.1633396671712398,0.078243216574192,0.0609332076460123,0.909375,0.914375,2.1127404975891118,1.9564504098892213,0.0061031489248853,0.830605174353206,0.6668136482939633,0.12278002577659,0.7716696669281012
789,4,OneHot,16,0.1594401375949382,0.073336759135127,0.0612540829181671,0.9184375,0.9159375,2.139291360378265,1.9535385036468509,0.0049962735496228,,,,
789,4,OneHot,17,0.1532833975553512,0.0699713484942913,0.0608548545092344,0.9203125,0.9109375,2.175988047122955,1.9315721559524537,0.0406159646157175,,,,
789,4,OneHot,18,0.1563861437141895,0.0731929929554462,0.05932007946074,0.9196875,0.9175,2.123088822364807,1.9947650003433228,0.0456585695706598,,,,
789,4,OneHot,19,0.1509871052205562,0.0688185811787843,0.0592829003930091,0.92375,0.9153125,2.1867189526557924,2.020636148452758,0.0415808662050403,,,,
789,4,OneHot,20,0.1510201561450958,0.0710617222636938,0.0575331358239054,0.92375,0.9203125,2.1508382081985475,2.1120009541511537,0.0674065179235185,0.853390326209224,0.6718530183727035,0.3719894175939355,0.8392931304374042
789,4,OneHot,21,0.1488890595734119,0.0711737389117479,0.0562673450633883,0.92375,0.920625,2.1764792370796204,2.0619007921218877,0.0294862730707973,,,,
789,4,OneHot,22,0.1503017410635948,0.069811433032155,0.0575442344695329,0.9240625,0.9225,2.1653339862823486,2.085689208507538,0.0682969793118536,,,,
789,4,OneHot,23,0.1441532039642334,0.0669350785017013,0.0555403550714254,0.9315625,0.9234375,2.271861386299133,2.1382105588912963,0.049063285626471,,,,
789,4,OneHot,24,0.1421295082569122,0.065864965468645,0.0552303702011704,0.926875,0.9228125,2.2656922054290773,2.109241900444031,0.0047257899912074,,,,
789,4,OneHot,25,0.1426901650428772,0.0675631818920373,0.0552978911250829,0.92125,0.920625,2.2428097128868103,2.108659043312073,0.0167597707360982,0.8686224221972254,0.6482639670041246,0.4973645297805987,0.7479933463708872
789,5,ESM2,1,1.0185831081867218,0.2645029577612877,0.224034554362297,0.5040625,0.5096875,-0.0007304338924586,0.0136022637411952,-0.0487376918527297,,,,
789,5,ESM2,2,0.8821579909324646,0.2404567086696624,0.1951369169354438,0.521875,0.5315625,0.0237305492907762,0.0541418070346117,0.0161871159216389,,,,
789,5,ESM2,3,0.7856092154979706,0.2301429855823517,0.1831119695305824,0.5553125,0.5609375,0.0538944805413484,0.122144588381052,0.0371585196908563,,,,
789,5,ESM2,4,0.6067609077692032,0.2151209640502929,0.1620419165492057,0.6053125,0.6509375,0.1834559784084558,0.3345627936720848,0.1160780869424343,,,,
789,5,ESM2,5,0.4742327040433883,0.1881748047471046,0.1386070020496845,0.683125,0.7375,0.4250995776057243,0.6224967592954636,0.2121458694152534,0.779485564304462,0.5978942632170979,0.6014112755344725,0.6052867567109672
789,5,ESM2,6,0.4116797107458114,0.168897516131401,0.1244293615221977,0.74125,0.779375,0.6382696771621704,0.8105109399557113,0.1421857847413048,,,,
789,5,ESM2,7,0.3592882284522056,0.158248802870512,0.1083398404717445,0.755,0.8178125,0.7255652749538422,1.02466756939888,0.2205070515931584,,,,
789,5,ESM2,8,0.340436685681343,0.1515552581846714,0.1034040059149265,0.766875,0.8396875,0.8098037916421891,1.2040525913238525,0.1664129466935992,,,,
789,5,ESM2,9,0.3182342344522476,0.1457171495258808,0.0970856168866157,0.7846875,0.8490625,0.8944016408920288,1.243088972568512,0.0769958753883838,,,,
789,5,ESM2,10,0.304172895848751,0.1413504861295223,0.0922622606903314,0.7971875,0.865,0.9869015431404112,1.3675299096107485,0.1695381223410368,0.8480509936257968,0.6233010873640796,0.6697755831498393,0.6489906497943178
789,5,ESM2,11,0.2895615953207016,0.1363709309697151,0.0887394453585147,0.8071875,0.86875,0.9797546100616455,1.3947992205619812,0.052849158141762,,,,
789,5,ESM2,12,0.2789909210801125,0.1325350116193294,0.0862671077251434,0.816875,0.876875,1.1182708728313446,1.432874550819397,0.1002238431572914,,,,
789,5,ESM2,13,0.2753284758329391,0.1320214949548244,0.0847078209370374,0.8096875,0.8703125,1.1044841945171355,1.4546136999130248,0.1544382887333631,,,,
789,5,ESM2,14,0.2657793444395065,0.1276749189198017,0.0822826287150383,0.8221875,0.875,1.1128566706180572,1.5075125288963318,0.0951561526674777,,,,
789,5,ESM2,15,0.2663340312242508,0.1257522468268871,0.0842994549125433,0.8265625,0.8740625,1.1555900430679322,1.5157467126846311,0.0599527982389554,0.8669366329208849,0.6303322084739409,0.6649908925812669,0.6639910583665253
789,5,ESM2,16,0.2624219262599945,0.1245725165307521,0.0835705973953008,0.8309375,0.8725,1.162519884109497,1.4731213784217834,0.0937844560015946,,,,
789,5,ESM2,17,0.2637803131341934,0.1239880211651325,0.0834318075329065,0.8303125,0.87875,1.215328780412674,1.5675031447410583,0.10894192205742,,,,
789,5,ESM2,18,0.2595108234882354,0.1199283619225025,0.084249068275094,0.841875,0.879375,1.2726231598854063,1.499794237613678,0.0397377965599298,,,,
789,5,ESM2,19,0.2518624785542488,0.122159968316555,0.0787652108818292,0.83625,0.8871875,1.2281169068813325,1.5426984763145446,0.0881151670683175,,,,
789,5,ESM2,20,0.2430085399746895,0.1162984046339988,0.0791695056855678,0.8509375,0.88375,1.2897893166542054,1.5499176502227785,0.0666088495310396,0.870302212223472,0.6446824146981628,0.5675940557532058,0.6689371390308747
789,5,ESM2,21,0.244052033573389,0.1170030716061592,0.0789314675331115,0.844375,0.891875,1.293196932077408,1.5376815748214725,0.0721209331229329,,,,
789,5,ESM2,22,0.2431487894058227,0.1158885787427425,0.0793308326601982,0.8484375,0.8809375,1.263750469684601,1.6212203359603885,0.132048774305731,,,,
789,5,ESM2,23,0.2415019708871841,0.115368632376194,0.0785009304434061,0.848125,0.8853125,1.3129298424720763,1.586628060340881,0.0348107969388365,,,,
789,5,ESM2,24,0.2390256077051162,0.1153544484078884,0.0776396957784891,0.84875,0.8825,1.3310211563110352,1.5848664164543151,0.0961372784152627,,,,
789,5,ESM2,25,0.2409386113286018,0.1148068648576736,0.0803788068890571,0.8528125,0.8784375,1.3753307485580444,1.5102548956871034,0.1919699678011238,0.8812328458942634,0.6244769403824523,0.6765876849762816,0.5902052648491802
789,5,Fusion-ESM2,1,0.7366271084547042,0.228228465616703,0.1748690164089202,0.549375,0.5884375,0.0748280794359743,0.1556576067209243,0.0192579295253381,,,,
789,5,Fusion-ESM2,2,0.412851111292839,0.1716621501743793,0.1261850419640541,0.7375,0.77375,0.4717832464724779,0.6432379055023193,0.1168957230169326,,,,
789,5,Fusion-ESM2,3,0.3021078449487686,0.1336785309016704,0.1025438866019249,0.8259375,0.8490625,0.8927662014961243,0.9291240060329438,0.0706016254797577,,,,
789,5,Fusion-ESM2,4,0.2591782778501511,0.1139698159694671,0.0929858046770095,0.8628125,0.859375,1.1698656928539275,1.1046000456809997,0.0930243552057072,,,,
789,5,Fusion-ESM2,5,0.2554247459769249,0.1133503891527652,0.0905566846579313,0.87125,0.8621875,1.281263884305954,1.1741243255138398,0.1241914710775017,0.8831706036745408,0.5594030746156732,0.5873004931796993,0.4545529213826769
789,5,Fusion-ESM2,6,0.2291728782653808,0.1065390363335609,0.0801181931793689,0.873125,0.889375,1.358331263065338,1.3397988319396972,0.0234159765858203,,,,
789,5,Fusion-ESM2,7,0.214511204957962,0.0995092167705297,0.076975786909461,0.8884375,0.894375,1.4738413286209109,1.427610251903534,0.0511997719621285,,,,
789,5,Fusion-ESM2,8,0.2118574860692024,0.0967141360789537,0.0757245551049709,0.8940625,0.891875,1.5361394381523132,1.5026690149307251,0.0780880536697805,,,,
789,5,Fusion-ESM2,9,0.2021019855141639,0.0917027102410793,0.0738335742801427,0.9003125,0.89375,1.652160165309906,1.567262225151062,-0.0288098252005875,,,,
789,5,Fusion-ESM2,10,0.1912872824072838,0.088233374133706,0.0705513838678598,0.9003125,0.90625,1.7033805823326111,1.6305026197433472,0.0906652693450451,0.882546681664792,0.6215373078365205,0.369069945382603,0.4945269831453702
789,5,Fusion-ESM2,11,0.1802543003857135,0.0845672004669904,0.0665715616196394,0.9078125,0.91,1.7392655825614929,1.6994411110877992,0.0730507409851998,,,,
789,5,Fusion-ESM2,12,0.1802509769797325,0.0859625422954559,0.0655493260920047,0.910625,0.911875,1.8082780742645264,1.712173364162445,0.0222633186448365,,,,
789,5,Fusion-ESM2,13,0.1758983646333217,0.0835182033479213,0.0641807022690773,0.9053125,0.9071875,1.8149009943008425,1.7754233193397522,-0.0024596006423234,,,,
789,5,Fusion-ESM2,14,0.1761773015558719,0.0823004509508609,0.0654467553645372,0.909375,0.9065625,1.8492959356307983,1.763974862098694,0.0740479586902074,,,,
789,5,Fusion-ESM2,15,0.1762505133450031,0.0813294692337513,0.0660576337575912,0.9109375,0.9046875,1.8754522919654848,1.7806576085090635,0.0207851834967732,0.8787611548556431,0.6118665166854144,0.6022222400376205,0.6113680034294298
789,5,Fusion-ESM2,16,0.1725660088658333,0.082534886226058,0.0626052846014499,0.9128125,0.91375,1.9035364413261413,1.9173524904251096,0.0029373766947537,,,,
789,5,Fusion-ESM2,17,0.1652862647175789,0.0786486180499196,0.0605533677712082,0.9225,0.9184375,1.9860059213638304,1.9697377729415888,0.0066143162373919,,,,
789,5,Fusion-ESM2,18,0.1637298353016376,0.0772529952228069,0.0614872626960277,0.918125,0.9146875,1.8722799158096315,1.9203815650939944,0.072464302945882,,,,
789,5,Fusion-ESM2,19,0.1625610236823559,0.0787498419731855,0.0594308017939329,0.9184375,0.915625,1.9989614510536196,1.9259074854850768,0.0133728439151309,,,,
789,5,Fusion-ESM2,20,0.1582889644801616,0.0774405238777399,0.0575333870574832,0.9165625,0.9234375,1.9807017016410828,2.0039506316185,0.0413661050191149,0.8765834270716161,0.641238845144357,0.6366071349710908,0.4969594818327553
789,5,Fusion-ESM2,21,0.1527694892138242,0.0733555132895708,0.0564684503898024,0.928125,0.925,2.033493537902832,2.030233042240143,0.0351456834678538,,,,
789,5,Fusion-ESM2,22,0.1567275524139404,0.0740855994075536,0.0585312182456254,0.9228125,0.916875,2.035301241874695,2.062263824939728,0.016881373215001,,,,
789,5,Fusion-ESM2,23,0.1543626058101654,0.0753676187247038,0.0559415925666689,0.923125,0.9246875,1.9959489703178408,2.0837029314041136,0.0488164719007909,,,,
789,5,Fusion-ESM2,24,0.1553390358388424,0.0728625172376632,0.059039677157998,0.9228125,0.9228125,2.036157960891724,2.0054649353027343,0.0295772963482886,,,,
789,5,Fusion-ESM2,25,0.1527813817560672,0.0734040203690528,0.0569267868995666,0.9209375,0.9196875,2.047436044216156,2.0507628512382508,0.0156938003608956,0.8729718785151857,0.6420067491563555,0.3204931716440446,0.6618018095478787
789,5,OneHot,1,0.8477264803647995,0.2521908769011498,0.2072746437788009,0.5334375,0.57,0.0995910943299532,0.1415348520874977,0.0092519721249118,,,,
789,5,OneHot,2,0.474177680015564,0.1822528019547462,0.1398844142258167,0.69375,0.7365625,0.5230637992918491,0.5599875491857529,0.0707809668965637,,,,
789,5,OneHot,3,0.3146077597141266,0.1332357428967952,0.1057323151826858,0.8184375,0.8340625,1.153213803768158,0.9728416311740876,0.0698228040896356,,,,
789,5,OneHot,4,0.2619947373867035,0.1122757682204246,0.0934787189960479,0.86625,0.8584375,1.3500465965270996,1.1379154694080351,0.0715241693891584,,,,
789,5,OneHot,5,0.2389146175980568,0.1047042919695377,0.085717979222536,0.871875,0.8753125,1.4810231614112854,1.2728546059131622,0.0648664688318967,0.8366764154480691,0.5860397450318712,0.2619415345167673,0.6786671337804148
789,5,OneHot,6,0.227503290772438,0.1021104887127876,0.0820392796397209,0.88125,0.881875,1.5529565024375915,1.305929639339447,0.073679968919605,,,,
789,5,OneHot,7,0.2108263257145881,0.0960336660593748,0.0768425241112709,0.8875,0.8934375,1.618639018535614,1.398466849327087,0.0488503948319703,,,,
789,5,OneHot,8,0.1982818987965584,0.0891618625819683,0.0734363273531198,0.9053125,0.9009375,1.7756790614128113,1.5199136662483217,-0.0208223969303071,,,,
789,5,OneHot,9,0.2001703889667987,0.0893390467762947,0.0740337966382503,0.9009375,0.894375,1.797393262386322,1.5465802431106568,0.0090441656997427,,,,
789,5,OneHot,10,0.191234813183546,0.0872319228947162,0.0716337227076292,0.9040625,0.9003125,1.7728893041610718,1.5956213617324828,0.0143774123257026,0.8111676040494938,0.6556010498687664,-0.087827455690916,0.6669100567913874
789,5,OneHot,11,0.1864266000688076,0.0850362852215766,0.0688392849266529,0.909375,0.90875,1.8201246762275696,1.666093316078186,-0.0038714202726259,,,,
789,5,OneHot,12,0.1853494261205196,0.0848031801730394,0.0689447728544473,0.904375,0.9028125,1.8890880274772643,1.6723639750480652,0.0107619595061987,,,,
789,5,OneHot,13,0.1827418081462383,0.0844154066592454,0.0668454927951097,0.910625,0.909375,1.892047910690308,1.738533971309662,0.0366128747607581,,,,
789,5,OneHot,14,0.1756632447242737,0.080020038858056,0.065963947288692,0.918125,0.905625,1.93847323179245,1.7468234968185423,0.0390997079630415,,,,
789,5,OneHot,15,0.1693542322516441,0.0800445716083049,0.0632028758525848,0.909375,0.9125,1.9465522170066836,1.7779655480384826,0.0368154629133641,0.8522864641919761,0.6302902137232846,0.2502636456714377,0.6048813402630698
789,5,OneHot,16,0.1627559328079223,0.0743935043364763,0.0627233776077628,0.9253125,0.913125,2.0515729641914366,1.7833949661254882,0.0449430665047839,,,,
789,5,OneHot,17,0.1669901779294014,0.076975422501564,0.0626027175039053,0.916875,0.914375,2.0321020030975343,1.8348968958854677,0.0103013185691088,,,,
789,5,OneHot,18,0.1648235782980918,0.0785093022882938,0.0608107491582632,0.9165625,0.9190625,2.002368006706238,1.812298414707184,0.0506350904144346,,,,
789,5,OneHot,19,0.1584923434257507,0.0740677203983068,0.0604571552947163,0.919375,0.91875,2.0093522024154664,1.877249460220337,0.0486002005450427,,,,
789,5,OneHot,20,0.1626044645905494,0.078378754556179,0.0590991515293717,0.914375,0.9159375,2.0893325805664062,1.947001564502716,0.0356768276687944,0.853294338207724,0.6413408323959506,0.4440841619237826,0.7212358608096523
789,5,OneHot,21,0.158120265007019,0.0730157676339149,0.0607042037323117,0.9246875,0.916875,2.092263624668121,1.8931398105621335,0.0442316361214034,,,,
789,5,OneHot,22,0.1504649002850055,0.0698272320628166,0.0575562615692615,0.9275,0.919375,2.125352187156677,1.981689240932465,0.022008362095803,,,,
789,5,OneHot,23,0.1592671746015548,0.0772991704195737,0.0572974022477865,0.924375,0.921875,2.1184473872184757,2.01356321811676,-0.0182627451512962,,,,
789,5,OneHot,24,0.1492323543131351,0.0714068556949496,0.0561521245539188,0.930625,0.9190625,2.114871346950531,2.00592077255249,0.0283780331781599,,,,
789,5,OneHot,25,0.1456111487746238,0.0687408347427845,0.0552703578025102,0.928125,0.923125,2.1483820986747744,2.09259948015213,-0.0065268064767587,0.8573498312710912,0.6458762654668168,0.35106653341272,0.6197195822561182
2024,1,ESM2,1,0.9317778551578522,0.2565099602937698,0.2014598828554153,0.4803125,0.5171875,-0.0143185056000947,0.0221769453585147,0.0436806344054639,,,,
2024,1,ESM2,2,0.8709438025951386,0.234934289753437,0.1857565039396286,0.506875,0.505,0.0117354828119277,0.0163726375997066,0.034806568847016,,,,
2024,1,ESM2,3,0.768517439365387,0.2244081273674965,0.1763696366548538,0.531875,0.5528125,0.045629440434277,0.0756847150623798,0.0498745189595501,,,,
2024,1,ESM2,4,0.6494895732402801,0.2177726671099663,0.1648148503899574,0.5721875,0.6175,0.108389570089057,0.187048884704709,0.0884774110373109,,,,
2024,1,ESM2,5,0.4989504599571228,0.1983492049574852,0.1418659989535808,0.6475,0.726875,0.2938328284025192,0.3992215225100517,0.1294698490330483,0.7400584926884141,0.6013258342707162,0.5791097516979057,0.6030975078923206
2024,1,ESM2,6,0.4140580314397812,0.174684522151947,0.125179034024477,0.72625,0.7784375,0.5527938508987427,0.5989907318353653,0.0884549304563552,,,,
2024,1,ESM2,7,0.3650071573257446,0.1626291993260383,0.1112244933843612,0.7471875,0.8296875,0.6580539405345917,0.802502498626709,0.1204845595732331,,,,
2024,1,ESM2,8,0.3351219031214714,0.1507453696429729,0.1052023185789585,0.7740625,0.8359375,0.8234126830101013,0.8860703229904174,0.1159250896610319,,,,
2024,1,ESM2,9,0.3194054573774337,0.1479101780056953,0.0995140932500362,0.7815625,0.853125,0.8881402552127838,0.944481565952301,0.1584611824527383,,,,
2024,1,ESM2,10,0.3083806011080742,0.1440424747765064,0.0956795592606067,0.788125,0.8565625,0.9012138068675994,1.06986053109169,0.1325812641251832,0.823724034495688,0.622629171353581,0.6311736728,0.5384741260974593
2024,1,ESM2,11,0.2909174385666847,0.1379845358431339,0.0917350047826767,0.80625,0.87625,0.981331388950348,1.071571420431137,0.1772219527140259,,,,
2024,1,ESM2,12,0.2866674992442131,0.1329865299165248,0.0916489800810814,0.814375,0.871875,1.0349722146987914,1.108947198390961,0.0854604545235633,,,,
2024,1,ESM2,13,0.2670804712176323,0.1274390436708927,0.0861541295796632,0.8315625,0.885,1.091893184185028,1.1704188454151154,0.0603578201774507,,,,
2024,1,ESM2,14,0.265604276061058,0.1271339948475361,0.0852511292695999,0.8225,0.8825,1.0576692354679107,1.184416434764862,0.0956695286929607,,,,
2024,1,ESM2,15,0.2656493869423866,0.1278503845632076,0.0848735105991363,0.8296875,0.879375,1.152888354063034,1.2292647814750672,0.116903869882226,0.8608413948256469,0.6072110986126734,0.61576534724019,0.4222817721300358
2024,1,ESM2,16,0.2649388137459755,0.12687284424901,0.0836875115334987,0.8253125,0.8875,1.130077723264694,1.253699556589127,0.1240283196605742,,,,
2024,1,ESM2,17,0.2591211083531379,0.1225454078614711,0.0842200246453285,0.838125,0.8771875,1.1504847991466522,1.305375213623047,0.0877038163668476,,,,
2024,1,ESM2,18,0.2483182528614997,0.1189243523776531,0.0819369172304868,0.8390625,0.886875,1.2107584118843078,1.308705096244812,0.1233664810843765,,,,
2024,1,ESM2,19,0.2517282474040985,0.118729672729969,0.0823919606208801,0.839375,0.879375,1.2613505172729491,1.322596962451935,0.0799497618712484,,,,
2024,1,ESM2,20,0.2538218793272972,0.1193816481530666,0.0829031409323215,0.8503125,0.8825,1.334179813861847,1.3518325698375702,0.0591554972622543,0.871520059992501,0.6174578177727784,0.7002678484681999,0.4839050722104558
2024,1,ESM2,21,0.2475728598237037,0.1192208108305931,0.0813513865321874,0.845625,0.883125,1.222811689376831,1.3211672687530518,0.1294223237130791,,,,
2024,1,ESM2,22,0.2438917878270149,0.1173463241755962,0.0797873652726411,0.8475,0.8884375,1.2986824369430543,1.4154053139686584,0.2091110230237245,,,,
2024,1,ESM2,23,0.2418043631315231,0.1162774911522865,0.0799733915179967,0.84625,0.8853125,1.2879932260513305,1.4001933789253236,0.1358681868016719,,,,
2024,1,ESM2,24,0.2362457385659218,0.1121525090932846,0.0796318952739238,0.855625,0.8884375,1.3056485450267792,1.40146892786026,0.0949533524061553,,,,
2024,1,ESM2,25,0.2346374329924583,0.1096447031199932,0.0797958974540233,0.86375,0.8903125,1.411823925971985,1.4418779850006105,0.0995657114498317,0.8804349456317961,0.6073670791151106,0.6581787907548245,0.4331469329336889
2024,1,Fusion-ESM2,1,0.7729257845878601,0.231541953086853,0.2065003463625908,0.5953125,0.568125,0.1841972067207098,0.1788524973392486,0.0480514723761007,,,,
2024,1,Fusion-ESM2,2,0.400335795879364,0.154646715670824,0.1334801068902015,0.7859375,0.756875,0.830943688750267,0.7450189405679702,0.1124463999643921,,,,
2024,1,Fusion-ESM2,3,0.2958202004432678,0.1227315635979175,0.1056493179500103,0.8409375,0.8375,1.227696806192398,1.0592939150333405,0.0699312376417219,,,,
2024,1,Fusion-ESM2,4,0.2682603847980499,0.1109206482768058,0.0972776877880096,0.861875,0.8584375,1.4282333445549011,1.2677495503425598,0.0205532234534621,,,,
2024,1,Fusion-ESM2,5,0.2410084414482116,0.1028490211814641,0.0884055068343877,0.8803125,0.86375,1.5575050687789918,1.4312295949459075,0.072705965526402,0.8739917510311211,0.5843959505061868,0.6707487405536168,0.5025542288137408
2024,1,Fusion-ESM2,6,0.2299875685572624,0.1036762098968029,0.0825644740462303,0.8784375,0.876875,1.6099074959754944,1.5141047406196595,0.0915780968219041,,,,
2024,1,Fusion-ESM2,7,0.2175061136484146,0.0991584476828575,0.0776009131222963,0.8825,0.888125,1.6417889785766602,1.5737429642677307,0.1240519698150456,,,,
2024,1,Fusion-ESM2,8,0.2027548092603683,0.0897322072833776,0.0756699104607105,0.8928125,0.8934375,1.7101250910758972,1.6356749987602237,0.0637860332801938,,,,
2024,1,Fusion-ESM2,9,0.1995913688838481,0.090319385305047,0.0731450359523296,0.8975,0.90125,1.7628900170326234,1.654759545326233,-0.0136854492733255,,,,
2024,1,Fusion-ESM2,10,0.1897603996098041,0.0864841052144765,0.0713478726148605,0.903125,0.8909375,1.909247934818268,1.7178646302223206,0.0010094019281677,0.8747656542932134,0.6526194225721785,0.3880465147562636,0.5912593476137138
2024,1,Fusion-ESM2,11,0.194217579215765,0.0899146229028701,0.0706072106212377,0.9025,0.9025,1.8279415678977968,1.7142868614196778,0.0402928605582565,,,,
2024,1,Fusion-ESM2,12,0.1832740508019924,0.0832634147256612,0.0674403113126754,0.908125,0.9053125,1.873039391040802,1.912466926574707,0.0327148636104539,,,,
2024,1,Fusion-ESM2,13,0.1832916611433029,0.0843464040756225,0.0694809474796056,0.908125,0.9034375,1.8841400408744813,1.8590540599823,0.0372976128291338,,,,
2024,1,Fusion-ESM2,14,0.1686181978881359,0.0773126827180385,0.0636599570512771,0.915625,0.9146875,1.960330939292908,1.9953693652153013,0.0351064246683381,,,,
2024,1,Fusion-ESM2,15,0.1698904573917388,0.0781409391015768,0.0634711152315139,0.911875,0.910625,1.9864881205558775,1.97409175157547,0.0214904259797185,0.8512485939257594,0.6584686914135733,0.3586895997423102,0.5192573864671178
2024,1,Fusion-ESM2,16,0.1760451550781726,0.0799482755362987,0.0662158129364252,0.911875,0.9125,2.000480136871338,1.926749038696289,0.0764585053082555,,,,
2024,1,Fusion-ESM2,17,0.162232833057642,0.0752847535908222,0.0620871307700872,0.92375,0.9146875,2.07203946352005,1.9467995262146,0.0017495400458574,,,,
2024,1,Fusion-ESM2,18,0.1630423538386821,0.0762771728634834,0.0609891912713646,0.92,0.9146875,2.0665201854705813,2.001529619693756,0.0375695621594786,,,,
2024,1,Fusion-ESM2,19,0.1587744165956974,0.0730640576034784,0.0609600429981946,0.9196875,0.913125,2.090515661239624,2.0557466530799866,0.0917852689139545,,,,
2024,1,Fusion-ESM2,20,0.1713720639050006,0.0800709050893783,0.0638263012468814,0.914375,0.9084375,2.0452250623703003,1.9627820873260495,0.0850070150382816,0.8839805024371954,0.6699452568428947,0.5065284286661698,0.7197763615972212
2024,1,Fusion-ESM2,21,0.1589252775907516,0.0742510154098272,0.0610620551928877,0.9221875,0.91125,2.119081945419312,1.98783228635788,-0.0033527318201959,,,,
2024,1,Fusion-ESM2,22,0.1520266333222389,0.0731618219614028,0.0572496175765991,0.9259375,0.9203125,2.066606159210205,2.089154543876648,0.0080598984885727,,,,
2024,1,Fusion-ESM2,23,0.1516224411129951,0.0713784401118755,0.0583284486457705,0.9278125,0.92,2.150764415264129,2.0637708711624145,-0.0207303832552861,,,,
2024,1,Fusion-ESM2,24,0.1534542649984359,0.0718211907893419,0.0578250796347856,0.923125,0.920625,2.121423487663269,2.1685724210739137,0.0099909470044076,,,,
2024,1,Fusion-ESM2,25,0.1521662221848964,0.0723439879715442,0.0571139243245124,0.92625,0.926875,2.133248965740204,2.107076113224029,0.0337162991613149,0.858249718785152,0.6673655793025873,0.4296489937677502,0.7220466937054473
2024,1,OneHot,1,0.786958276629448,0.245327358841896,0.181449294090271,0.5928125,0.563125,0.11068846963346,0.121358895227313,0.0033036605420056,,,,
2024,1,OneHot,2,0.4475160282850265,0.1753994664549827,0.135297120809555,0.7325,0.745625,0.5332587239146233,0.5555600559711457,0.0382617775630205,,,,
2024,1,OneHot,3,0.3209354430437088,0.1374148750305175,0.1073951342701911,0.813125,0.83375,0.9557237756252288,0.8954784095287323,0.0878763729147613,,,,
2024,1,OneHot,4,0.2696479845046997,0.1173610061407089,0.0947139793634414,0.856875,0.8603125,1.2358724415302276,1.1223042404651642,0.0812579184304922,,,,
2024,1,OneHot,5,0.2375114345550537,0.1019530929625034,0.0882556353509426,0.8728125,0.870625,1.4225372505187988,1.234193913936615,0.0708326359069906,0.8607874015748033,0.6242969628796401,0.4700350260245149,0.6057732564484442
2024,1,OneHot,6,0.2209740814566612,0.09400822840631,0.0840789292007684,0.893125,0.8815625,1.5988400530815126,1.3166912865638734,0.0777115353196859,,,,
2024,1,OneHot,7,0.2177723510563373,0.0979086388647556,0.0797908812016248,0.8878125,0.880625,1.5571517586708068,1.4253951930999755,0.0766441627312451,,,,
2024,1,OneHot,8,0.2119057464599609,0.0957135966420173,0.0780816396325826,0.88625,0.8853125,1.65750239610672,1.4424233388900758,0.0245852902252227,,,,
2024,1,OneHot,9,0.1984169571101665,0.0902259086817503,0.0733887539803981,0.903125,0.8975,1.7084569907188416,1.5044199848175048,0.0436098880134522,,,,
2024,1,OneHot,10,0.1877423611283302,0.0843067974597215,0.0714859085530042,0.9025,0.8990625,1.801869704723358,1.6087904930114747,0.0279327303078025,0.8487529058867643,0.6574668166479191,0.4332172375816009,0.6850727136571952
2024,1,OneHot,11,0.1831954345107078,0.0829556591808795,0.0694777671992778,0.909375,0.901875,1.880952467918396,1.620404393672943,0.0328873869846575,,,,
2024,1,OneHot,12,0.1819925384223461,0.0822881232202053,0.0694170922040939,0.90875,0.9040625,1.8635923409461972,1.6416587901115418,0.0271356970444321,,,,
2024,1,OneHot,13,0.1699750839173793,0.076601890027523,0.06618342615664,0.9196875,0.906875,1.9473354744911195,1.7115227913856506,-0.0230064697365742,,,,
2024,1,OneHot,14,0.1701135462522506,0.0772879304736852,0.0647718434780836,0.9234375,0.914375,1.980477402210236,1.7692719769477845,0.0106367756740655,,,,
2024,1,OneHot,15,0.1618199335038662,0.0757453393191099,0.060782593935728,0.9203125,0.919375,1.9812883782386776,1.8393644714355468,-0.0225443571526557,0.8417037870266217,0.6596325459317586,0.5474821360751381,0.6317199091138843
2024,1,OneHot,16,0.1675819972157478,0.0771575912088155,0.062785358056426,0.9228125,0.9165625,1.988499948978424,1.855893075466156,0.0033482720889151,,,,
2024,1,OneHot,17,0.1630209830403328,0.0763916569948196,0.0612373902276158,0.9184375,0.91625,2.052761147022247,1.8921391677856445,0.0388123338576406,,,,
2024,1,OneHot,18,0.1569558614492416,0.072778847143054,0.0608634814620018,0.921875,0.9165625,2.0748115372657776,1.91336097240448,0.0112446499522775,,,,
2024,1,OneHot,19,0.1537382853031158,0.0716249180585145,0.0585147925466299,0.9290625,0.920625,2.161287837028504,1.9521730303764344,0.0582235409179702,,,,
2024,1,OneHot,20,0.1588028879463672,0.0740504011511802,0.0601864486187696,0.923125,0.9184375,2.137222075462341,1.9145020627975464,0.0756508000474423,0.8620892388451444,0.6574548181477315,0.4741709449905692,0.5600422811256063
2024,1,OneHot,21,0.1436364786326885,0.0661509290710091,0.0567797802016139,0.9284375,0.92375,2.199671137332916,2.0213580107688904,0.0654412484727799,,,,
2024,1,OneHot,22,0.1496494589745998,0.0728587260097265,0.0556564386561512,0.9275,0.9278125,2.1638694310188296,2.006629526615143,0.0970542834990192,,,,
2024,1,OneHot,23,0.1491819812357425,0.070276708304882,0.0563662413507699,0.924375,0.924375,2.152002530097961,2.0343346285820005,0.0155356461321935,,,,
2024,1,OneHot,24,0.1479466676712036,0.0703934825211763,0.0561548300087451,0.9225,0.9171875,2.131369400024414,2.032319180965424,0.0200276733655482,,,,
2024,1,OneHot,25,0.1436009559035301,0.0672959437966346,0.0553805030509829,0.933125,0.9284375,2.2337757396698,2.052081334590912,0.030243130903691,0.8335868016497938,0.6696692913385827,0.3577164423385327,0.5811239364162762
2024,2,ESM2,1,0.8970646429061889,0.2398933285474777,0.1990731251239776,0.524375,0.50125,-0.0050733365863561,0.0040211522579193,-0.0471662155166268,,,,
2024,2,ESM2,2,0.7903257644176483,0.227784032523632,0.1768193271756172,0.5121875,0.5446875,0.0251393110537901,0.0534496120363473,-0.0028607547562569,,,,
2024,2,ESM2,3,0.6995942848920822,0.2173347380757332,0.168538672029972,0.5475,0.5978125,0.0691360192745924,0.1185918284207582,0.0417811504809651,,,,
2024,2,ESM2,4,0.5345663952827454,0.2033466690778732,0.1505967849493026,0.63375,0.6821875,0.1971911613643169,0.2946992987394333,0.1155399409064557,,,,
2024,2,ESM2,5,0.4386535573005676,0.1845973977446556,0.1311051407456398,0.6971875,0.7671875,0.356135623306036,0.4910071539878845,0.1380101738969097,0.7256722909636296,0.5862257217847769,0.57172997471926,0.6283954942411247
2024,2,ESM2,6,0.3833666467666626,0.1697900465130806,0.116465119421482,0.7434375,0.820625,0.5272699719667435,0.6881260061264038,0.182347649349831,,,,
2024,2,ESM2,7,0.359874706864357,0.1622471323609352,0.1108109913766384,0.758125,0.831875,0.6046139979362488,0.7834394454956055,0.2053338773339055,,,,
2024,2,ESM2,8,0.3315633937716484,0.1555224297940731,0.1019323076307773,0.7778125,0.8553125,0.6867363333702088,0.8687696552276611,0.2199054396990686,,,,
2024,2,ESM2,9,0.3192324230074883,0.1507788206636905,0.0977007211744785,0.7859375,0.866875,0.744260106086731,0.9342010736465454,0.1491142885782755,,,,
2024,2,ESM2,10,0.302250428199768,0.1448505915701389,0.0936765696108341,0.7996875,0.8709375,0.7820347684621811,1.0014252758026123,0.1017747954186052,0.8342047244094489,0.6177277840269967,0.6415540184402929,0.5403390417577878
2024,2,ESM2,11,0.2893871790170669,0.1389650447666645,0.0902597393095493,0.8028125,0.8775,0.8559607088565826,1.067227098941803,0.0796792728826403,,,,
2024,2,ESM2,12,0.2813880151510238,0.1362897655367851,0.0894479189813137,0.80625,0.8746875,0.9062038779258728,1.0757442545890807,0.1680575592257082,,,,
2024,2,ESM2,13,0.2697633564472198,0.1309226788580417,0.0861696910858154,0.8253125,0.883125,0.9486083328723908,1.122400345802307,0.0786862638872116,,,,
2024,2,ESM2,14,0.2642922994494438,0.1272547519207,0.0842645493149757,0.8321875,0.8853125,1.033887436389923,1.1876480877399445,0.0983389036357402,,,,
2024,2,ESM2,15,0.2562317430973053,0.1241755782067775,0.0831381619721651,0.833125,0.88375,1.0763089561462402,1.1953953182697297,0.0602593258954584,0.8652328458942633,0.6278005249343832,0.6741547914668379,0.6562070625668932
2024,2,ESM2,16,0.2493564429879188,0.1220566146075725,0.0798685009777546,0.8434375,0.89625,1.0856065082550048,1.2764746928215027,0.0703846799582243,,,,
2024,2,ESM2,17,0.2528525787591934,0.1233317090570926,0.0811364966630935,0.8415625,0.8909375,1.078916975259781,1.298705985546112,0.1270915246196091,,,,
2024,2,ESM2,18,0.2528017345070839,0.1229966513812542,0.0813961528986692,0.8425,0.8903125,1.1084292674064635,1.2847297024726867,0.0454707034293096,,,,
2024,2,ESM2,19,0.2439986723661422,0.11762814193964,0.0802236777544021,0.8534375,0.89125,1.174558448791504,1.3134220480918883,0.0704515009606257,,,,
2024,2,ESM2,20,0.2535163095593452,0.1207038877904415,0.0833046859502792,0.840625,0.8815625,1.1661548507213593,1.285626094341278,0.1938897752761841,0.8722339707536559,0.6256707911511061,0.681453471995169,0.6223142475226623
2024,2,ESM2,21,0.2431613382697105,0.1165447700023651,0.0802322419732809,0.8446875,0.890625,1.2212020540237427,1.3180110549926758,0.08057339070132,,,,
2024,2,ESM2,22,0.2350028133392334,0.1151515190303325,0.076716526672244,0.8571875,0.8953125,1.2031446015834808,1.3751823544502255,-0.0007722308940719,,,,
2024,2,ESM2,23,0.2369095769524574,0.1154847073554992,0.0771187202632427,0.855,0.896875,1.2179521107673643,1.4000532579421998,0.1268809703830629,,,,
2024,2,ESM2,24,0.2364032840728759,0.115128655731678,0.0772102242708206,0.8534375,0.896875,1.2658259403705596,1.4124720001220703,0.1283433455228805,,,,
2024,2,ESM2,25,0.2286789986491203,0.1094539076089859,0.0760279642790556,0.8659375,0.8965625,1.2977379167079923,1.422299017906189,0.0469474789872765,0.8796850393700787,0.6343097112860893,0.7125945089160477,0.5929620966948832
2024,2,Fusion-ESM2,1,0.7834321367740631,0.2412395563721656,0.1761730849742889,0.4984375,0.5809375,0.0401256785914301,0.0884915994107723,0.0139405023492872,,,,
2024,2,Fusion-ESM2,2,0.4730343914031982,0.183850127607584,0.1423211228847503,0.6859375,0.7196875,0.4268012536689639,0.353590487241745,0.0573440277745248,,,,
2024,2,Fusion-ESM2,3,0.320072486102581,0.1359545885026455,0.1144528280198574,0.82125,0.836875,0.9448360669612884,0.6546199744939805,0.0554929024353623,,,,
2024,2,Fusion-ESM2,4,0.2694184395670891,0.115140660405159,0.1012941747903823,0.8609375,0.87125,1.2372794449329376,0.8251594662666321,0.0907004408352077,,,,
2024,2,Fusion-ESM2,5,0.2434416538476944,0.1063396793603897,0.0929978010058403,0.87,0.878125,1.37241947889328,0.947036281824112,0.0490021738177165,0.8870701162354707,0.57249343832021,0.5830023813130155,0.4824455729980247
2024,2,Fusion-ESM2,6,0.2279023942351341,0.099432463645935,0.0881026478111744,0.8846875,0.8884375,1.4635537362098694,1.0283799469470978,0.0538837035698816,,,,
2024,2,Fusion-ESM2,7,0.2250375413894653,0.0971527325361967,0.0882647466659545,0.8859375,0.8859375,1.5359153604507447,1.0713255035877227,0.0625165448337793,,,,
2024,2,Fusion-ESM2,8,0.2084501573443412,0.0930785226821899,0.0811188724637031,0.8871875,0.8975,1.632826066017151,1.1680304491519928,0.0177138002053834,,,,
2024,2,Fusion-ESM2,9,0.1957068905234336,0.0897967318445444,0.0745172782987356,0.89875,0.9071875,1.7296773052215575,1.301835310459137,0.0563048480823636,,,,
2024,2,Fusion-ESM2,10,0.1943533781170845,0.08635846786201,0.0759203519672155,0.9090625,0.9040625,1.7350053930282592,1.3098848569393158,0.0125314098922535,0.862719160104987,0.6139182602174729,0.3609603003511242,0.3986054515728218
2024,2,Fusion-ESM2,11,0.1946982045471668,0.0892780824005603,0.0745891974121332,0.9015625,0.9053125,1.7507499051094055,1.338397009372711,0.1570393549185246,,,,
2024,2,Fusion-ESM2,12,0.1899328532814979,0.087721582353115,0.0714253133535385,0.89625,0.9084375,1.811051995754242,1.436580662727356,0.0365608310978859,,,,
2024,2,Fusion-ESM2,13,0.1815728768706321,0.0837155663222074,0.0689828901737928,0.905,0.9125,1.845438401699066,1.4909000968933106,0.0307407086342573,,,,
2024,2,Fusion-ESM2,14,0.1788958014547824,0.0849090395867824,0.0655360241234302,0.9053125,0.9175,1.8831692671775817,1.5689219760894777,-0.0442368982359766,,,,
2024,2,Fusion-ESM2,15,0.174057175964117,0.0793896312266588,0.0670704782009124,0.904375,0.9184375,1.9408252143859863,1.548586666584015,0.0488084417115896,0.8596715410573679,0.6793940757405326,0.0917200853060259,0.7106139498747376
2024,2,Fusion-ESM2,16,0.1727447248995304,0.0794223830848932,0.0663054205477237,0.9090625,0.914375,1.935861792564392,1.5998075532913207,0.0117609787732362,,,,
2024,2,Fusion-ESM2,17,0.1654483991861343,0.0779226125776767,0.0618601291626691,0.91875,0.921875,1.9727335357666016,1.7031317114830018,0.0152884301543235,,,,
2024,2,Fusion-ESM2,18,0.1712026187777519,0.0820442163944244,0.0634972362592816,0.9128125,0.9165625,1.952929532527924,1.6694148230552672,0.0704814137541689,,,,
2024,2,Fusion-ESM2,19,0.1633239178359508,0.0785267417877912,0.0607310199737548,0.9109375,0.9190625,2.0060285997390745,1.740571322441101,0.0041052686795592,,,,
2024,2,Fusion-ESM2,20,0.1601334044337272,0.0748599056899547,0.0616775061935186,0.9215625,0.9215625,2.0274444317817686,1.7664512276649476,0.0079182998556643,0.8614893138357705,0.6500097487814024,0.158056981663523,0.5499879532177483
2024,2,Fusion-ESM2,21,0.1606630946695804,0.0757830766588449,0.0612304509431123,0.9159375,0.92125,2.053106381893158,1.748827347755432,0.0400788476291927,,,,
2024,2,Fusion-ESM2,22,0.1625037775933742,0.0767644520848989,0.061310429573059,0.9171875,0.92125,2.0321076798439024,1.7740792989730836,0.017440352065023,,,,
2024,2,Fusion-ESM2,23,0.1563287234306335,0.076356491446495,0.0582624740153551,0.918125,0.923125,1.976044540405273,1.8046234703063968,0.0617130737332627,,,,
2024,2,Fusion-ESM2,24,0.1566467362642288,0.0735605856776237,0.059368853457272,0.92125,0.9215625,2.062502384185791,1.8838799691200256,0.0547285228129476,,,,
2024,2,Fusion-ESM2,25,0.1537398147583007,0.0721484249085187,0.0586880033835768,0.9265625,0.923125,2.0894264221191405,1.8376250600814816,0.0517993935942649,0.8677645294338208,0.6492538432695913,0.3723948998455094,0.5872051831347388
2024,2,OneHot,1,0.7642371821403503,0.2260447064042091,0.1820545116066932,0.5565625,0.5821875,0.0554335675574839,0.1321231667697429,0.0088391909748315,,,,
2024,2,OneHot,2,0.4411203718185424,0.1764787286520004,0.1340719911456108,0.7184375,0.7528125,0.4372256872057914,0.5406578630208969,0.0730767055787146,,,,
2024,2,OneHot,3,0.3130251595377922,0.1357018707692623,0.1064338381588459,0.826875,0.8275,0.8316709220409393,0.9214278042316436,0.0531399067689199,,,,
2024,2,OneHot,4,0.2575751069188118,0.1166658867895603,0.0893760854750871,0.855,0.8684375,1.1415063321590424,1.191698124408722,0.0160747205279767,,,,
2024,2,OneHot,5,0.2433958518505096,0.1115412756800651,0.0845604620873928,0.86625,0.8778125,1.268649809360504,1.2924346315860749,0.0506454038619995,0.8745316835395577,0.6020877390326209,0.1246452441338301,0.6912350436652372
2024,2,OneHot,6,0.2175870779156684,0.0959311828762292,0.0805994522571563,0.8909375,0.88875,1.4588501620292664,1.3928939270973206,-0.0121780327986925,,,,
2024,2,OneHot,7,0.2164237590134143,0.0987434094399213,0.0790841723978519,0.88875,0.8896875,1.4898823189735413,1.4560210919380188,0.038848403468728,,,,
2024,2,OneHot,8,0.2133710470795631,0.0955179744213819,0.0783598513901233,0.893125,0.8921875,1.564695405960083,1.462192120552063,0.0265638867765665,,,,
2024,2,OneHot,9,0.197276314496994,0.092134103551507,0.0712239133566618,0.90125,0.9040625,1.59970529794693,1.5801654505729674,0.0640890431060688,,,,
2024,2,OneHot,10,0.1947491472959518,0.088101340457797,0.0726373095065355,0.90125,0.8996875,1.68141939163208,1.6109773993492127,-0.0098204302508383,0.8716700412448445,0.6629801274840645,0.2571568439481947,0.6732345533785882
2024,2,OneHot,11,0.1865456765890121,0.0873042955249547,0.067776353508234,0.904375,0.9078125,1.7126011633872986,1.6556921052932738,-0.0025175945321097,,,,
2024,2,OneHot,12,0.1827075071632862,0.0868249136209488,0.0661070725321769,0.9075,0.91125,1.8038391971588132,1.7229896473884585,0.0245501206396147,,,,
2024,2,OneHot,13,0.1776258479058742,0.0827393846958875,0.0654683367162942,0.9103125,0.911875,1.802950110435486,1.7437767505645752,0.0104470344772562,,,,
2024,2,OneHot,14,0.1696067985892295,0.0798752345889806,0.0623879819363355,0.916875,0.914375,1.932841420173645,1.802624168395996,-0.0099263656431867,,,,
2024,2,OneHot,15,0.1688684795796871,0.0776794811338186,0.0640250854194164,0.915,0.916875,1.9184689569473263,1.802586193084717,0.0115853433636948,0.8638290213723285,0.6660697412823398,0.2698078901973018,0.7591828403328582
2024,2,OneHot,16,0.1646883307397365,0.0795756096392869,0.0600193443894386,0.9109375,0.9209375,1.9418865609169007,1.8689580941200257,0.0587962498608976,,,,
2024,2,OneHot,17,0.168319690823555,0.0757435100898146,0.0646411676704883,0.9121875,0.9134375,2.019078869819641,1.8526138162612915,-0.0130665703397244,,,,
2024,2,OneHot,18,0.1635990625619888,0.0757349414750933,0.0609118010476231,0.9234375,0.92125,2.018691546916961,1.9070480608940124,0.031108746076934,,,,
2024,2,OneHot,19,0.1571934209764003,0.0746406085789203,0.0582913804799318,0.923125,0.925,2.056023097038269,1.9688086557388305,0.0638288932107389,,,,
2024,2,OneHot,20,0.1519259094446897,0.07185565456748,0.0571362610533833,0.92125,0.926875,2.1020673370361327,2.00213484287262,-0.0248172233020886,0.8686764154480691,0.6684034495688039,0.3560134168819221,0.6909107105069192
2024,2,OneHot,21,0.1594024442136287,0.0738690197467804,0.0604757057875394,0.921875,0.9159375,2.0983392810821533,1.936773154735565,-0.0070987253077328,,,,
2024,2,OneHot,22,0.155386139601469,0.0761101388186216,0.0563298830389976,0.9246875,0.921875,2.0838675713539123,1.9737610244750976,0.0133159039728343,,,,
2024,2,OneHot,23,0.1534461206197738,0.07222361035645,0.0575202092155814,0.923125,0.9246875,2.0589076328277587,2.038257160186768,0.0165286806598305,,,,
2024,2,OneHot,24,0.1489935885369777,0.0728029278665781,0.0549007341265678,0.9209375,0.926875,2.063655846118927,2.0198425817489625,0.0466133277071639,,,,
2024,2,OneHot,25,0.1438593731820583,0.0679596178606152,0.0558051605150103,0.925625,0.9240625,2.145796103477478,2.024492268562317,0.0358859667833894,0.8496707911511062,0.6506876640419949,0.0090828024352563,0.5896376818221238
2024,3,ESM2,1,0.952257524728775,0.2513840499520302,0.2097007447481155,0.511875,0.4971875,0.0002400515507906,-0.0058766514062881,0.0011245699389837,,,,
2024,3,ESM2,2,0.8037442708015442,0.2270570665597915,0.1777255493402481,0.53375,0.538125,0.0488173340260982,0.0357717901468277,0.0353613120643422,,,,
2024,3,ESM2,3,0.7176425659656525,0.2231375396251678,0.1714893382787704,0.568125,0.5915625,0.0506891191005706,0.1233863515034318,0.0613483698293566,,,,
2024,3,ESM2,4,0.5858580869436264,0.2111567634344101,0.1570784732699394,0.5959375,0.6640625,0.130973031334579,0.2607819603383541,0.115847157407552,,,,
2024,3,ESM2,5,0.4796129763126373,0.1919102907180786,0.1389638738334179,0.6659375,0.731875,0.2966925470530986,0.4352312622964382,0.1083602501451969,0.7664131983502064,0.5993220847394076,0.5749738327318514,0.6154221679084048
2024,3,ESM2,6,0.390042815208435,0.1697239869832992,0.1190043811500072,0.730625,0.806875,0.4997507280111313,0.6979034876823426,0.1187370507419109,,,,
2024,3,ESM2,7,0.3554410433769226,0.1579910427331924,0.1102718523144722,0.7671875,0.81875,0.6707215726375579,0.8302277135848999,0.1262540307827294,,,,
2024,3,ESM2,8,0.3247618913650513,0.1470884135365486,0.1007712635397911,0.7971875,0.845,0.782512172460556,1.0336691319942477,0.1145926591567695,,,,
2024,3,ESM2,9,0.3111218723654747,0.1417955051362514,0.0994931198656559,0.79875,0.8496875,0.9019448173046112,1.0163855898380278,0.1193541707005351,,,,
2024,3,ESM2,10,0.2975885441899299,0.1385478949546814,0.0939713917672634,0.8128125,0.87,0.9613403809070588,1.0869720494747162,0.1470262697711587,0.8431976002999625,0.6232710911136109,0.6153598649886163,0.6728291369306907
2024,3,ESM2,11,0.291768846809864,0.1355977182090282,0.092420752197504,0.815,0.8665625,0.9583270299434662,1.215245739221573,0.0963225609064102,,,,
2024,3,ESM2,12,0.2814253035187721,0.1309353829920292,0.0896577110141515,0.8228125,0.8771875,1.0065378665924072,1.268627517223358,0.0953436297451844,,,,
2024,3,ESM2,13,0.2690298843383789,0.1266196466982364,0.0862924656271934,0.83125,0.878125,1.1011073207855224,1.270189675092697,0.0835159353725612,,,,
2024,3,ESM2,14,0.2683557012677193,0.1256044030189514,0.087908691689372,0.8346875,0.873125,1.1451361846923829,1.2562380290031434,0.1450078668259084,,,,
2024,3,ESM2,15,0.2591906359791756,0.12028085231781,0.0855427584797143,0.8409375,0.8765625,1.1792844033241272,1.3410428047180176,0.1249782229028642,0.876013498312711,0.611050618672666,0.6598818162114352,0.6238548300246727
2024,3,ESM2,16,0.2637140622735023,0.1232682217657566,0.0870569080114364,0.836875,0.8734375,1.13373477101326,1.2874174511432648,0.0807810147013515,,,,
2024,3,ESM2,17,0.2560686460137367,0.1185486927628517,0.0845875450223684,0.84625,0.875,1.2560580444335938,1.4013596534729005,0.0131678804568946,,,,
2024,3,ESM2,18,0.2549303808808327,0.1205476270616054,0.0843936780840158,0.8403125,0.8778125,1.212716850042343,1.3423988342285156,0.0480144114326685,,,,
2024,3,ESM2,19,0.2493634012341499,0.116002771705389,0.0842287549376487,0.8521875,0.8803125,1.2715280032157898,1.358460247516632,0.1571270848251879,,,,
2024,3,ESM2,20,0.242725042104721,0.1156402909755706,0.0797335094958543,0.853125,0.8859375,1.228532028198242,1.4538543272018432,0.0668340359255671,0.8804169478815149,0.6301282339707538,0.7138920521210844,0.6284765775307043
2024,3,ESM2,21,0.2457402569055557,0.1155463568866252,0.0809219789505004,0.8409375,0.88625,1.3013541853427888,1.4161502933502197,0.0851991607714444,,,,
2024,3,ESM2,22,0.2375628651678562,0.1092975372076034,0.0808053625375032,0.8596875,0.8909375,1.3230590057373046,1.4423280715942384,0.0823099130298942,,,,
2024,3,ESM2,23,0.230802181661129,0.1098553955554962,0.0768970909714698,0.8584375,0.8890625,1.4086900901794437,1.4909342646598815,0.0793716979026794,,,,
2024,3,ESM2,24,0.2266660299897193,0.108592467457056,0.0771320924907922,0.8625,0.8875,1.3762338995933532,1.4676626110076905,0.1379429455008357,,,,
2024,3,ESM2,25,0.2282528635859489,0.1043078263103962,0.0793789925426244,0.8684375,0.8878125,1.522927498817444,1.4764670872688292,0.0577687545877415,0.8749516310461193,0.6275725534308212,0.6201445555571887,0.5997730930195613
2024,3,Fusion-ESM2,1,0.7449226611852646,0.2288432222604751,0.1794810488820076,0.55125,0.5996875,0.0707534698396921,0.2007419435307383,0.0179001294652698,,,,
2024,3,Fusion-ESM2,2,0.4362382161617279,0.1726931193470955,0.1336178962886333,0.7234375,0.7559375,0.4779801398515701,0.6354052889347076,0.1094767840579152,,,,
2024,3,Fusion-ESM2,3,0.3080898657441139,0.1354888448119163,0.103903214931488,0.8203125,0.840625,0.8905421650409698,1.0839253485202789,0.1688005206780508,,,,
2024,3,Fusion-ESM2,4,0.2646378180384636,0.1188748335838317,0.0923003858327865,0.856875,0.8621875,1.1180422735214233,1.2658843111991882,0.0933813560963608,,,,
2024,3,Fusion-ESM2,5,0.2446542125940322,0.1070048148930072,0.0887254326790571,0.8728125,0.8728125,1.3410534143447876,1.35305992603302,0.1230130328703671,0.8548121484814399,0.6194075740532434,0.6986459194619041,0.7154789472495077
2024,3,Fusion-ESM2,6,0.2224969425797462,0.0997032709419727,0.0802117505669593,0.88,0.8809375,1.52446923494339,1.5228786706924438,0.0525955897103995,,,,
2024,3,Fusion-ESM2,7,0.2161823265254497,0.0967545653134584,0.0785439097136259,0.8890625,0.8871875,1.5841710257530213,1.5840654587745666,0.0139575782418251,,,,
2024,3,Fusion-ESM2,8,0.2105283525586128,0.0950325928628444,0.0767796643823385,0.8878125,0.889375,1.6380156922340392,1.604794554710388,0.1031100927852094,,,,
2024,3,Fusion-ESM2,9,0.1965603080391884,0.0879608099162578,0.0733721481263637,0.9034375,0.8921875,1.7153994202613831,1.6789460253715516,0.051834674696438,,,,
2024,3,Fusion-ESM2,10,0.1907325783371925,0.0892629493772983,0.068741789907217,0.9059375,0.900625,1.712620873451233,1.841961777210236,-0.0388485636468976,0.8668286464191977,0.6405609298837646,0.6667750144881921,0.5632856127087862
2024,3,Fusion-ESM2,11,0.18515610024333,0.0866766995191574,0.0679649424552917,0.903125,0.900625,1.7781321692466736,1.787060124874115,0.062256241608411,,,,
2024,3,Fusion-ESM2,12,0.1778329348564148,0.0797473459690809,0.0682830607891082,0.9146875,0.9025,1.8548742508888243,1.8122700810432435,0.0510793970152735,,,,
2024,3,Fusion-ESM2,13,0.1760409028828144,0.0814360570162534,0.0647226363420486,0.9153125,0.9071875,1.905536880493164,1.943879284858704,0.0235375258116982,,,,
2024,3,Fusion-ESM2,14,0.1722967173159122,0.080969752818346,0.0648762053251266,0.9121875,0.9078125,1.8849598479270933,1.8984734106063843,0.0516986957401968,,,,
2024,3,Fusion-ESM2,15,0.1737096257507801,0.0819662619382143,0.064143163524568,0.91375,0.906875,1.903215563297272,1.9494494700431824,0.0473766347113996,0.8628811398575179,0.6746546681664792,0.6826699187498907,0.7814807449672208
2024,3,Fusion-ESM2,16,0.1666989678144455,0.0789945738762617,0.0627066612616181,0.9125,0.9153125,1.9323977732658384,1.9755046200752255,0.0805451511405408,,,,
2024,3,Fusion-ESM2,17,0.1593962913751602,0.0761695910990238,0.0592584472894668,0.9203125,0.9121875,1.9478742051124571,2.05122299194336,0.0519187411823077,,,,
2024,3,Fusion-ESM2,18,0.1554685693979263,0.0710732745379209,0.0611118425428867,0.9259375,0.9125,2.063922522068024,2.0044031500816346,0.0772644991194829,,,,
2024,3,Fusion-ESM2,19,0.1554068267345428,0.0756876427680253,0.0571917903423309,0.9196875,0.9178125,2.0580181646347047,2.0861268925666807,0.0073556347424164,,,,
2024,3,Fusion-ESM2,20,0.1572629922628402,0.0746684477850794,0.0586137782782316,0.916875,0.9175,2.0239832758903504,2.140862390995025,0.0496431317273527,0.8551601049868767,0.6530573678290214,0.5764335688375176,0.5241223838418877
2024,3,Fusion-ESM2,21,0.1589664530754089,0.0755391909927129,0.0590666010230779,0.9203125,0.91625,2.075107228755951,2.0578720664978025,0.0233198253135196,,,,
2024,3,Fusion-ESM2,22,0.152073657810688,0.0749406049400568,0.0553473876789212,0.9165625,0.9234375,2.0150566792488096,2.153700649738312,0.0250150027684867,,,,
2024,3,Fusion-ESM2,23,0.1528652231395244,0.0740154428780078,0.0566074443235993,0.9246875,0.92,2.0772401452064515,2.1828350615501404,0.0058043649501632,,,,
2024,3,Fusion-ESM2,24,0.1512555794417858,0.0724884976074099,0.0562221302464604,0.92625,0.9196875,2.1296687841415407,2.1706593203544617,-0.0207622913364321,,,,
2024,3,Fusion-ESM2,25,0.1456099738180637,0.0712554933875799,0.0539920795708894,0.921875,0.92375,2.1548320865631103,2.238589859008789,0.0464891283679753,0.8611833520809898,0.6721109861267341,0.5415620952021585,0.7510745113749082
2024,3,OneHot,1,0.8052438724040986,0.2366867512464523,0.2079236131906509,0.5321875,0.55,0.1204770235717296,0.1463239672780037,-0.0579472426790744,,,,
2024,3,OneHot,2,0.4685326689481735,0.1802197846770286,0.1428488054871559,0.696875,0.718125,0.3855848768353462,0.5648522683978081,0.0563028862164355,,,,
2024,3,OneHot,3,0.327742822766304,0.1373651757836342,0.1102340281009674,0.821875,0.8190625,0.8325867533683777,0.9806696963310242,0.1160466943425126,,,,
2024,3,OneHot,4,0.2708505856990814,0.1112846900522708,0.0986002174019813,0.86875,0.8484375,1.196187653541565,1.1895513868331908,0.0104676562035456,,,,
2024,3,OneHot,5,0.2504349660873413,0.1080460987985134,0.0910146827995777,0.8696875,0.8653125,1.243468279838562,1.2752449142932891,0.0192220089770853,0.8540862392200975,0.6349336332958381,0.5765957617381472,0.7256143584469452
2024,3,OneHot,6,0.2264573192596435,0.1013029295206069,0.0817833159863948,0.8871875,0.876875,1.3873869943618775,1.3950604820251464,0.0472834622126538,,,,
2024,3,OneHot,7,0.219244916588068,0.098354353159666,0.0793748494237661,0.884375,0.886875,1.396886713504791,1.4795014834403992,0.0226991038117557,,,,
2024,3,OneHot,8,0.1988021793961525,0.087860441878438,0.074514365196228,0.905,0.9009375,1.5830400347709657,1.5838852524757383,0.0860170531203039,,,,
2024,3,OneHot,9,0.1956524378061294,0.0919327023625373,0.0691767987608909,0.899375,0.904375,1.5751445364952088,1.6906414175033568,0.0414566003158688,,,,
2024,3,OneHot,10,0.1924330927431583,0.0919131077080965,0.0674802503734827,0.8975,0.9115625,1.6264689779281616,1.7251966953277589,0.0092595189157873,0.8598995125609299,0.6420427446569179,0.6613415523171013,0.5943405126177347
2024,3,OneHot,11,0.1820705714821815,0.0867106439918279,0.0652790749818086,0.904375,0.9096875,1.6920717453956604,1.7404261422157288,0.0311069595441222,,,,
2024,3,OneHot,12,0.1746776522696018,0.0807839951664209,0.0645282699167728,0.9178125,0.9121875,1.7702099227905272,1.8249846029281616,0.0021666618622839,,,,
2024,3,OneHot,13,0.1784610402584076,0.0824098964035511,0.0652902387082576,0.9140625,0.9084375,1.7342180395126343,1.850395770072937,0.0195510630309581,,,,
2024,3,OneHot,14,0.1748878721892833,0.0797439617663621,0.0661917069554328,0.916875,0.9090625,1.8311243915557864,1.8449140667915345,0.0052041692804778,,,,
2024,3,OneHot,15,0.1741376768052578,0.0817737488448619,0.0639927703142166,0.9128125,0.9090625,1.843403811454773,1.913825044631958,0.0378880659118294,0.8603854518185228,0.6552050993625798,0.6961319295021456,0.6022055917069463
2024,3,OneHot,16,0.1662267416715622,0.0770446609705686,0.0627031505107879,0.91875,0.914375,1.8959902286529544,1.8762491178512573,0.0124282969918567,,,,
2024,3,OneHot,17,0.1637459890544414,0.0758196099847555,0.0619017779082059,0.92125,0.915625,1.9018977403640749,1.9240770649909973,0.0403400321630761,,,,
2024,3,OneHot,18,0.1627108469605445,0.0760501564294099,0.0617653239145875,0.91625,0.916875,1.9289823007583615,1.9697517228126529,0.0393574487091973,,,,
2024,3,OneHot,19,0.1644419948756695,0.0786695682257414,0.0594453995302319,0.9165625,0.9240625,1.922085416316986,1.996536784172058,0.0166029144264757,,,,
2024,3,OneHot,20,0.1502558480203151,0.0726200141012668,0.05549260109663,0.9225,0.929375,1.940622789859772,2.0274773836135864,-0.008646493818378,0.8548841394825648,0.6646479190101238,0.6036008796929718,0.5743940233811777
2024,3,OneHot,21,0.15261443734169,0.0716425108909606,0.0575323901325464,0.92625,0.9253125,2.038609547615051,2.0421359014511107,0.0611198310926556,,,,
2024,3,OneHot,22,0.1529887518286705,0.0753703223913908,0.0549020013585686,0.921875,0.924375,1.9742589020729064,2.1003819942474364,0.0245898802718147,,,,
2024,3,OneHot,23,0.152119167894125,0.0744087861478328,0.0558005818724632,0.926875,0.9259375,2.0171637678146364,2.059443979263305,0.0088212354667484,,,,
2024,3,OneHot,24,0.1491930794715881,0.0726149955391883,0.0557508623972535,0.9253125,0.921875,2.035067718029022,2.0723518037796023,0.0383683477295562,,,,
2024,3,OneHot,25,0.1483319741487503,0.0694932965561747,0.057115560658276,0.9278125,0.9246875,2.0835848450660706,2.1219561553001403,0.0246052132546901,0.8676805399325086,0.6619482564679415,0.5466711715719902,0.6030164246027413
2024,4,ESM2,1,0.9537255179882048,0.2487369826436042,0.1996673202514648,0.4784375,0.493125,0.006440062969923,-0.0021158364787697,-0.0125437516253441,,,,
2024,4,ESM2,2,0.822682591676712,0.226557642519474,0.1839842504262924,0.4990625,0.531875,0.0379225498437881,0.0483350767940282,0.007077228478156,,,,
2024,4,ESM2,3,0.7210192334651947,0.219000577032566,0.1736909249424934,0.546875,0.580625,0.0739527732878923,0.1295099930465221,0.0830819948716089,,,,
2024,4,ESM2,4,0.5991027897596359,0.2103375777602195,0.15901999771595,0.585,0.6515625,0.1481282498687505,0.2667637811601162,0.0739649398974143,,,,
2024,4,ESM2,5,0.4729012286663055,0.1895217177271843,0.1378764434158802,0.6671875,0.7278125,0.3181899382919073,0.4804843497276306,0.1285523814137559,0.7382467191601051,0.5941447319085115,0.5543753343518951,0.5891511820846468
2024,4,ESM2,6,0.4084450262784957,0.1726476690173149,0.1229574163258075,0.7203125,0.7871875,0.5049893122911453,0.7315796035528183,0.1667858225805684,,,,
2024,4,ESM2,7,0.3642326295375824,0.1616462433338165,0.1103344659507274,0.7546875,0.8171875,0.6205403792858124,0.9340619122982026,0.1777004109602421,,,,
2024,4,ESM2,8,0.3346665135025978,0.1505795176327228,0.1035732570290565,0.7746875,0.8365625,0.7560104417800904,1.0338046848773956,0.1215288099646568,,,,
2024,4,ESM2,9,0.3159477737545967,0.1478138199448585,0.0961196690797805,0.788125,0.851875,0.8071506547927857,1.115042040348053,0.1520336956530809,,,,
2024,4,ESM2,10,0.3154664069414138,0.146096656024456,0.0972209876775741,0.7884375,0.8478125,0.8280796408653259,1.1200757098197938,0.116825107221357,0.8348106486689165,0.6003419572553431,0.6492581812201978,0.5870430165555798
2024,4,ESM2,11,0.2999060848355293,0.141850419640541,0.0915527148544788,0.800625,0.86875,0.8665898704528808,1.1962353992462158,0.0528655433934181,,,,
2024,4,ESM2,12,0.295519168972969,0.1384458655118942,0.0932272851467132,0.8021875,0.8528125,0.9061125910282136,1.1913362777233123,0.1625933928252197,,,,
2024,4,ESM2,13,0.2949639829993248,0.1353312502801418,0.0942707622051239,0.8134375,0.853125,0.9375866377353668,1.2117178666591644,0.1747079034634225,,,,
2024,4,ESM2,14,0.271474737226963,0.1296768096089363,0.0865787997096776,0.82625,0.8675,1.0139710426330566,1.308666836023331,0.1687321512773633,,,,
2024,4,ESM2,15,0.2776412588357925,0.1327604405581951,0.0875134629011154,0.823125,0.870625,1.0033475637435914,1.3185318744182586,0.1777603658288717,0.8777532808398949,0.5999280089988752,0.6669372073888218,0.5086354755322032
2024,4,ESM2,16,0.2671818861365318,0.1290055154263973,0.0836287251114845,0.8253125,0.87875,1.043365387916565,1.3672648334503177,0.1505025516822934,,,,
2024,4,ESM2,17,0.2614203348755836,0.1263122802972793,0.0828788606077432,0.828125,0.87875,1.1053099489212037,1.4064173579216004,0.0738079926697537,,,,
2024,4,ESM2,18,0.2581411883234977,0.1219125613570213,0.0845533940196037,0.8359375,0.876875,1.1267573642730713,1.4044536876678466,0.1158753394801169,,,,
2024,4,ESM2,19,0.2495486336946487,0.117967794984579,0.0818682939559221,0.8490625,0.88,1.2208310270309448,1.4107346963882446,0.1538378798216581,,,,
2024,4,ESM2,20,0.2554579892754555,0.1197732609510421,0.0827082824707031,0.8465625,0.87875,1.2213065600395203,1.42141389131546,0.0891082650981843,0.8927034120734909,0.6235110611173603,0.7700107957389181,0.6079625052670907
2024,4,ESM2,21,0.2508236521482467,0.1170924454927444,0.0834611628949642,0.8546875,0.8790625,1.1947158014774322,1.3923774719238282,0.1924098456650972,,,,
2024,4,ESM2,22,0.2416329449415206,0.1161053588986396,0.079381757825613,0.851875,0.8840625,1.2663245820999145,1.4269971442222595,0.1332694076746702,,,,
2024,4,ESM2,23,0.2421258568763732,0.1131625175476074,0.0808401025086641,0.851875,0.8846875,1.302152888774872,1.49884060382843,0.0182878609327599,,,,
2024,4,ESM2,24,0.2421944016218185,0.1166790810227394,0.0794959147274494,0.85125,0.885625,1.2913876032829286,1.4560665738582612,0.1447138633821305,,,,
2024,4,ESM2,25,0.2431334057450294,0.1174875739216804,0.0806222120672464,0.8540625,0.8809375,1.2680261147022247,1.481302101612091,0.2652452936768532,0.88933183352081,0.6265166854143233,0.775038775658435,0.6027731747340027
2024,4,Fusion-ESM2,1,0.7247397226095199,0.2368203878402709,0.1728749749064445,0.54875,0.611875,0.070120748989284,0.2280361645668745,0.01862244611606,,,,
2024,4,Fusion-ESM2,2,0.44836310505867,0.1820006376504898,0.1314802555739879,0.6940625,0.7546875,0.4423108348250389,0.630974544286728,0.0634592810599133,,,,
2024,4,Fusion-ESM2,3,0.3148304459452629,0.1399469950795173,0.1020314654707908,0.805625,0.8415625,0.8579353845119476,1.027855632305145,0.0818444643635302,,,,
2024,4,Fusion-ESM2,4,0.2865437969565391,0.1262607523798942,0.0974530284106731,0.8403125,0.84625,1.0898205518722537,1.1583004367351533,0.1053016465523978,,,,
2024,4,Fusion-ESM2,5,0.251666042804718,0.1130806446075439,0.0876852452009916,0.8628125,0.8709375,1.2026393687725068,1.284087640047073,0.0319518228899687,0.8253918260217474,0.6139242594675666,0.4191875516771425,0.7780752468048816
2024,4,Fusion-ESM2,6,0.2334409266710281,0.1049478608369827,0.0830840350687503,0.876875,0.8803125,1.412086203098297,1.3875140738487244,-0.000918998811976,,,,
2024,4,Fusion-ESM2,7,0.2347307068109512,0.103546190187335,0.0838229662179946,0.880625,0.88375,1.4424559020996093,1.3726796507835388,0.0432664275728166,,,,
2024,4,Fusion-ESM2,8,0.2181106227636337,0.0973793368786573,0.0803116243332624,0.8865625,0.8840625,1.527491235733032,1.4104217386245728,0.0404872535727918,,,,
2024,4,Fusion-ESM2,9,0.2107729244232177,0.0956712998449802,0.0766742050647735,0.8896875,0.8884375,1.581337523460388,1.544594838619232,0.0517831668443977,,,,
2024,4,Fusion-ESM2,10,0.2042486804723739,0.0897948039323091,0.0771542957425117,0.898125,0.8834375,1.6850008893013,1.5485387969017028,0.0952373993489891,0.8640569928758907,0.6232050993625797,0.4397860500570987,0.7320199383237258
2024,4,Fusion-ESM2,11,0.1967573745548725,0.0904301181435585,0.0718426667153835,0.895625,0.8975,1.7004425501823426,1.595332038402557,0.0265833656303584,,,,
2024,4,Fusion-ESM2,12,0.1936544550955295,0.0892399737238884,0.0708249676972627,0.9009375,0.8965625,1.7849015641212462,1.6561762046813966,0.0374249516171403,,,,
2024,4,Fusion-ESM2,13,0.1879608510434627,0.0859552697092294,0.0693644058704376,0.905625,0.90625,1.8433062648773195,1.7051702952384948,0.0607305953372269,,,,
2024,4,Fusion-ESM2,14,0.1808889570832252,0.0828432641923427,0.0682147320359945,0.90875,0.909375,1.8308083057403564,1.6706817436218262,0.048792414618656,,,,
2024,4,Fusion-ESM2,15,0.1795996138453483,0.0855624934285879,0.0650152467191219,0.9078125,0.91,1.8999561977386477,1.7747078132629397,0.0531926387827843,0.8496947881514811,0.647886014248219,0.142729752554028,0.7277225239760121
2024,4,Fusion-ESM2,16,0.1773308785259723,0.0840519747883081,0.0645693723112344,0.9084375,0.910625,1.8629996991157527,1.838439853191376,0.0485135807626647,,,,
2024,4,Fusion-ESM2,17,0.176529391258955,0.0829904193431139,0.0654102569818496,0.9090625,0.905625,1.882174715995789,1.7748171734809874,0.0084615971893072,,,,
2024,4,Fusion-ESM2,18,0.180169316381216,0.082506456375122,0.0672976814210414,0.9078125,0.9059375,1.8636864709854128,1.810661389827728,0.0361738726589828,,,,
2024,4,Fusion-ESM2,19,0.1708681181073189,0.0801892951875925,0.0631090922653675,0.9103125,0.913125,1.9393335318565368,1.868082640171051,-0.0298470792872831,,,,
2024,4,Fusion-ESM2,20,0.1654750399291515,0.0790139170736074,0.0610651988536119,0.914375,0.9165625,1.973592414855957,1.8387402033805849,0.0445677065878408,0.8652568428946382,0.6872290963629547,0.3067878715408454,0.6860457131321492
2024,4,Fusion-ESM2,21,0.1612828163802623,0.0771721985191106,0.0596911176294088,0.92,0.91625,2.0064321851730345,1.911738338470459,0.0194057506695389,,,,
2024,4,Fusion-ESM2,22,0.1572283607721328,0.0721821649372577,0.0608816773816943,0.9225,0.9209375,2.0295895552635197,1.920117602348328,0.0266304588527418,,,,
2024,4,Fusion-ESM2,23,0.1625708019733429,0.0752459020912647,0.0608728747442364,0.9225,0.92,2.065704896450043,1.9510364365577697,0.0285675463511142,,,,
2024,4,Fusion-ESM2,24,0.1594910125434398,0.0756088402494788,0.0597921208292245,0.923125,0.9165625,2.039570252895355,1.9402593278884888,0.0119270615372806,,,,
2024,4,Fusion-ESM2,25,0.1561641108989715,0.0739697723835706,0.0597840507701039,0.925,0.9184375,2.01334000825882,1.9339847111701964,0.0897038275934755,0.8563179602549683,0.6531953505811775,0.1295921276030322,0.6009893423632537
2024,4,OneHot,1,0.8858416414260865,0.2562405952811241,0.1941558149456977,0.5259375,0.5434375,0.0467491221427917,0.0630947218835353,-0.0297978424374014,,,,
2024,4,OneHot,2,0.4851478815078735,0.1839598652720451,0.1441070409119129,0.6878125,0.708125,0.4791582389175892,0.4348899659514427,0.0869934868020936,,,,
2024,4,OneHot,3,0.3282116791605949,0.1369198608398437,0.1092164853215217,0.8140625,0.8203125,1.0915526056289673,0.9603185367584228,0.068151043318212,,,,
2024,4,OneHot,4,0.2770937377214432,0.1203852804005146,0.0965304331481456,0.845,0.85,1.344431644678116,1.185885829925537,0.125411997786723,,,,
2024,4,OneHot,5,0.2515512147545815,0.1075912204384803,0.0901412867009639,0.8721875,0.8634375,1.4580929279327393,1.3742840385437012,-0.0090276831993833,0.8768053993250844,0.6308301462317211,0.5822725132601824,0.7008839551251977
2024,4,OneHot,6,0.2323245838284492,0.1000456877797842,0.0843394587934017,0.8821875,0.8690625,1.5974098706245423,1.4844266951084135,0.0079414898576214,,,,
2024,4,OneHot,7,0.2150480273365974,0.0956572720408439,0.078496064543724,0.89125,0.8815625,1.6145590353012085,1.5244530487060546,0.071514688222669,,,,
2024,4,OneHot,8,0.2053544701635837,0.0919715898483991,0.074671776369214,0.8946875,0.8909375,1.777396433353424,1.6706585001945495,0.0085760731063783,,,,
2024,4,OneHot,9,0.2010943627357483,0.0911547547578811,0.0740194764733314,0.8959375,0.896875,1.7817725729942322,1.672646722793579,0.0475554692372679,,,,
2024,4,OneHot,10,0.18968380600214,0.0850392486155033,0.070870264545083,0.90375,0.903125,1.837749960422516,1.7470332264900208,0.0573044418822974,0.8526284214473192,0.6459422572178478,0.4546267004647051,0.4943648165662113
2024,4,OneHot,11,0.1892609551548957,0.0880187450349331,0.068208594545722,0.9,0.905,1.867942099571228,1.8108720660209656,-0.0111916860751807,,,,
2024,4,OneHot,12,0.1825510554015636,0.0832059200108051,0.0675479803979396,0.91,0.900625,1.959573938846588,1.907640316486359,0.0281723563745617,,,,
2024,4,OneHot,13,0.1822063490748405,0.0820688357949256,0.0678207034617662,0.9175,0.9021875,2.028818817138672,1.80549307346344,0.0252986766397953,,,,
2024,4,OneHot,14,0.167779394686222,0.07971798107028,0.0622182140499353,0.909375,0.91,1.9686875700950623,1.9370755243301392,0.0272848271392285,,,,
2024,4,OneHot,15,0.1708430686593055,0.0794491526484489,0.0634316909313201,0.9159375,0.9121875,1.9856032085418704,1.99936292886734,0.0612954556383192,0.8661447319085116,0.6561709786276716,0.4366232884948219,0.6446932354466043
2024,4,OneHot,16,0.168480706512928,0.0788756503164768,0.062051587998867,0.91625,0.9196875,2.013193337917328,2.0160432720184325,0.0283556032431079,,,,
2024,4,OneHot,17,0.1728193062543869,0.0796130088716745,0.0639319106191396,0.91375,0.9153125,2.017497806549072,2.003820691108704,0.0538267998117953,,,,
2024,4,OneHot,18,0.1626534639298915,0.0758237678557634,0.060903945825994,0.9165625,0.9140625,2.0196694707870484,2.0975255227088927,-0.0175281724892556,,,,
2024,4,OneHot,19,0.1646666499972343,0.076585993990302,0.0617595070600509,0.9146875,0.9125,2.051171145439148,2.0280984473228454,0.0306516222050413,,,,
2024,4,OneHot,20,0.162491774559021,0.0770682766288518,0.0594882871955633,0.919375,0.913125,1.9972201323509216,2.088321504592896,0.0262745805224403,0.8568158980127485,0.6617622797150358,0.499554133939098,0.5453662057117168
2024,4,OneHot,21,0.1586379384994506,0.0758105981349945,0.0584107448905706,0.9253125,0.91625,2.1300963807106017,2.1083613896369933,0.0265338718891143,,,,
2024,4,OneHot,22,0.1532681256532669,0.0739183761179447,0.0569145795330405,0.9240625,0.9234375,2.062195065021515,2.1564407396316527,0.0351859916187822,,,,
2024,4,OneHot,23,0.150912198126316,0.0727667156979441,0.0551779717579484,0.9171875,0.926875,2.109472198486328,2.15942239522934,0.0343196438159793,,,,
2024,4,OneHot,24,0.1567153200507164,0.0745854475349187,0.0577914656326174,0.920625,0.9178125,2.1238148474693297,2.201352400779724,0.008577997945249,,,,
2024,4,OneHot,25,0.1498438654839992,0.0731731230765581,0.0552530504763126,0.9259375,0.921875,2.066518511772156,2.206628346443176,0.0413232305241399,0.8648908886389203,0.6613603299587552,0.5002840019919311,0.5538799511175643
2024,5,ESM2,1,0.946967921257019,0.2378023442625999,0.2090077781677246,0.4903125,0.500625,0.0007978580333292,-0.0159671077132225,0.0433253106463234,,,,
2024,5,ESM2,2,0.8157329034805297,0.2250015732645988,0.1842299291491508,0.4921875,0.534375,0.0123847471363842,0.0530928016453981,0.0242633848078548,,,,
2024,5,ESM2,3,0.7585468816757203,0.218658646941185,0.1792555925250053,0.525,0.56,0.0391099526826292,0.0901521335542201,0.0496588894771412,,,,
2024,5,ESM2,4,0.6202402645349503,0.2105624511837959,0.1638576936721801,0.575625,0.650625,0.1078919169306755,0.2686279303021729,0.059590266252635,,,,
2024,5,ESM2,5,0.4880018872022629,0.1919752991199493,0.1412039399147033,0.6625,0.7215625,0.2709952340647578,0.4695087307691574,0.094858812354505,0.7618297712785903,0.586339707536558,0.6034386867923422,0.6044759238151722
2024,5,ESM2,6,0.4172556072473526,0.1769703164696693,0.1242448292672634,0.7290625,0.785625,0.4301704180240631,0.6980796563625336,0.1808075881935656,,,,
2024,5,ESM2,7,0.3636775863170624,0.1612904247641563,0.1117285586893558,0.7603125,0.8165625,0.574365861415863,0.8663525199890136,0.1843788153864443,,,,
2024,5,ESM2,8,0.3332050824165344,0.1522491298615932,0.1021316832304,0.7859375,0.8378125,0.6976091730594635,1.0234917104244232,0.1860905038751661,,,,
2024,5,ESM2,9,0.3238824814558029,0.1482801200449466,0.0994835515320301,0.796875,0.8478125,0.742171094417572,1.1013823711872102,0.1348693214915692,,,,
2024,5,ESM2,10,0.3008633017539978,0.1413100658357143,0.094540396630764,0.803125,0.860625,0.799569696187973,1.1273377597332002,0.1746539887832477,0.838878140232471,0.6016557930258718,0.5529155982462289,0.6284765775307043
2024,5,ESM2,11,0.2967743954062461,0.1377744586765766,0.0934213112294674,0.8134375,0.8628125,0.875920033454895,1.212994931936264,0.0835786658711731,,,,
2024,5,ESM2,12,0.2892557036876678,0.1316127654910087,0.093825516551733,0.821875,0.8625,0.9431859350204468,1.2058304941654203,0.1098034651996567,,,,
2024,5,ESM2,13,0.2775477930903435,0.1267084744572639,0.0908581744134426,0.8340625,0.8725,0.99546409368515,1.328056423664093,0.0471420335769653,,,,
2024,5,ESM2,14,0.2737678918242454,0.1270937494933605,0.0891842221468687,0.8284375,0.87,0.9935940718650818,1.2860100531578065,0.152171413609758,,,,
2024,5,ESM2,15,0.276787768304348,0.1302816167473793,0.0895086751878261,0.8240625,0.8721875,1.0007615888118744,1.316592128276825,0.2362309178337454,0.8531203599550056,0.6259407574053244,0.639202221381164,0.6210979981789697
2024,5,ESM2,16,0.2660480239987373,0.1250937888026237,0.0859819383174181,0.8390625,0.8765625,1.058911850452423,1.3227817559242248,0.1068822322972118,,,,
2024,5,ESM2,17,0.257281886935234,0.1198891328275203,0.0852343740314245,0.8528125,0.8725,1.1052539181709289,1.3688238501548766,0.1379781728796661,,,,
2024,5,ESM2,18,0.251941596865654,0.1182493568956851,0.0825051535665988,0.8478125,0.8828125,1.1471913266181946,1.3872442841529846,0.0606078915810212,,,,
2024,5,ESM2,19,0.2517074665427208,0.1165397074818611,0.0837924106419086,0.85375,0.8784375,1.1842765760421754,1.3555926752090457,-0.0132828988961409,,,,
2024,5,ESM2,20,0.2575208589434624,0.1185977610945701,0.0851074370741844,0.8503125,0.8759375,1.1869420218467712,1.3790533018112183,0.0815153026557527,0.8662107236595427,0.6129283839520061,0.6778852281813181,0.5668532774502844
2024,5,ESM2,21,0.2541859668493271,0.120144338607788,0.084049494639039,0.8490625,0.87875,1.1596247839927674,1.368876805305481,0.2080269332043826,,,,
2024,5,ESM2,22,0.2471176692843437,0.1172588589787483,0.0820125716179609,0.8525,0.8853125,1.165611642599106,1.390316798686981,0.141122274165973,,,,
2024,5,ESM2,23,0.2530942475795746,0.1171521043777465,0.0858382960408926,0.8575,0.8821875,1.1823140799999237,1.3742244935035706,0.1582808991521597,,,,
2024,5,ESM2,24,0.2405157873034477,0.1126055152714252,0.0821380342543125,0.85875,0.8809375,1.2231240355968476,1.391822702884674,0.154167785719037,,,,
2024,5,ESM2,25,0.2337150658667087,0.109124499708414,0.0796866994351148,0.8665625,0.885625,1.2906625699996948,1.4505808663368225,0.0084859205037355,0.8741837270341207,0.6380652418447695,0.7321387534419119,0.7088301175039886
2024,5,Fusion-ESM2,1,0.8465546977519989,0.255880571603775,0.1884361755847931,0.51625,0.578125,0.0199173076078295,0.1661425445973873,-0.0076404855633154,,,,
2024,5,Fusion-ESM2,2,0.4583808624744415,0.1890058296918869,0.1286028061807155,0.6828125,0.7625,0.3855509704351425,0.6818725958466529,0.0403359965805429,,,,
2024,5,Fusion-ESM2,3,0.3209749260544777,0.1437985433638096,0.10109947219491,0.8059375,0.843125,0.9242662930488588,1.068742917776108,0.1166690287925303,,,,
2024,5,Fusion-ESM2,4,0.2665051147341728,0.1223593416810035,0.0889632981270551,0.8471875,0.868125,1.2021437883377075,1.2542961823940275,0.0825527890957892,,,,
2024,5,Fusion-ESM2,5,0.2428823602199554,0.110866795182228,0.0837340527027845,0.8621875,0.8746875,1.3857033634185791,1.3773543071746823,0.0637668805182329,0.8520224971878516,0.5875815523059618,0.4710081834282924,0.4510663399307583
2024,5,Fusion-ESM2,6,0.2317723715305328,0.1068445010483264,0.0794275183230638,0.8709375,0.885625,1.518412184715271,1.4476439833641053,0.061651489874348,,,,
2024,5,Fusion-ESM2,7,0.2152726697921753,0.0996179681271314,0.0768306572735309,0.885625,0.8884375,1.5985694408416748,1.471029155254364,0.1031793513428419,,,,
2024,5,Fusion-ESM2,8,0.2079299664497375,0.0978095448762178,0.0734431508183479,0.891875,0.894375,1.6005740785598754,1.5681938552856445,0.0089340315386652,,,,
2024,5,Fusion-ESM2,9,0.1974259223043918,0.0925310724973678,0.0702679951488971,0.8915625,0.9009375,1.7905638599395752,1.6336665296554564,0.0508981796354055,,,,
2024,5,Fusion-ESM2,10,0.196179184615612,0.0902935081720352,0.0710477385669946,0.904375,0.9046875,1.7753592705726624,1.670858964920044,0.023410315712681,0.8546981627296589,0.6456482939632546,0.3090585721496595,0.4175789413344248
2024,5,Fusion-ESM2,11,0.1819042913615703,0.0873448636382818,0.0656105737388134,0.9071875,0.905625,1.8185630941390991,1.7326279306411745,0.0564867772255092,,,,
2024,5,Fusion-ESM2,12,0.186608275771141,0.0873577261716127,0.0679196866601705,0.9046875,0.9059375,1.890335626602173,1.778139915466309,0.0653952270280569,,,,
2024,5,Fusion-ESM2,13,0.1817234724760055,0.0844411186873912,0.0668963741511106,0.9059375,0.900625,1.8913679671287535,1.7630583357810974,0.017171464273706,,,,
2024,5,Fusion-ESM2,14,0.1747678646445274,0.0835703424736857,0.0633158967271447,0.911875,0.9134375,1.9348675394058228,1.8652250695228576,0.0363472925918176,,,,
2024,5,Fusion-ESM2,15,0.1746613921225071,0.0855784717947244,0.0623260604590177,0.9115625,0.91625,1.9141556167602536,1.8723471426963807,0.0434349744580686,0.8524904386951632,0.6612823397075367,0.4647637567540536,0.6384498221489827
2024,5,Fusion-ESM2,16,0.1673392707109451,0.0795717318356037,0.0624046066403388,0.9115625,0.913125,1.9600772547721863,1.840773603916168,-0.0095633338019251,,,,
2024,5,Fusion-ESM2,17,0.1713283674418926,0.0842191276699304,0.0608340395987033,0.90125,0.9196875,1.8779107189178468,1.9396109008789064,0.1077853927674004,,,,
2024,5,Fusion-ESM2,18,0.1704626160860061,0.0796371213346719,0.0626566675305366,0.91125,0.913125,2.006905391216278,2.0156161546707154,0.0514105962240137,,,,
2024,5,Fusion-ESM2,19,0.162348483800888,0.0762366469949483,0.0627685841172933,0.916875,0.9071875,1.96289026260376,1.8966489481925963,0.0194708418473601,,,,
2024,5,Fusion-ESM2,20,0.1657104356586933,0.0757772778719663,0.0626084286347031,0.9175,0.9153125,2.1207359790802003,1.985301322937012,0.0616979037702549,0.869090363704537,0.6684994375703038,0.3856136212468199,0.7094787838206248
2024,5,Fusion-ESM2,21,0.1576291394233703,0.075081882700324,0.0589719814062118,0.9209375,0.916875,2.0447752928733824,1.987040877342224,0.0204270787723362,,,,
2024,5,Fusion-ESM2,22,0.1578787412494421,0.0770937030017376,0.0574494107812643,0.920625,0.92,2.109789342880249,1.9885003232955931,0.0567719881888479,,,,
2024,5,Fusion-ESM2,23,0.1518690556287765,0.0709547364711761,0.0580127737671136,0.9253125,0.9178125,2.163606519699097,2.0634312081336974,0.022773347425973,,,,
2024,5,Fusion-ESM2,24,0.1549505673348903,0.0757636103779077,0.0565505997836589,0.916875,0.921875,2.0996283674240117,2.082602636814117,0.1004834651201963,,,,
2024,5,Fusion-ESM2,25,0.1529228869080543,0.0727031496912241,0.0587001868337392,0.9225,0.9184375,2.149062867164612,2.020168914794922,0.076629331720178,0.8681784776902889,0.6771083614548181,0.6021411435873056,0.6653694742893767
2024,5,OneHot,1,0.7446505385637283,0.2254819005727767,0.1848595198988914,0.581875,0.596875,0.0895213570445776,0.1937036807462573,0.0051430765911936,,,,
2024,5,OneHot,2,0.4232110959291458,0.1708748495578765,0.1310577782988548,0.7315625,0.7575,0.4814600592851639,0.6358794510364533,0.1231146072223782,,,,
2024,5,OneHot,3,0.3163858938217163,0.1376333624124527,0.1042116524279117,0.82625,0.8415625,0.8550447869300842,0.9617782390117644,0.0608052168675931,,,,
2024,5,OneHot,4,0.2706006205081939,0.116881014406681,0.0952140702307224,0.854375,0.85875,1.18011754155159,1.128021318912506,0.0741656580730341,,,,
2024,5,OneHot,5,0.2411794359982013,0.108480015695095,0.0862226601690054,0.8628125,0.88125,1.2815644812583924,1.2690793251991273,0.150614413395524,0.8677585301837271,0.5480644919385077,0.5679995380047796,0.1645179945568054
2024,5,OneHot,6,0.2380686950683593,0.1072667546570301,0.0838442284613847,0.8690625,0.885625,1.397377107143402,1.310831871032715,0.0758146186545491,,,,
2024,5,OneHot,7,0.2215384499728679,0.1010402663052082,0.0791271010786295,0.885625,0.889375,1.4690379643440246,1.364721007347107,0.01912263546139,,,,
2024,5,OneHot,8,0.2099992302060127,0.099169353544712,0.0737919609248638,0.8803125,0.8996875,1.4974529337882996,1.4913261461257934,0.0588494648854248,,,,
2024,5,OneHot,9,0.202079576998949,0.0940052207559347,0.0721423798054456,0.894375,0.9059375,1.6115971159935,1.5413486337661744,0.0608655813126824,,,,
2024,5,OneHot,10,0.1866760593652725,0.0858250043541193,0.0688515355437994,0.901875,0.905625,1.7284950947761537,1.607354154586792,0.0513981913344468,0.8410318710161231,0.6122924634420698,0.4761172597981241,0.3201979105494454
2024,5,OneHot,11,0.1881190347671509,0.0874213173985481,0.0683963321894407,0.9028125,0.913125,1.764202139377594,1.6616167187690736,0.048725172933191,,,,
2024,5,OneHot,12,0.183611292541027,0.0843396123498678,0.0680582547932863,0.9040625,0.905625,1.7972039270401,1.6960680317878722,0.0175666237378027,,,,
2024,5,OneHot,13,0.1785667431354522,0.0837325304746627,0.065377015992999,0.905625,0.9125,1.817668416500092,1.6964942526817322,0.0359336116048507,,,,
2024,5,OneHot,14,0.1816643764078617,0.0864763867110014,0.0650064373016357,0.9071875,0.911875,1.8216524410247803,1.7833896422386168,0.0565514955110847,,,,
2024,5,OneHot,15,0.1671798139810562,0.0758488687872886,0.0645828969031572,0.921875,0.91625,1.8762226438522336,1.78659245967865,0.0179141967068426,0.8681544806899139,0.6533333333333334,0.3975347994430939,0.5313387966144634
2024,5,OneHot,16,0.167569715231657,0.0763384655117988,0.0633144137263298,0.9171875,0.9165625,1.9644540381431577,1.815472238063812,-0.0028303672070614,,,,
2024,5,OneHot,17,0.1701816302537918,0.0777754809707403,0.0638290977105498,0.90625,0.9146875,1.9853959250450133,1.8544288516044616,0.0548148117098026,,,,
2024,5,OneHot,18,0.1650060373544693,0.07554074652493,0.0624771308153867,0.9228125,0.9178125,2.0783208775520325,1.862068922519684,0.0323168581305071,,,,
2024,5,OneHot,19,0.1661823822557926,0.0772958254814148,0.0628586208075284,0.9153125,0.918125,2.011319570541382,1.8934987497329712,0.022651445036754,,,,
2024,5,OneHot,20,0.1646937645971775,0.0776190656423568,0.0615366799384355,0.9121875,0.9178125,2.007387020587921,1.9351237320899963,0.050514437938109,0.885114360704912,0.660748406449194,0.7432489671350377,0.4187141073885378
2024,5,OneHot,21,0.1520841412246227,0.0735166626423597,0.0566755847260355,0.920625,0.9253125,1.967644145488739,1.97418662071228,0.0203155485074967,,,,
2024,5,OneHot,22,0.1561031121015548,0.0727096319943666,0.0590819284319877,0.9278125,0.9246875,2.1425088477134704,2.000612797737121,0.0026576593797653,,,,
2024,5,OneHot,23,0.1552825099229812,0.0734442772716283,0.0577448309585452,0.9259375,0.924375,2.0922978568077086,1.9778026366233823,0.0613780309539288,,,,
2024,5,OneHot,24,0.1579669691622257,0.0734235783666372,0.0600288556143641,0.9203125,0.9184375,2.0651780796051025,1.9864670610427857,0.0286724869906902,,,,
2024,5,OneHot,25,0.1509733927249908,0.0713011810183525,0.0568780420720577,0.9253125,0.92625,2.1063993644714354,2.016978347301483,0.0380813824746292,0.8634810648668917,0.6506576677915261,0.6574489227019916,0.6265305785807963
